date,PriceUSD,CapMVRVCur,CapMrktCurUSD,IssTotUSD,SplyCur
2010-01-01,,,,,1631300.0
2010-01-02,,,,,1637600.0
2010-01-03,,,,,1646900.0
2010-01-04,,,,,1655950.0
2010-01-05,,,,,1665850.0
2010-01-06,,,,,1674000.0
2010-01-07,,,,,1681700.0
2010-01-08,,,,,1689350.0
2010-01-09,,,,,1696900.0
2010-01-10,,,,,1706400.0
2010-01-11,,,,,1714350.0
2010-01-12,,,,,1722300.0
2010-01-13,,,,,1730500.0
2010-01-14,,,,,1737650.0
2010-01-15,,,,,1744700.0
2010-01-16,,,,,1750950.0
2010-01-17,,,,,1757500.0
2010-01-18,,,,,1763750.0
2010-01-19,,,,,1769950.0
2010-01-20,,,,,1777850.0
2010-01-21,,,,,1786600.0
2010-01-22,,,,,1793250.0
2010-01-23,,,,,1801250.0
2010-01-24,,,,,1808950.0
2010-01-25,,,,,1819500.0
2010-01-26,,,,,1829250.0
2010-01-27,,,,,1837450.0
2010-01-28,,,,,1846300.0
2010-01-29,,,,,1856150.0
2010-01-30,,,,,1866650.0
2010-01-31,,,,,1874900.0
2010-02-01,,,,,1884100.0
2010-02-02,,,,,1891350.0
2010-02-03,,,,,1904850.0
2010-02-04,,,,,1916300.0
2010-02-05,,,,,1927450.0
2010-02-06,,,,,1937050.0
2010-02-07,,,,,1947900.0
2010-02-08,,,,,1957900.0
2010-02-09,,,,,1968250.0
2010-02-10,,,,,1976650.0
2010-02-11,,,,,1985100.0
2010-02-12,,,,,1994250.0
2010-02-13,,,,,2005850.0
2010-02-14,,,,,2016250.0
2010-02-15,,,,,2025050.0
2010-02-16,,,,,2034800.0
2010-02-17,,,,,2046750.0
2010-02-18,,,,,2057150.0
2010-02-19,,,,,2066750.0
2010-02-20,,,,,2077150.0
2010-02-21,,,,,2088300.0
2010-02-22,,,,,2101300.0
2010-02-23,,,,,2113800.0
2010-02-24,,,,,2122350.0
2010-02-25,,,,,2130050.0
2010-02-26,,,,,2138650.0
2010-02-27,,,,,2147250.0
2010-02-28,,,,,2155050.0
2010-03-01,,,,,2164800.0
2010-03-02,,,,,2174200.0
2010-03-03,,,,,2181800.0
2010-03-04,,,,,2191050.0
2010-03-05,,,,,2199600.0
2010-03-06,,,,,2208450.0
2010-03-07,,,,,2217400.0
2010-03-08,,,,,2223650.0
2010-03-09,,,,,2230950.0
2010-03-10,,,,,2239050.0
2010-03-11,,,,,2245700.0
2010-03-12,,,,,2251750.0
2010-03-13,,,,,2259400.0
2010-03-14,,,,,2265650.0
2010-03-15,,,,,2272400.0
2010-03-16,,,,,2278700.0
2010-03-17,,,,,2285500.0
2010-03-18,,,,,2292500.0
2010-03-19,,,,,2300150.0
2010-03-20,,,,,2309750.0
2010-03-21,,,,,2318900.0
2010-03-22,,,,,2327850.0
2010-03-23,,,,,2338200.0
2010-03-24,,,,,2346750.0
2010-03-25,,,,,2356100.0
2010-03-26,,,,,2365950.0
2010-03-27,,,,,2374850.0
2010-03-28,,,,,2384150.0
2010-03-29,,,,,2393900.0
2010-03-30,,,,,2404650.0
2010-03-31,,,,,2415100.0
2010-04-01,,,,,2423500.0
2010-04-02,,,,,2431300.0
2010-04-03,,,,,2439350.0
2010-04-04,,,,,2447900.0
2010-04-05,,,,,2455550.0
2010-04-06,,,,,2463500.0
2010-04-07,,,,,2473150.0
2010-04-08,,,,,2482300.0
2010-04-09,,,,,2491750.0
2010-04-10,,,,,2504750.0
2010-04-11,,,,,2515900.0
2010-04-12,,,,,2526050.0
2010-04-13,,,,,2535500.0
2010-04-14,,,,,2544500.0
2010-04-15,,,,,2555300.0
2010-04-16,,,,,2565400.0
2010-04-17,,,,,2576450.0
2010-04-18,,,,,2588700.0
2010-04-19,,,,,2600300.0
2010-04-20,,,,,2610550.0
2010-04-21,,,,,2621500.0
2010-04-22,,,,,2629450.0
2010-04-23,,,,,2636950.0
2010-04-24,,,,,2645350.0
2010-04-25,,,,,2653250.0
2010-04-26,,,,,2661450.0
2010-04-27,,,,,2670450.0
2010-04-28,,,,,2679450.0
2010-04-29,,,,,2686800.0
2010-04-30,,,,,2694000.0
2010-05-01,,,,,2703150.0
2010-05-02,,,,,2710900.0
2010-05-03,,,,,2718850.0
2010-05-04,,,,,2725650.0
2010-05-05,,,,,2732500.0
2010-05-06,,,,,2739950.0
2010-05-07,,,,,2746550.0
2010-05-08,,,,,2754250.0
2010-05-09,,,,,2761400.0
2010-05-10,,,,,2767800.0
2010-05-11,,,,,2773350.0
2010-05-12,,,,,2779700.0
2010-05-13,,,,,2786100.0
2010-05-14,,,,,2792250.0
2010-05-15,,,,,2796800.0
2010-05-16,,,,,2802450.0
2010-05-17,,,,,2809600.0
2010-05-18,,,,,2818000.0
2010-05-19,,,,,2826200.0
2010-05-20,,,,,2836350.0
2010-05-21,,,,,2845150.0
2010-05-22,,,,,2854900.0
2010-05-23,,,,,2865450.0
2010-05-24,,,,,2874850.0
2010-05-25,,,,,2885350.0
2010-05-26,,,,,2896500.0
2010-05-27,,,,,2906100.0
2010-05-28,,,,,2917250.0
2010-05-29,,,,,2926450.0
2010-05-30,,,,,2933900.0
2010-05-31,,,,,2941000.0
2010-06-01,,,,,2947750.0
2010-06-02,,,,,2955100.0
2010-06-03,,,,,2962700.0
2010-06-04,,,,,2968950.0
2010-06-05,,,,,2976200.0
2010-06-06,,,,,2983600.0
2010-06-07,,,,,2991450.0
2010-06-08,,,,,2999450.0
2010-06-09,,,,,3007850.0
2010-06-10,,,,,3015850.0
2010-06-11,,,,,3024250.0
2010-06-12,,,,,3031000.0
2010-06-13,,,,,3039600.0
2010-06-14,,,,,3047650.0
2010-06-15,,,,,3056850.0
2010-06-16,,,,,3063950.0
2010-06-17,,,,,3071250.0
2010-06-18,,,,,3078750.0
2010-06-19,,,,,3086250.0
2010-06-20,,,,,3095500.0
2010-06-21,,,,,3103200.0
2010-06-22,,,,,3111000.0
2010-06-23,,,,,3120350.0
2010-06-24,,,,,3128800.0
2010-06-25,,,,,3136300.0
2010-06-26,,,,,3144250.0
2010-06-27,,,,,3153150.0
2010-06-28,,,,,3160750.0
2010-06-29,,,,,3169200.0
2010-06-30,,,,,3178300.0
2010-07-01,,,,,3188850.0
2010-07-02,,,,,3197200.0
2010-07-03,,,,,3207800.0
2010-07-04,,,,,3216100.0
2010-07-05,,,,,3225050.0
2010-07-06,,,,,3233500.0
2010-07-07,,,,,3241300.0
2010-07-08,,,,,3248850.0
2010-07-09,,,,,3258800.0
2010-07-10,,,,,3268700.0
2010-07-11,,,,,3277650.0
2010-07-12,,,,,3310600.0
2010-07-13,,,,,3345200.0
2010-07-14,,,,,3374100.0
2010-07-15,,,,,3405300.0
2010-07-16,,,,,3430550.0
2010-07-17,,,,,3439200.0
2010-07-18,0.08584,146.0383322,295959.152,738.224,3447800.0
2010-07-19,0.0808,62.56512971,279285.2,702.96,3456500.0
2010-07-20,0.0747357288135593,45.10663005,259000.40498983045,676.3583457627117,3465550.0
2010-07-21,0.0791928626534191,38.35756046,275266.47129701945,819.6461284628876,3475900.0
2010-07-22,0.0584697603740503,25.1323482,203749.57397545307,514.5338912916426,3484700.0
2010-07-23,0.0605928696668615,23.1909876,211735.7237638808,587.7508357685566,3494400.0
2010-07-24,0.05454,17.07191365,191099.979,515.403,3503850.0
2010-07-25,0.050540618351841,14.29480012,177670.48975406183,583.7441419637636,3515400.0
2010-07-26,0.056,12.57111018,197542.8,680.4,3527550.0
2010-07-27,0.058622016364699,12.41061061,207278.6565631209,486.5627358270017,3535850.0
2010-07-28,0.0589110987726476,11.86773641,208769.1518305085,468.3432352425484,3543800.0
2010-07-29,0.0699,13.54121185,248340.72,629.1,3552800.0
2010-07-30,0.064657381648159,12.03290217,230303.12769257755,588.3821729982469,3561900.0
2010-07-31,0.0675457989479836,12.05286591,241276.9711321448,685.5898593220336,3572050.0
2010-08-01,0.0611,10.44892297,218982.4,730.145,3584000.0
2010-08-02,0.06,9.9762043,215766.0,726.0,3596100.0
2010-08-03,0.0600121507890123,9.60461264,216490.8333638224,681.1379114552896,3607450.0
2010-08-04,0.0570157802454705,8.82883787,206374.31817650504,692.7417299824666,3619600.0
2010-08-05,0.061,9.19506028,221460.5,664.9,3630500.0
2010-08-06,0.0616713150204559,9.02581206,224350.99334716547,453.2841654003509,3637850.0
2010-08-07,0.0590039450613676,8.42875731,215104.78211572167,457.2805742255989,3645600.0
2010-08-08,0.0609,8.47702357,222622.995,605.955,3655550.0
2010-08-09,0.0704,9.28085443,258019.52,668.8,3665050.0
2010-08-10,0.0693387288135593,8.88387323,254792.092898305,662.1848601694912,3674600.0
2010-08-11,0.067,8.33793184,246978.75,780.55,3686250.0
2010-08-12,0.07,8.49787609,258797.0,759.5,3697100.0
2010-08-13,0.0645,7.56762836,239156.325,693.375,3707850.0
2010-08-14,0.0669964336645237,7.65189676,249354.0264559908,941.299892986558,3721900.0
2010-08-15,0.0651179322033898,7.26649664,243036.4024661016,673.9705983050844,3732250.0
2010-08-16,0.0655,7.13837504,244943.8,481.425,3739600.0
2010-08-17,0.07,7.50985867,262223.5,451.5,3746050.0
2010-08-18,0.068,7.14796434,255183.6,452.2,3752700.0
2010-08-19,0.0667,6.93168437,250755.315,450.225,3759450.0
2010-08-20,0.0655,6.69412905,246876.05,632.075,3769100.0
2010-08-21,0.0664,6.61775626,250842.6,574.36,3777750.0
2010-08-22,0.0659289888953828,6.41568722,249762.08508182343,698.8472822910577,3788350.0
2010-08-23,0.06491,6.22495622,246593.09,691.2915,3799000.0
2010-08-24,0.065,6.13247009,247633.75,698.75,3809750.0
2010-08-25,0.0648,6.02386076,247571.64,699.84,3820550.0
2010-08-26,0.0640751139684395,5.87469011,245474.9653687901,672.7886966686148,3831050.0
2010-08-27,0.065,5.87209239,249574.0,555.75,3839600.0
2010-08-28,0.0646,5.77497614,248587.26,549.1,3848100.0
2010-08-29,0.064,5.66272908,246796.8,518.4,3856200.0
2010-08-30,0.06497,5.69050244,251021.3405,484.0265,3863650.0
2010-08-31,0.06,5.19159819,232371.0,552.0,3872850.0
2010-09-01,0.0620248275862069,5.31891315,240699.7484137932,486.8948965517242,3880700.0
2010-09-02,0.0634,5.38522542,246530.9,494.52,3888500.0
2010-09-03,0.06085,5.12179597,237114.195,498.97,3896700.0
2010-09-04,0.062178275862069,5.18235949,242852.800948276,562.7133965517245,3905750.0
2010-09-05,0.06165,5.06897347,241298.1,508.6125,3914000.0
2010-09-06,0.0616,5.03207272,241589.04,486.64,3921900.0
2010-09-07,0.0612391180596142,4.94816313,240663.61006247785,489.9129444769136,3929900.0
2010-09-08,0.061,4.88836125,240227.15,503.25,3938150.0
2010-09-09,0.0611149707773232,4.79545778,241092.44821946227,412.5260527469316,3944900.0
2010-09-10,0.0610115242548218,4.74669508,241224.31402250167,539.9519896551728,3953750.0
2010-09-11,0.0636208649912332,4.91061134,252049.9618790181,508.9669199298656,3961750.0
2010-09-12,0.0615,4.69699949,244191.9,544.275,3970600.0
2010-09-13,0.06218,4.70641545,247423.547,531.639,3979150.0
2010-09-14,0.06199,4.64512859,247296.707,629.1985,3989300.0
2010-09-15,0.0604,4.45428881,241464.1,510.38,3997750.0
2010-09-16,0.0619,4.47633904,248138.53,677.805,4008700.0
2010-09-17,0.0600005260081823,4.19274776,241148.11407948547,624.0054704850959,4019100.0
2010-09-18,0.061,4.22048014,245887.95,722.85,4030950.0
2010-09-19,0.0627,4.29534109,253395.78,655.215,4041400.0
2010-09-20,0.0621017358270018,4.22043399,251608.28778988915,630.3326186440682,4051550.0
2010-09-21,0.06265,4.22602175,254368.3975,538.79,4060150.0
2010-09-22,0.061881870251315,4.14162414,251788.04777206303,538.3722711864405,4068850.0
2010-09-23,0.062153512565751,4.11497371,253620.51570017525,727.1960970192868,4080550.0
2010-09-24,0.0622,4.07954667,254519.29,709.08,4091950.0
2010-09-25,0.06202,4.03278411,254424.646,641.907,4102300.0
2010-09-26,0.062,4.00070639,254978.1,635.5,4112550.0
2010-09-27,0.0622004418468732,3.91751164,256514.62217650507,712.1950591466981,4124000.0
2010-09-28,0.0619038977206312,3.70318762,255947.8555157217,656.1813158386907,4134600.0
2010-09-29,0.06191,3.67369778,256480.748,507.662,4142800.0
2010-09-30,0.0619,3.58697479,256891.19,451.87,4150100.0
2010-10-01,0.0619733138515488,3.57218676,257672.6443319696,477.19451665692577,4157800.0
2010-10-02,0.0614,3.26607208,255595.92,307.0,4162800.0
2010-10-03,0.0610648684979544,3.2380791,254573.3302811221,372.4956978375217,4168900.0
2010-10-04,0.0612944769140853,3.23417646,255999.44755552293,468.90274839275247,4176550.0
2010-10-05,0.0614,3.17003606,256826.99,386.82,4182850.0
2010-10-06,0.06281,3.22421336,263261.834,537.0255,4191400.0
2010-10-07,0.067,3.40312006,281359.8,536.0,4199400.0
2010-10-08,0.0844531081239041,4.14833833,355302.6711880769,650.2889325540616,4207100.0
2010-10-09,0.0938,4.40766563,395367.0,741.02,4215000.0
2010-10-10,0.0971462010520164,4.45879954,410335.8386236121,864.6011893629459,4223900.0
2010-10-11,0.095,4.28117529,402025.75,755.25,4231850.0
2010-10-12,0.0949,4.2360293,402338.04,735.475,4239600.0
2010-10-13,0.104865589129164,4.55044647,445510.96885634033,922.8171843366432,4248400.0
2010-10-14,0.102,4.35844526,434382.3,1045.5,4258650.0
2010-10-15,0.105,4.34353862,448087.5,929.25,4267500.0
2010-10-16,0.101,4.06985428,432320.4,1302.9,4280400.0
2010-10-17,0.102,4.06277933,437977.8,1377.0,4293900.0
2010-10-18,0.1024,4.02994877,440970.24,1274.88,4306350.0
2010-10-19,0.0975448918760959,3.80761656,421311.0197466396,1248.5746160140277,4319150.0
2010-10-20,0.099,3.8186494,428902.65,1306.8,4332350.0
2010-10-21,0.107,4.00919854,464556.55,995.1,4341650.0
2010-10-22,0.1025,3.82096178,445808.375,789.25,4349350.0
2010-10-23,0.104556424313267,3.85485171,455667.3527996489,914.8687127410864,4358100.0
2010-10-24,0.11501,4.14384219,502403.9335,1178.8525,4368350.0
2010-10-25,0.139118552893045,4.88883386,609130.5838421975,1412.0533118644069,4378500.0
2010-10-26,0.151,5.14523738,662973.05,1819.55,4390550.0
2010-10-27,0.1877,6.05058402,826105.24,1999.005,4401200.0
2010-10-28,0.1731,5.2615273,763743.165,1895.445,4412150.0
2010-10-29,0.19,5.63366942,840427.0,2118.5,4423300.0
2010-10-30,0.197610543541789,5.72124637,876580.6100970218,2489.8928486265413,4435900.0
2010-10-31,0.1925,5.43761091,855633.625,1722.875,4444850.0
2010-11-01,0.194525061367621,5.41406405,866356.2658129736,1721.546793103446,4453700.0
2010-11-02,0.1938,5.28311477,864832.5,1705.44,4462500.0
2010-11-03,0.1931,5.18370173,863543.2,1834.45,4472000.0
2010-11-04,0.229275160724722,5.7153824,1027622.7341262402,2304.215365283456,4482050.0
2010-11-05,0.259112413793104,6.25148898,1164192.0751724162,2837.2809310344887,4493000.0
2010-11-06,0.400982302746932,8.19405221,1805984.193341907,4370.707099941559,4503900.0
2010-11-07,0.34,6.73312638,1535423.0,4097.0,4515950.0
2010-11-08,0.243184628872005,4.59520726,1101553.413401521,3343.7886469900686,4529700.0
2010-11-09,0.217272694330801,4.06257605,986537.5322437184,2357.4087334891906,4540550.0
2010-11-10,0.229549731151373,4.25825739,1044611.9615505532,2329.929771186436,4550700.0
2010-11-11,0.2231,4.10381259,1017704.115,2442.945,4561650.0
2010-11-12,0.2682,4.88620474,1225700.82,2266.29,4570100.0
2010-11-13,0.276,4.93212505,1264425.0,3077.4,4581250.0
2010-11-14,0.27904,4.88743661,1281923.712,3571.712,4594050.0
2010-11-15,0.268464555815313,4.51276218,1236024.2382014918,2684.64555815313,4604050.0
2010-11-16,0.225,3.76028119,1038127.5,2216.25,4613900.0
2010-11-17,0.241939333722969,4.00641517,1119271.842635885,2987.950771478668,4626250.0
2010-11-18,0.269057790765634,4.39720823,1248185.9971408525,3457.392611338397,4639100.0
2010-11-19,0.27829,4.48312449,1293102.314,2087.175,4646600.0
2010-11-20,0.283015964932788,4.49841005,1316703.4752533028,1641.4925966101705,4652400.0
2010-11-21,0.27675,4.36944711,1289488.95,1937.25,4659400.0
2010-11-22,0.285,4.46021601,1330251.75,2322.75,4667550.0
2010-11-23,0.28295,4.38599831,1322663.9225,1980.65,4674550.0
2010-11-24,0.282905736411455,4.33600482,1324960.7259094084,2503.715767241377,4683400.0
2010-11-25,0.28,4.23185505,1313886.0,2534.0,4692450.0
2010-11-26,0.2844,4.23141948,1337291.46,2758.68,4702150.0
2010-11-27,0.283,4.17587813,1333255.45,2547.0,4711150.0
2010-11-28,0.271358679135009,3.97931625,1280745.1258474588,2333.684640561077,4719750.0
2010-11-29,0.230559456458212,3.37289742,1090592.3409386345,2409.346319988316,4730200.0
2010-11-30,0.2082,3.0371558,986930.46,2102.82,4740300.0
2010-12-01,0.2275,3.31113157,1080556.75,2138.5,4749700.0
2010-12-02,0.255,3.6445754,1213570.5,2397.0,4759100.0
2010-12-03,0.251060083576856,3.57134671,1197192.561540417,2372.517789801289,4768550.0
2010-12-04,0.205000526008182,2.90733946,979902.51431911,2347.256022793684,4780000.0
2010-12-05,0.202850017533606,2.86401711,972047.1415201632,2424.057709526592,4791950.0
2010-12-06,0.204,2.83306957,980016.0,2458.2,4804000.0
2010-12-07,0.233420385739334,3.1967626,1124140.9067013457,2789.3736095850413,4815950.0
2010-12-08,0.2388,3.24906898,1152890.58,2841.72,4827850.0
2010-12-09,0.199991694330801,2.71091675,967759.808866746,2229.907391788431,4839000.0
2010-12-10,0.204,2.7619015,988655.4,1499.4,4846350.0
2010-12-11,0.228,3.07070131,1106962.8,1995.0,4855100.0
2010-12-12,0.219853611922852,2.94969685,1069291.0196285793,1879.748381940385,4863650.0
2010-12-13,0.227605236703682,3.03156879,1108596.826412624,1604.616918760958,4870700.0
2010-12-14,0.24669,3.26966627,1203662.1825,2109.1995,4879250.0
2010-12-15,0.24,3.15229808,1173372.0,2352.0,4889050.0
2010-12-16,0.24996,3.26455554,1224229.092,2162.154,4897700.0
2010-12-17,0.242655815312683,3.15712017,1190469.4299240229,2014.043267095269,4906000.0
2010-12-18,0.241,3.11960091,1184286.05,1940.05,4914050.0
2010-12-19,0.2401,3.09706546,1182072.325,2208.92,4923250.0
2010-12-20,0.267,3.39996207,1316630.4,2122.65,4931200.0
2010-12-21,0.241436002337814,3.01272532,1192935.2875511388,2366.0728229105766,4941000.0
2010-12-22,0.25,3.10757151,1237212.5,1962.5,4948850.0
2010-12-23,0.249970127995324,3.09503865,1238876.9513576252,1812.283427966099,4956100.0
2010-12-24,0.248,3.05891168,1230948.0,1835.2,4963500.0
2010-12-25,0.2499,3.06790542,1242477.81,2099.16,4971900.0
2010-12-26,0.264962127410871,3.23677185,1319286.1766978384,1920.9754237288148,4979150.0
2010-12-27,0.264785388661601,3.21872427,1320603.886680302,2197.7187258912886,4987450.0
2010-12-28,0.281,3.39360976,1403847.9,2374.45,4995900.0
2010-12-29,0.3,3.55514947,1501245.0,2475.0,5004150.0
2010-12-30,0.3,3.53000117,1503780.0,2535.0,5012600.0
2010-12-31,0.3,3.51255257,1506210.0,2430.0,5020700.0
2011-01-01,0.3,3.49431915,1508925.0,2715.0,5029750.0
2011-01-02,0.29997,3.46374621,1511398.845,2624.7375,5038500.0
2011-01-03,0.295,3.38619201,1488658.5,2301.0,5046300.0
2011-01-04,0.29895,3.41744847,1510698.9825,2107.5975,5053350.0
2011-01-05,0.298916302162478,3.39994438,1512830.351059409,2301.655526651081,5061050.0
2011-01-06,0.298,3.37409013,1510293.8,2100.9,5068100.0
2011-01-07,0.32,3.59662517,1624416.0,2624.0,5076300.0
2011-01-08,0.3229,3.60311438,1641881.92,2744.65,5084800.0
2011-01-09,0.323,3.58303029,1645022.85,2632.45,5092950.0
2011-01-10,0.32659,3.56790627,1665951.9195,2645.379,5101050.0
2011-01-11,0.32659,3.47434474,1668760.5935,2808.674,5109650.0
2011-01-12,0.318799621274109,3.37613389,1631616.4616808898,2661.97683763881,5118000.0
2011-01-13,0.3176,3.31520101,1628462.24,2985.44,5127400.0
2011-01-14,0.399990005844535,4.10741466,2054528.6655201616,3619.9095528930416,5136450.0
2011-01-15,0.386,3.93479597,1985699.8,3030.1,5144300.0
2011-01-16,0.38679,3.89072744,1993128.87,3365.073,5153000.0
2011-01-17,0.3495,3.48443916,1804136.475,3162.975,5162050.0
2011-01-18,0.31299,3.11008305,1617876.609,2206.5795,5169100.0
2011-01-19,0.31299,3.07260733,1620521.3745,2644.7655,5177550.0
2011-01-20,0.39,3.78751517,2022871.5,3627.0,5186850.0
2011-01-21,0.41991,4.03324208,2181663.4005,3653.217,5195550.0
2011-01-22,0.44003552893045,4.1752733,2289856.885448276,3630.2931136762127,5203800.0
2011-01-23,0.4424,4.11467439,2305921.52,3760.4,5212300.0
2011-01-24,0.4199,3.8538566,2192591.83,3947.06,5221700.0
2011-01-25,0.41,3.73958941,2144095.0,3198.0,5229500.0
2011-01-26,0.415085129748685,3.28267628,2174423.4521884862,3735.766167738165,5238500.0
2011-01-27,0.4212,3.29852211,2209825.8,3369.6,5246500.0
2011-01-28,0.444484044418469,3.44964227,2335496.962992404,3511.423950905905,5254400.0
2011-01-29,0.439,3.35970677,2310215.55,3533.95,5262450.0
2011-01-30,0.477142033898305,3.62408311,2514657.804152542,3721.707864406779,5270250.0
2011-01-31,0.525136870251315,3.88967746,2772066.2538391287,4463.663397136178,5278750.0
2011-02-01,0.707510116890707,5.02344554,3740570.612495323,5801.582958503796,5286950.0
2011-02-02,0.725434821741671,4.95514811,3841068.5658988873,5730.935091759201,5294850.0
2011-02-03,0.693898367621274,4.68663449,3679638.958740473,5551.186940970192,5302850.0
2011-02-04,0.810958971361777,5.36029838,4308260.083308008,7866.302022209236,5312550.0
2011-02-05,0.911671477498539,5.79068626,4851459.767508475,8159.459723611923,5321500.0
2011-02-06,0.898,5.59155797,4786654.3,7947.3,5330350.0
2011-02-07,0.889421369959088,5.25293615,4749954.826266509,9027.626905084744,5340500.0
2011-02-08,0.918,5.35492291,4910290.2,7711.2,5348900.0
2011-02-09,1.01605024547049,5.69602563,5444505.240353621,9754.082356516705,5358500.0
2011-02-10,0.979652963179427,5.38116292,5258581.175754528,9110.772557568673,5367800.0
2011-02-11,1.05406945353594,5.62034798,5667836.858608103,9802.845917884242,5377100.0
2011-02-12,1.07870328404442,5.66318761,5810866.720818887,10571.292183635316,5386900.0
2011-02-13,1.05,5.42738984,5666640.0,10395.0,5396800.0
2011-02-14,1.07001262419638,5.31812686,5785130.253980148,10486.123717124525,5406600.0
2011-02-15,1.05,5.15817185,5688742.5,11812.5,5417850.0
2011-02-16,1.031687628872,5.01369832,5601496.39657908,11967.5764949152,5429450.0
2011-02-17,1.0399231975453,5.00090272,5658222.117843977,12011.112931648217,5441000.0
2011-02-18,0.898955914669784,4.27713788,4900748.064413793,9528.93269549971,5451600.0
2011-02-19,0.944028116890707,4.46173899,5154063.108382349,7599.426340970191,5459650.0
2011-02-20,0.865,4.04564986,4731160.75,8563.5,5469550.0
2011-02-21,0.835747428404442,3.8865163,4579269.097085039,8106.750055523086,5479250.0
2011-02-22,0.877041779661017,4.03903963,4814783.961983051,9252.790775423728,5489800.0
2011-02-23,0.9,4.11116115,4951755.0,10935.0,5501950.0
2011-02-24,0.989095265926359,4.46075117,5452189.834365869,10237.136002337817,5512300.0
2011-02-25,0.914652001753361,4.09708361,5052126.064284776,10289.835019725311,5523550.0
2011-02-26,0.958,4.20136279,5304781.3,13220.4,5537350.0
2011-02-27,0.895033114552893,3.85737612,4967031.020867007,10919.403997545294,5549550.0
2011-02-28,0.860220923436587,3.66264324,4780290.6825832855,6451.656925774402,5557050.0
2011-03-01,0.921096891876096,3.45556491,5124568.612797254,5987.129797194624,5563550.0
2011-03-02,0.9399,3.49629585,5237075.805,7895.16,5571950.0
2011-03-03,0.939073383401519,3.4729141,5241203.321109728,8733.382465634126,5581250.0
2011-03-04,0.9011,3.31231304,5039221.53,9957.155,5592300.0
2011-03-05,0.90784060666277,3.30711769,5089490.617042488,12573.592402279364,5606150.0
2011-03-06,0.884770973115138,3.2074455,4972280.153261108,12121.36233167739,5619850.0
2011-03-07,0.877583864406779,3.17308684,4941148.190155928,9258.509769491518,5630400.0
2011-03-08,0.866071591466979,3.11400943,4884427.257975895,8097.769380216253,5639750.0
2011-03-09,0.86,3.08389438,4857065.0,6880.0,5647750.0
2011-03-10,0.920670309760374,3.286687,5204779.428652833,5063.686703682057,5653250.0
2011-03-11,0.88,3.13277134,4980580.0,5720.0,5659750.0
2011-03-12,0.917815513150205,3.23180751,5201031.059143924,6424.708592051435,5666750.0
2011-03-13,0.89249,3.12541924,5062738.774,5221.0665,5672600.0
2011-03-14,0.893924922852133,3.09976092,5075884.496938982,5005.979567971945,5678200.0
2011-03-15,0.87224,3.0094772,4957637.712,4884.544,5683800.0
2011-03-16,0.851211665692578,2.90524469,4843905.104790184,5788.239326709529,5690600.0
2011-03-17,0.82542,2.80330055,4702954.263,5819.211,5697650.0
2011-03-18,0.801959208065459,2.72116816,4574094.637082555,4811.755248392754,5703650.0
2011-03-19,0.765,2.5915635,4367691.0,4398.75,5709400.0
2011-03-20,0.7415,2.50871253,4238599.375,5079.275,5716250.0
2011-03-21,0.75897,2.56031946,4344078.6405,5616.378,5723650.0
2011-03-22,0.809130292811222,2.71742347,4635992.925691177,4814.325242226771,5729600.0
2011-03-23,0.84971,2.8434557,4875168.6395,6670.2235,5737450.0
2011-03-24,0.872374365867914,2.88481841,5011834.350629459,6630.045180596146,5745050.0
2011-03-25,0.88377,2.91145917,5084947.449,7644.6105,5753700.0
2011-03-26,0.8552,2.79254753,4926465.12,5900.88,5760600.0
2011-03-27,0.822,2.67675364,4741090.5,5877.3,5767750.0
2011-03-28,0.794740500292227,2.58237,4590540.340762947,6675.820202454706,5776150.0
2011-03-29,0.792509941554646,2.56999182,4584115.254934538,6458.956023670365,5784300.0
2011-03-30,0.789706312098189,2.55673793,4574057.930303921,6159.709234365873,5792100.0
2011-03-31,0.78461,2.53409399,4552424.9115,7885.3305,5802150.0
2011-04-01,0.77411,2.49434063,4498314.5045,6812.168,5810950.0
2011-04-02,0.78199,2.51639313,4551142.7005,7037.91,5819950.0
2011-04-03,0.779,2.50130518,4540557.3,6816.25,5828700.0
2011-04-04,0.68,2.1702087,3969568.0,6052.0,5837600.0
2011-04-05,0.715691834599649,2.2785139,4184864.864454528,6942.210795616596,5847300.0
2011-04-06,0.74,2.35209347,4332478.0,5476.0,5854700.0
2011-04-07,0.7538,2.39124558,4418813.29,5540.43,5862050.0
2011-04-08,0.74999,2.37382641,4402703.7965,6224.917,5870350.0
2011-04-09,0.734060517241379,2.31988599,4314917.829422412,5725.672034482756,5878150.0
2011-04-10,0.733156820572765,2.31383197,4315947.571347753,6341.806497954417,5886800.0
2011-04-11,0.770113933372297,2.42399078,4539783.131533022,6276.42855698422,5894950.0
2011-04-12,0.861381607831677,2.6961135,5084821.769191173,7020.260103828168,5903100.0
2011-04-13,0.930320058445353,2.89135449,5500796.441575684,9024.104566919925,5912800.0
2011-04-14,0.998629766218586,3.07319764,5912687.119827004,7989.038129748688,5920800.0
2011-04-15,0.983673136762127,2.99333242,5830820.885471184,6688.977329982464,5927600.0
2011-04-16,1.04663285797779,3.15615233,6213074.303170656,9053.374221507886,5936250.0
2011-04-17,1.09812209789597,3.27386129,6528610.402516016,9883.09888106373,5945250.0
2011-04-18,1.14943331151373,3.37473832,6842174.201782205,8505.806505201603,5952650.0
2011-04-19,1.18516222092344,3.42498343,7063981.6434810255,9125.749101110488,5960350.0
2011-04-20,1.14212598480421,3.28485981,6815693.920618364,8223.307090590311,5967550.0
2011-04-21,1.20733887200468,3.43905824,7213729.026340761,8873.940709234397,5974900.0
2011-04-22,1.40450508182349,3.90431563,8404137.058107218,12359.644720046712,5983700.0
2011-04-23,1.82885230099357,4.86099744,10959031.643243767,15728.129788544702,5992300.0
2011-04-24,1.63198421975453,4.27543628,9792558.11221508,13219.072180011692,6000400.0
2011-04-25,1.56448363530099,4.06113168,9402546.648158949,15019.042898889504,6010000.0
2011-04-26,1.77084089012274,4.51459705,10660019.448316364,17265.698678696717,6019750.0
2011-04-27,1.9031759585038,4.76744161,11474057.53622356,17414.06002030977,6028900.0
2011-04-28,2.28574446580947,5.53562475,13799267.914538352,18743.10461963765,6037100.0
2011-04-29,2.85060509000585,5.27956549,17237894.039774377,28506.0509000585,6047100.0
2011-04-30,3.5,5.74340681,21197925.0,33075.0,6056550.0
2011-05-01,3.0942275534775,4.96719361,18768037.225617778,27693.336603623626,6065500.0
2011-05-02,3.2,5.05486151,19441120.0,31520.0,6075350.0
2011-05-03,3.36058570368206,5.13349205,20449668.094760887,32933.73989608419,6085150.0
2011-05-04,3.40867304734074,4.84337805,20775862.223541807,33575.429516306285,6095000.0
2011-05-05,3.34373668439509,4.67664599,20416689.0080822,36613.91669412624,6105950.0
2011-05-06,3.45507558445354,4.63603126,21134179.08876464,37660.3238705436,6116850.0
2011-05-07,3.64126297779077,4.80792811,22312020.959561832,38961.51386236124,6127550.0
2011-05-08,3.84866837697253,4.92348609,23625050.832045875,42142.9187278492,6138500.0
2011-05-09,3.80408958211572,4.77598264,23396862.77032363,45458.870506282845,6150450.0
2011-05-10,5.65166700233781,6.2849561,34812008.067599975,51712.75307139096,6159600.0
2011-05-11,5.43975104383402,5.77375573,33558640.152068645,51949.622468614885,6169150.0
2011-05-12,6.3348786943308,6.23619574,39134346.622097954,53529.72496709526,6177600.0
2011-05-13,8.13903486732905,6.81610339,50363940.8072888,84239.01087685567,6187950.0
2011-05-14,7.00724382933957,5.71115111,43445262.1040968,84787.65033500879,6200050.0
2011-05-15,6.92492484453536,5.38878812,43011054.45565135,76174.17328988896,6211050.0
2011-05-16,7.88514074517826,5.64948105,49072384.91354238,97381.48820295151,6223400.0
2011-05-17,7.25719954061952,5.05909092,45257710.56261641,93255.01409696083,6236249.98999999
2011-05-18,6.76316336236119,4.61026723,42274167.00331127,97389.55241800113,6250649.98999999
2011-05-19,6.89014363237873,4.62646251,43126786.95488344,58910.72805683815,6259199.98999999
2011-05-20,5.61809621858562,3.71328197,35226586.853594534,61799.05840444182,6270199.98999999
2011-05-21,6.08480066744594,4.07285788,38219849.89151337,66932.80734190534,6281199.98999999
2011-05-22,6.71195603974284,4.35034379,42243708.85581385,84570.64610075978,6293799.98999999
2011-05-23,7.06525678375219,4.487161,44568346.24693456,101033.17200765632,6308099.98999999
2011-05-24,7.40266058211573,4.5999394,46807392.91972018,110669.77570263016,6323049.98999999
2011-05-25,8.56928963705436,5.19133406,54315585.349812366,131538.59592878443,6338399.98999999
2011-05-26,8.78215543424898,5.17913836,55794789.817048974,129975.9004268849,6353199.98999999
2011-05-27,8.52865846814728,4.74938352,54255487.19275565,71214.29820902979,6361549.98999999
2011-05-28,8.34926911981298,4.61095078,53178999.72133204,64706.8356785506,6369299.98999999
2011-05-29,8.40095347223846,4.59177413,53583801.44796895,75608.58125014613,6378299.98999999
2011-05-30,8.77934246464056,4.71031321,56064880.89140111,67600.93697773232,6385999.98999999
2011-05-31,8.72157642197545,4.60202531,55761398.76668418,65411.82316481588,6393499.98999999
2011-06-01,9.62377723202805,4.97744055,61620083.14271453,90463.50598106367,6402899.98999999
2011-06-02,10.7027602279369,5.3275221,68630379.57859488,101676.22216540056,6412399.98999999
2011-06-03,14.2646467738165,6.42904939,91614693.76218984,144072.93241554665,6422499.98999999
2011-06-04,18.3127387258913,7.74313927,117818666.95763928,205102.6737299825,6433699.98999999
2011-06-05,16.5433423962595,6.57534893,106606952.57030223,172050.7609210988,6444099.98999999
2011-06-06,18.4020986440678,6.0241396,118799348.13741952,214384.44920338987,6455749.98999999
2011-06-07,23.2378784628872,7.22127316,150215455.62133956,197521.9669345412,6464249.98999999
2011-06-08,29.0299213267095,7.38787829,187925195.41815445,268526.7722720629,6473499.98999999
2011-06-09,28.7905440181181,6.61438788,186695161.4519829,319575.03860111086,6484599.98999999
2011-06-10,24.0493992285213,5.13598194,156218884.798173,268150.8013980125,6495749.98999999
2011-06-11,14.7497466277031,3.17745001,95996513.31691384,185846.80750905903,6508349.98999999
2011-06-12,18.8501447311514,3.60717104,122902943.45860548,219604.1861179138,6519999.98999999
2011-06-13,19.5423291145529,3.61267024,127637791.0669116,221805.4354501754,6531349.98999999
2011-06-14,19.2577355055523,3.30858495,126016843.63510504,237833.03349357087,6543699.98999999
2011-06-15,19.4641426241964,3.13518917,127639034.6849199,271524.7896075398,6557649.98999999
2011-06-16,17.9293625423729,2.83819584,117735848.3595792,161364.2628813561,6566649.98999999
2011-06-17,15.4363689129164,2.42625836,101508789.99852876,143558.23089012253,6575949.98999999
2011-06-18,16.8754045353594,2.62955708,111138039.02021572,166222.73467329008,6585799.98999999
2011-06-19,17.5107167913501,2.69066084,115517322.96158968,195244.4922235536,6596949.98999999
2011-06-20,17.5107167913501,2.67081932,115722198.34804848,204875.38645879616,6608649.98999999
2011-06-21,17.5107167913501,2.63871848,115943708.91545908,221510.5674105788,6621299.98999999
2011-06-22,17.5107167913501,2.62779902,116171348.23374662,227639.3182875513,6634299.98999999
2011-06-23,17.5107167913501,2.61500773,116381476.83524282,210128.6014962012,6646299.98999999
2011-06-24,17.5107167913501,2.59755925,116570592.5765894,189115.74134658108,6657099.98999999
2011-06-25,17.5107167913501,2.58920413,116695794.20164756,125201.6250581532,6664249.98999999
2011-06-26,16.3613420157802,2.40438777,109157965.36306717,121891.99801756248,6671699.98999999
2011-06-27,16.7522858132671,2.41862667,111907781.9079732,141556.815122107,6680149.98999999
2011-06-28,16.9618353071303,2.4228443,113443298.639765,135694.6824570424,6688149.98999999
2011-06-29,16.8545683179427,2.39153255,112870830.21463692,144949.28753430722,6696749.98999999
2011-06-30,16.1852627808299,2.27916897,108543227.62522677,154569.25955692554,6706299.98999999
2011-07-01,15.4203573991818,2.17517451,103546928.76343209,133386.09150292256,6714949.98999999
2011-07-02,15.38284406955,2.17108212,103425013.66338389,129985.0323876975,6723399.98999999
2011-07-03,15.4575505604909,2.17640481,104054820.0759529,127524.79212404993,6731649.98999999
2011-07-04,13.8527968123904,1.95761946,93369928.29650503,117748.7729053184,6740149.98999999
2011-07-05,12.9648177147867,1.82728432,87474921.47378902,90105.48311776757,6747099.98999999
2011-07-06,14.7147835832846,2.06878863,99397627.21876033,115511.05112878412,6754949.98999999
2011-07-07,14.7972891613092,2.07598143,100051870.51621912,96922.24400657526,6761499.98999999
2011-07-08,14.2990376969608,2.0056172,96800910.30600984,117967.0609999266,6769749.98999999
2011-07-09,14.3815006697838,2.01609779,97466306.19544362,107142.17998988932,6777199.98999999
2011-07-10,14.6229375511397,2.03850499,99202739.34757976,100167.12222530694,6784049.98999999
2011-07-11,14.3101554330801,1.99133352,97193144.54283504,112334.72014967876,6791899.98999999
2011-07-12,14.0212726215663,1.94872351,95329931.3501853,98849.9719820424,6798949.98999999
2011-07-13,13.9714545225015,1.93841196,95124647.97673675,133427.39068988932,6808499.98999999
2011-07-14,13.997974547633,1.93955814,95405994.98432235,100785.4167429576,6815699.98999999
2011-07-15,13.8063904056108,1.91086852,94212046.71174292,111831.76228544748,6823799.98999999
2011-07-16,13.7130792992402,1.89668424,93682958.05752335,107647.67249903556,6831649.98999999
2011-07-17,13.2581353109293,1.8320481,90687634.11447155,112694.15014289905,6840149.98999999
2011-07-18,13.6305212504383,1.94207395,93350669.22550891,115859.43062872556,6848649.98999999
2011-07-19,13.8247948386908,1.96438973,94779337.07710636,98156.04335470469,6855749.98999999
2011-07-20,13.6783305920514,1.96296845,93877118.38258372,101903.56291078292,6863199.98999999
2011-07-21,13.6118084418469,1.95201716,93524013.30612344,103449.74415803644,6870799.98999999
2011-07-22,13.6985473310929,1.96311336,94223402.89783724,103424.0323497514,6878349.98999999
2011-07-23,13.6817183424898,1.95853437,94207523.76814756,99876.54390017554,6885649.98999999
2011-07-24,13.992515176505,1.99913286,96463699.86114135,116137.8759649915,6893949.98999999
2011-07-25,14.0334253787259,2.00132141,96861508.50870752,115775.75937448868,6902199.98999999
2011-07-26,13.8780323232028,1.97632833,95911081.24687408,122126.68444418463,6910999.98999999
2011-07-27,13.878224755114,1.97282473,96033151.69917998,120740.5553694918,6919699.98999999
2011-07-28,13.4915910756867,1.91925019,93462322.46234976,104559.83083657191,6927449.98999999
2011-07-29,13.5123163901227,1.91940166,93716697.0360312,110800.99439900614,6935649.98999999
2011-07-30,13.5402806738749,1.91948827,94013553.65347897,102906.13312144924,6943249.98999999
2011-07-31,13.3729061022794,1.8957305,92968443.0893172,117012.92839494476,6951999.98999999
2011-08-01,13.0191138468732,1.84650394,90616287.02250792,107407.6892367039,6960249.98999999
2011-08-02,12.2141564389246,1.73338364,85107631.23646298,94049.00457971942,6967949.98999999
2011-08-03,9.28635691350088,1.33360498,64779768.46433578,72897.90177098192,6975799.98999999
2011-08-04,10.7685037481005,1.54422773,75188385.18748957,69456.84917524824,6982249.98999999
2011-08-05,9.73015395967271,1.40034516,68006478.46534085,68111.07771770898,6989249.98999999
2011-08-06,6.964169735827,1.01786264,48716804.69187564,42481.4353885447,6995349.98999999
2011-08-07,8.50179329222677,1.24329896,59526580.91950154,53561.29774102865,7001649.98999999
2011-08-08,7.77533763793104,1.15587536,54493064.99080434,52872.29593793107,7008449.98999999
2011-08-09,9.80249948100526,1.45369998,68771885.63583755,71558.2462113384,7015749.98999999
2011-08-10,10.0512531274109,1.48953532,70593468.55188872,76389.52376832283,7023349.98999999
2011-08-11,9.43841299473992,1.40111707,66353930.94123636,64653.12901396845,7030199.98999999
2011-08-12,9.45299328521333,1.40327416,66518350.40519487,61917.10601814732,7036749.98999999
2011-08-13,10.0040247445938,1.48374896,70460847.18231994,65026.1608398597,7043249.98999999
2011-08-14,10.8068207665108,1.60021658,76186465.27271783,71325.01705897128,7049849.98999999
2011-08-15,11.1306965499708,1.64552851,78541533.95425189,71792.99274731165,7056299.98999999
2011-08-16,10.9919655669199,1.62211392,77643397.46685399,80790.94691686127,7063649.98999999
2011-08-17,10.9639640561075,1.61521112,77520159.55086552,74554.955581531,7070449.98999999
2011-08-18,10.8584714558738,1.59806892,76852460.39108036,78180.99448229135,7077649.98999999
2011-08-19,11.6704730432496,1.71440506,82675965.01628399,76441.59843328487,7084199.98999999
2011-08-20,11.4597317393337,1.68142171,81270125.43440929,87093.96121893612,7091799.98999999
2011-08-21,11.3544813407364,1.66508331,80614546.50941536,90835.8507258912,7099799.98999999
2011-08-22,10.9208958246639,1.60062575,77628457.63645811,92281.56971840996,7108249.98999999
2011-08-23,10.9172450543542,1.60020118,77687115.69761191,84608.64917124505,7115999.98999999
2011-08-24,10.870444289889,1.5924043,77426913.43488784,72831.9767422563,7122699.98999999
2011-08-25,9.5460936735827,1.38808124,68058397.44566314,64436.13229668322,7129449.98999999
2011-08-26,8.12692016306254,1.18126116,58000203.73847545,59732.86319850967,7136799.98999999
2011-08-27,8.59649760666277,1.32290185,61403922.66866644,52438.635400642896,7142899.98999999
2011-08-28,9.03086639976622,1.38880945,64558954.54170001,52379.02511864408,7148699.98999999
2011-08-29,8.96115727060199,1.37651145,64122456.875907935,61831.985167153725,7155599.98999999
2011-08-30,8.80994873816481,1.35371166,63104781.72850113,64312.62578860311,7162899.98999999
2011-08-31,8.19915176446523,1.26084033,58793247.517871,63543.42617460553,7170649.98999999
2011-09-01,8.23428166510813,1.26774835,59098262.85630465,53111.11673994744,7177099.98999999
2011-09-02,8.6214244377557,1.32640199,61944072.3566166,67247.11061449446,7184899.98999999
2011-09-03,8.44965344067796,1.29992885,60771174.90887537,61259.98744491521,7192149.98999999
2011-09-04,8.20347060227937,1.26279873,59055554.26318405,54963.25303527177,7198849.98999999
2011-09-05,7.5973325251315,1.17142574,54751316.36626552,59259.1936960257,7206649.98999999
2011-09-06,6.84653002893045,1.05875513,49392236.86624468,51691.3017184249,7214199.98999999
2011-09-07,7.16297027352426,1.10898952,51723808.2734889,48708.19785996497,7220999.98999999
2011-09-08,6.67818000029223,1.03732633,48266211.976330206,43074.26100188488,7227449.98999999
2011-09-09,4.98677704178843,0.7778049,36080079.86402774,38398.18322177091,7235149.98999999
2011-09-10,4.74284665517242,0.74125214,34346746.85999912,31539.9302568966,7241799.98999999
2011-09-11,5.85290397253068,0.95191723,42422140.579571895,36580.64982831675,7248049.98999999
2011-09-12,6.09062947223846,0.99274325,44185689.571342,40502.68599038576,7254699.98999999
2011-09-13,5.80252327703098,0.94859348,42136763.47511828,41197.91526691996,7261799.98999999
2011-09-14,5.59743261016949,0.9162271,40688297.33060866,40861.25805423728,7269099.98999999
2011-09-15,4.86775518468732,0.79879632,35422167.65477356,37968.49044056109,7276899.98999999
2011-09-16,4.83116810052601,0.7945909,35184672.55260412,28745.45019812976,7282849.98999999
2011-09-17,4.775285635301,0.78623754,34809683.3550555,31994.4137565167,7289549.98999999
2011-09-18,5.23673227819988,0.86238311,38214791.91118234,41370.18499777905,7297449.98999999
2011-09-19,5.52037669199299,0.91006394,40319727.227774575,35054.391994155485,7303799.98999999
2011-09-20,6.14666555172414,1.01350919,44937042.45407813,43026.65886206898,7310799.98999999
2011-09-21,5.59706749795441,0.92389277,40959899.60080944,40858.59273506719,7318099.98999999
2011-09-22,5.47504877673875,0.90549337,40107469.759249166,40515.36094786675,7325499.98999999
2011-09-23,5.56342141963764,0.92077591,40791840.30636185,36996.75244059031,7332149.98999999
2011-09-24,5.45788968731736,0.90381871,40053269.20476823,35203.38848319697,7338599.98999999
2011-09-25,5.34115488135593,0.88996971,39233186.06984431,36586.91093728812,7345449.98999999
2011-09-26,4.87382608123904,0.81318218,35833100.37444329,32654.63474430157,7352149.98999999
2011-09-27,4.91115779251899,0.82013287,36140227.91447712,32659.19932025128,7358799.98999999
2011-09-28,4.76341532144945,0.79634397,35088031.722460665,35011.102612653456,7366149.98999999
2011-09-29,4.77766097837522,0.79926256,35222827.74919681,29860.381114845124,7372399.98999999
2011-09-30,5.14368590999416,0.86045873,37952686.435455,31376.484050964376,7378499.98999999
2011-10-01,5.03407054471069,0.84362417,37179883.06820175,35993.60439468144,7385649.98999999
2011-10-02,5.00706259672706,0.84035131,37010704.54615673,30292.72871019872,7391699.98999999
2011-10-03,5.02284486031561,0.84387152,37163777.92900368,36415.62523728816,7398949.98999999
2011-10-04,4.95680562068966,0.83346608,36702915.00910952,27758.111475862097,7404549.98999999
2011-10-05,4.88506713091759,0.82223206,36207140.51208428,35416.73669915253,7411799.98999999
2011-10-06,4.73016629573349,0.79686105,35089319.56770846,30273.064292694336,7418199.98999999
2011-10-07,4.27603575686733,0.72247318,31749993.05555521,29504.646722384576,7425099.98999999
2011-10-08,3.98125299415546,0.67368961,29584890.02240636,23688.455315224983,7431049.98999999
2011-10-09,4.11163464348334,0.6969726,30579871.456326604,26108.87998611921,7437399.98999999
2011-10-10,4.07496248392753,0.69210157,30332186.9564891,25061.019276154308,7443549.98999999
2011-10-11,4.00892449590883,0.68231478,29859271.390338864,18641.498905976056,7448199.98999999
2011-10-12,4.16623534248977,0.71047083,31055951.448324848,24997.41205493862,7454199.98999999
2011-10-13,4.03698109000584,0.68913751,30112043.759038206,19579.358286528324,7459049.98999999
2011-10-14,3.98628088544711,0.68173462,29761573.050885275,27704.65215385741,7465999.98999999
2011-10-15,3.83733856049094,0.65700741,28675279.822607223,25710.168355289297,7472699.98999999
2011-10-16,3.60974171654003,0.61884987,26995994.85230464,21477.96321341317,7478649.98999999
2011-10-17,2.58124672180012,0.44588055,19319470.1258366,15229.355658620709,7484549.98999999
2011-10-18,2.42227473816482,0.41992353,18144170.01573772,14533.64842898892,7490549.98999999
2011-10-19,2.21725471303331,0.38682853,16623202.012380762,14744.743841671512,7497199.98999999
2011-10-20,2.35612350847458,0.41178781,17677876.854348093,13547.710173728836,7502949.98999999
2011-10-21,2.57009230508475,0.4496029,19298823.09318044,15549.058445762736,7508999.98999999
2011-10-22,3.15548613851549,0.55278915,23710007.264636647,15461.8820787259,7513899.98999999
2011-10-23,3.14775092986558,0.55184552,23668883.535460714,16997.855021274132,7519299.98999999
2011-10-24,2.52293599766219,0.44332969,18986733.265577074,16020.643585154909,7525649.98999999
2011-10-25,2.80192383109293,0.49277864,21104370.4601558,18072.4087105494,7532099.98999999
2011-10-26,2.7775052390415,0.49043071,20936695.5888578,16248.405648392776,7537949.98999999
2011-10-27,3.04540782758621,0.53782812,22971358.94263729,15227.03913793105,7542949.98999999
2011-10-28,3.17963943658679,0.56150563,24000554.363447983,16693.107042080646,7548199.98999999
2011-10-29,3.56918896873174,0.63046202,26961118.05576233,20165.917673334327,7553849.98999999
2011-10-30,3.25740372296902,0.57571366,24624017.67083793,18078.59066247806,7559399.98999999
2011-10-31,3.26509821274109,0.57758861,24703569.790037435,21386.393293454137,7565949.98999999
2011-11-01,3.17100774284044,0.56157774,24015468.55830482,23782.5580713033,7573449.98999999
2011-11-02,3.2558005666277,0.57806992,24682712.43313155,25069.66436303329,7581149.98999999
2011-11-03,3.16831638515488,0.56292746,24039283.70904094,19801.977407218,7587399.98999999
2011-11-04,3.12011817182934,0.55505983,23696517.45429967,22932.86856294565,7594749.98999999
2011-11-05,2.97781759789597,0.53030549,22637518.240306847,21738.06846464058,7602049.98999999
2011-11-06,2.96272057685564,0.52799021,22544081.519811545,21331.588153360608,7609249.98999999
2011-11-07,3.01775768731736,0.5382165,22982789.852778308,19917.200736294577,7615849.98999999
2011-11-08,3.05656711104617,0.54611468,23301128.027072567,22771.42497729397,7623299.98999999
2011-11-09,2.9195672238457,0.53811177,22280239.30449918,23502.516151957883,7631349.98999999
2011-11-10,2.85670208533022,0.52701216,21820633.180019304,20139.749701578046,7638399.98999999
2011-11-11,3.06786173348919,0.56660138,23451808.81171944,18253.77731426068,7644349.98999999
2011-11-12,3.02552299590883,0.55904007,23149789.172941152,21632.48942074813,7651499.98999999
2011-11-13,2.98637330333139,0.55219421,22871737.18836036,21501.887783986007,7658699.98999999
2011-11-14,2.22422446434833,0.4125825,17050571.08778238,15903.20492009056,7665849.98999999
2011-11-15,2.3223841157218,0.43137161,17822207.9192368,19159.66895470485,7674099.98999999
2011-11-16,2.54678093074226,0.50419206,19561442.286423847,17190.771282510257,7680849.98999999
2011-11-17,2.27909583576856,0.45379982,17521232.943430554,15839.716058591492,7687799.98999999
2011-11-18,2.10506600321449,0.42341662,16197325.087383052,13998.68892137636,7694449.98999999
2011-11-19,2.20345672180012,0.44318529,16967938.809859414,13551.25883907074,7700599.98999999
2011-11-20,2.20198950964348,0.44369635,16972384.620934617,15744.224993950882,7707749.98999999
2011-11-21,2.27987916540035,0.45948528,17586189.901391596,13451.287075862065,7713649.98999999
2011-11-22,2.32245859614261,0.46857456,17930889.937083833,16257.21017299827,7720649.98999999
2011-11-23,2.33032356750438,0.4707238,18007225.79605171,15613.167902279349,7727349.98999999
2011-11-24,2.43887900029223,0.49214464,18859851.284871,13779.6663516511,7732999.98999999
2011-11-25,2.49616100292227,0.50383539,19319662.097406004,16849.086769725323,7739749.98999999
2011-11-26,2.47179996902396,0.50116148,19145944.58534932,14830.79981414376,7745749.98999999
2011-11-27,2.47756495119813,0.50265443,19204720.81618908,14122.12022182934,7751449.98999999
2011-11-28,2.5412402521917,0.52129794,19714433.603040345,16136.875601417296,7757799.98999999
2011-11-29,2.75769848275862,0.56397222,21412701.381498843,19028.11953103448,7764699.98999999
2011-11-30,2.9660415458796,0.60468486,23054447.69815251,24024.93652162476,7772799.98999999
2011-12-01,3.08258945002922,0.62781131,23988402.81035646,28051.563995265904,7781899.98999999
2011-12-02,3.10040233313852,0.63153668,24149653.822278503,22632.9370319112,7789199.98999999
2011-12-03,2.80385618527177,0.57397228,21861105.877288345,21309.307008065447,7796799.98999999
2011-12-04,2.81969397603741,0.57735261,22003763.883208565,19173.919037054387,7803599.98999999
2011-12-05,2.87479622735242,0.58900798,22456470.70121544,22710.89019608412,7811499.98999999
2011-12-06,3.02536045149036,0.6191175,23658469.96842356,25866.83186024257,7820049.98999999
2011-12-07,2.98550242109877,0.61474353,23367378.144963965,20599.966705581515,7826949.98999999
2011-12-08,2.99188048305085,0.61605341,23441832.336857032,24533.41996101697,7835149.98999999
2011-12-09,2.95579195207481,0.60914874,23180798.354588747,21725.07084774985,7842499.98999999
2011-12-10,3.06897526709527,0.63235376,24090535.12342796,22096.621923085942,7849699.98999999
2011-12-11,3.2492688471654,0.66826403,25530480.080339976,24694.44323845704,7857299.98999999
2011-12-12,3.18733535651666,0.65547484,25064089.64439885,20239.57951388079,7863649.98999999
2011-12-13,3.24108840853302,0.66660548,25508176.014846083,21391.183496317928,7870249.98999999
2011-12-14,3.1550865043834,0.65014649,24855455.94133109,24136.41175853301,7877899.98999999
2011-12-15,3.20313854061952,0.6600436,25251942.652942568,17937.57582746931,7883499.98999999
2011-12-16,3.2091377773232,0.66134284,25318171.548322245,18933.91288620688,7889399.98999999
2011-12-17,3.19254170426651,0.65825176,25211182.55249676,23944.062781998826,7896899.98999999
2011-12-18,3.19401080888369,0.65885831,25245780.802557435,22996.877823962568,7904099.98999999
2011-12-19,3.52577391934541,0.72601344,27896099.50329908,28029.902658796007,7912049.98999999
2011-12-20,3.95255082729398,0.81110758,31299261.824108656,26482.090542869664,7918749.98999999
2011-12-21,3.88899325073057,0.79739555,30824938.265050672,28972.999717942745,7926199.98999999
2011-12-22,3.90306042051432,0.79956455,30965320.113161765,28882.647111805967,7933599.98999999
2011-12-23,3.93796507597896,0.80606997,31270199.23944644,27959.552039450617,7940699.98999999
2011-12-24,3.93941911864407,0.80659692,31310306.144632906,28560.788610169508,7947949.98999999
2011-12-25,4.23386687784921,0.86693708,33687396.8513002,36834.64183728813,7956649.98999999
2011-12-26,3.99912196405611,0.81869415,31855005.964697685,35392.22938189657,7965499.98999999
2011-12-27,4.0955185458796,0.83793425,32652545.44570636,29692.5094576271,7972749.98999999
2011-12-28,4.20729587609585,0.86007177,33576324.69710993,32606.54303974284,7980499.98999999
2011-12-29,4.17335222676797,0.85308817,33334233.53435292,28796.130364698995,7987399.98999999
2011-12-30,4.31063509000584,0.88040913,34461372.18394529,30605.509139041464,7994499.98999999
2011-12-31,4.71430633138515,0.96110917,37724114.93191743,35593.01280195788,8002049.98999999
2012-01-01,5.2948427773232,1.07623657,42410102.14057715,40505.54724652248,8009699.98999999
2012-01-02,5.2048778918761,1.05930034,41728807.22659484,39296.82808366456,8017249.98999999
2012-01-03,4.87050882875511,0.99064729,39086807.403820366,38720.54518860312,8025199.98999999
2012-01-04,5.58570626709527,1.13112076,44868023.3905257,41613.51168985976,8032649.98999999
2012-01-05,6.87400087726476,1.37524885,55266966.984468594,50523.90644789599,8039999.98999999
2012-01-06,6.68331663997662,1.3299183,53791008.07585059,57142.357271800094,8048549.98999999
2012-01-07,6.79622798071303,1.34825017,54762305.94362807,62525.29742255988,8057749.98999999
2012-01-08,7.09665056633548,1.40190243,57240873.732038766,57837.70211563416,8065899.98999999
2012-01-09,6.28853834248977,1.23859081,50774287.36821121,51566.01440841612,8074099.98999999
2012-01-10,6.52847455523086,1.28528776,52757582.08671905,46025.74561437756,8081149.98999999
2012-01-11,6.88912772121566,1.35196805,55724776.24247789,52701.8270672998,8088799.98999999
2012-01-12,6.77356419579194,1.3223058,54842501.12170352,52495.122517387535,8096549.98999999
2012-01-13,6.45436889012273,1.2583872,52303300.955010295,45180.58223085911,8103549.98999999
2012-01-14,6.76172714260666,1.3151655,54844706.872422405,50712.95356954995,8111049.98999999
2012-01-15,7.04692255815312,1.36849062,57206917.256617725,48976.111779164174,8117999.98999999
2012-01-16,6.71560766656926,1.30213368,54576064.53713559,58761.56708248103,8126749.98999999
2012-01-17,5.59962195032145,1.08841281,45550684.66108859,43957.03231002337,8134599.98999999
2012-01-18,5.9002312881356,1.14730395,48033782.75740562,37761.48024406784,8140999.97299999
2012-01-19,6.31570634161309,1.22398742,51463532.34846339,47367.797562098174,8148499.87710466
2012-01-20,6.50149198831093,1.25883339,53024539.85078034,47135.81691525424,8155749.47198481
2012-01-21,6.18056832554062,1.19649675,50457844.89395972,50680.66026943309,8163949.04744397
2012-01-22,6.30296722676797,1.2195885,51499962.169537134,42860.1771420222,8170748.84204106
2012-01-23,6.37487607714787,1.23243877,52141696.69860743,54186.446655756896,8179248.67363629
2012-01-24,6.27447647574518,1.21229511,51364104.036424994,43607.611506429,8186197.56325165
2012-01-25,5.81046507247224,1.12369377,47608611.186067626,42997.44153629457,8193597.34414703
2012-01-26,5.36722695441262,1.04093223,44013925.95426133,37033.86598544708,8200496.51861203
2012-01-27,5.30313719696084,1.03027298,43525737.98828615,37387.11723857392,8207545.1514304
2012-01-28,5.65979677498539,1.09958449,46494058.367595054,41033.52661864408,8214792.90088381
2012-01-29,5.39142945733489,1.04861043,44334488.66840534,45018.43596874633,8223141.75104146
2012-01-30,5.50348193863238,1.07087848,45303240.18131384,47329.94467223848,8231741.41143302
2012-01-31,5.53822029573349,1.07878577,45630733.63518544,41536.65221800117,8239241.34443302
2012-02-01,6.07523265225015,1.18086101,50098136.98908828,42830.39019836356,8246291.10632214
2012-02-02,6.09957291291642,1.18457113,50347344.47355032,48491.60465768554,8254240.94315441
2012-02-03,5.95161092752776,1.15560669,49173047.37876,47017.726327469296,8262140.7846608
2012-02-04,5.8954132390415,1.14466214,48755013.00440804,46278.99392647578,8269990.75849937
2012-02-05,5.67811571712449,1.10288002,46998279.12790114,40314.62159158388,8277090.75849937
2012-02-06,5.48266405844535,1.066879,45420531.457741305,40023.447626651054,8284390.75849937
2012-02-07,5.66202770017534,1.10174851,46945234.82929116,38784.88974620108,8291240.75599937
2012-02-08,5.6185281899474,1.09353017,46625304.24660037,40734.32937711865,8298490.75599937
2012-02-09,5.83569985417884,1.1353915,48469810.11863277,42308.82394279659,8305740.75599937
2012-02-10,5.93783415546464,1.15551803,49359082.00947596,40971.05567270602,8312640.72339413
2012-02-11,5.61213285330216,1.09013106,46693734.50858345,42090.9963997662,8320140.61839413
2012-02-12,5.51909716949152,1.07230709,45963265.24709518,43600.86763898301,8328040.58989413
2012-02-13,5.34835455932203,1.04822456,44577950.01303359,36636.22873135591,8334890.57589413
2012-02-14,4.48365409175921,0.88628318,37401703.44820613,30937.213233138547,8341790.57589413
2012-02-15,4.3255203220339,0.85881942,36111565.61058064,28980.98615762713,8348490.56808977
2012-02-16,4.25523904500292,0.84731155,35554183.61846336,29361.14941052015,8355390.43575376
2012-02-17,4.39153837288136,0.87548728,36726393.32940897,33375.691633898336,8362990.41725376
2012-02-18,4.27008127761543,0.85418126,35747158.00051615,36509.194923611925,8371540.41725376
2012-02-19,4.38955145821157,0.87896592,36781984.90255321,34677.456519871404,8379440.41725376
2012-02-20,4.36513593892461,0.8748865,36607952.46500429,30555.95157247227,8386440.41725376
2012-02-21,4.31511560198714,0.86595781,36216292.38526005,27832.49563281705,8392890.41725376
2012-02-22,4.41931028755114,0.88771358,37125920.48004495,35133.51678603156,8400840.41725376
2012-02-23,5.03951511805961,1.01031089,42377990.262636416,41827.97547989476,8409140.41725376
2012-02-24,5.02560875891292,1.0069634,42298490.52113304,37440.785253901246,8416590.41725376
2012-02-25,4.77256738106371,0.9562508,40208118.56605248,39373.68089377561,8424840.41725376
2012-02-26,4.9264208515488,0.987122,41541257.6268949,36948.156386616,8432340.41075376
2012-02-27,4.95251575628287,0.99206546,41799433.11792214,38134.371323378095,8440040.41075376
2012-02-28,4.85725777556984,0.97277124,41034309.973461926,38858.06220455872,8448040.41075376
2012-02-29,4.87274875569842,0.98303424,41208789.500953846,43611.10136350086,8456990.41075376
2012-03-01,4.92207212361192,0.99267825,41663078.39495767,37161.64453327,8464540.41075376
2012-03-02,4.71482358708358,0.95273137,39940404.10047743,31589.318033459986,8471240.41075376
2012-03-03,4.62819325248393,0.93570447,39232686.90159013,26149.291876534204,8476890.38925376
2012-03-04,4.83414448158971,0.97707036,41011626.741960086,33113.889698889514,8483740.38015376
2012-03-05,4.98239290385739,1.00656035,42305450.21679945,36122.34855296608,8490990.38015376
2012-03-06,4.98784135242548,1.00730295,42385879.39507424,34166.713264114536,8497840.32815376
2012-03-07,4.94911288457043,0.99924077,42094879.22829918,38108.16921119231,8505540.32815376
2012-03-08,4.93497949503214,0.99664788,42013159.953669,38492.84006125069,8513340.32815376
2012-03-09,4.87229784745763,0.98421823,41520457.05745644,40927.30191864409,8521740.32815376
2012-03-10,4.84142380479252,0.97883044,41297298.22937357,39941.74638953829,8529990.32815376
2012-03-11,4.89202875160724,0.98947911,41761734.52889564,32776.59263576851,8536690.32815376
2012-03-12,4.91083937931035,0.99347632,41963074.999323554,40759.96684827592,8544990.32815376
2012-03-13,5.29088027878434,1.06881595,45252847.85186193,42327.04223027472,8552990.32815376
2012-03-14,5.39054329222677,1.08718901,46142189.86346144,36925.22155175338,8559840.32815376
2012-03-15,5.34082089888954,1.07616655,45748886.08219937,32311.96643828172,8565890.32815376
2012-03-16,5.33957479135009,1.07471861,45779059.8088332,40847.74715382818,8573540.32815376
2012-03-17,5.23600355406195,1.05459511,44935593.65931607,44506.03020952657,8582040.32815376
2012-03-18,5.27014898538866,1.06154819,45270792.31986721,42161.19188310928,8590040.32815376
2012-03-19,4.67867255289305,0.94459498,40223438.42033059,33452.508753185306,8597190.32815376
2012-03-20,4.83083021624781,0.97583693,41570213.45380859,38646.64172998248,8605190.32815376
2012-03-21,4.81722952483928,0.97521983,41491233.02888994,38056.11324623032,8613090.32815376
2012-03-22,4.72960850496785,0.958695,40773909.1772816,37363.90718924601,8620990.32815376
2012-03-23,4.69164317650497,0.95107358,40476167.79980991,29557.35201198131,8627290.32815376
2012-03-24,4.65198626592636,0.94428539,40176834.39237713,42798.27364652251,8636490.32815376
2012-03-25,4.55227026241964,0.92514492,39351373.4140892,35735.32155999417,8644340.32815376
2012-03-26,4.63272235973115,0.94207727,40081805.7771796,34977.05381597018,8651890.32815376
2012-03-27,4.81134073524255,0.97836225,41664720.83043211,37528.45773489189,8659690.32815376
2012-03-28,4.79058939158387,0.97414873,41520950.04089172,35929.42043687902,8667190.32815376
2012-03-29,4.79406657218001,0.97547676,41584885.596257694,33798.169333869075,8674240.32815376
2012-03-30,4.86140935651666,1.00380823,42206465.94400601,37432.85204517828,8681940.32815376
2012-03-31,4.88977687317358,1.00947443,42494314.13430128,41563.10342197543,8690440.32815376
2012-04-01,4.79332567738165,0.98982662,41690143.38500184,34032.61230940971,8697540.32815376
2012-04-02,4.98304547866745,1.02854689,43369140.671510674,28901.66377627121,8703340.32815376
2012-04-03,4.95623319286967,1.02616999,43168743.173969455,32958.950732583304,8709990.32815376
2012-04-04,4.91784217767387,1.01818959,42868045.0218431,33687.218917066006,8716840.32815376
2012-04-05,4.92084924488603,1.01855009,42923044.114670105,28786.96808258328,8722690.32815376
2012-04-06,4.94910743220339,1.02383214,43203185.46241338,33653.93053898305,8729490.32815376
2012-04-07,4.70971191028638,0.9749089,41143762.21105687,30377.64182134715,8735940.32815376
2012-04-08,4.77881884921099,0.98932901,41783317.44713272,35841.14136908243,8743440.32815376
2012-04-09,4.85254738106371,1.00365621,42463382.06175112,35423.59588176508,8750740.32815376
2012-04-10,4.84141759380479,1.00159858,42401572.60285518,35584.41931446521,8758090.32815376
2012-04-11,4.91525071712449,1.01641869,43082862.28365456,34652.51755572765,8765140.32815376
2012-04-12,4.90115814728229,1.01283392,42990461.28563861,31122.35423524254,8771490.32815376
2012-04-13,4.93440673348919,1.01932475,43312447.53938817,30346.60141095852,8777640.32815376
2012-04-14,4.95636466101695,1.0235231,43539633.063972585,34446.7343940678,8784590.32815376
2012-04-15,4.9616003383986,1.0239991,43612170.9066712,26544.56181043251,8789940.32815376
2012-04-16,4.95076456925774,1.02128074,43554055.87678282,37130.73426943305,8797440.32815376
2012-04-17,4.9687445075979,1.02477367,43745772.33686055,33539.02542628582,8804190.32815376
2012-04-18,5.12437744301578,1.05577307,45149302.77498842,33308.45337960257,8810690.32815376
2012-04-19,5.13090651139684,1.05634217,45247105.99073976,40277.6161144652,8818540.32815376
2012-04-20,5.36651596814728,1.10253174,47366159.65974264,41322.17295473406,8826240.32815376
2012-04-21,5.28255033898305,1.08513311,46665734.47504468,40675.63761016949,8833940.32815376
2012-04-22,5.19560899473992,1.06645583,45934069.09091458,36369.26296317944,8840940.32815376
2012-04-23,5.11088819170076,1.05038086,45219556.02198608,34498.49529398013,8847690.32815376
2012-04-24,5.08786726241964,1.04562838,45050980.25275109,35106.28411069552,8854590.32815376
2012-04-25,5.14881624547048,1.05274593,45623353.51174261,32694.98315873755,8860940.32815376
2012-04-26,5.09741928579778,1.04365008,45207433.11849922,39504.9994649328,8868690.32815376
2012-04-27,5.09588733985973,1.04332334,45228244.00391923,34397.239544053176,8875440.32815376
2012-04-28,4.9707366528346,1.01826429,44155254.14776178,37777.59856154296,8883040.32815376
2012-04-29,4.90260617767387,1.00664344,43593926.71462293,43878.325290181136,8891990.32815376
2012-04-30,4.9421168100526,1.0154865,43989486.8210438,44231.94544997077,8900940.32815376
2012-05-01,4.98713722735243,1.02469896,44432601.535410665,42390.66643249566,8909440.32815376
2012-05-02,5.05343735388662,1.03816859,45061199.33667024,37900.78015414965,8916940.32815376
2012-05-03,5.11887297895967,1.05122986,45684868.05366689,40183.152884833406,8924790.32815376
2012-05-04,5.08550708825248,1.04434248,45428022.80705356,40938.33206043246,8932840.32815376
2012-05-05,5.05663956458212,1.0384012,45212376.767801285,42222.94036426071,8941190.32815376
2012-05-06,5.0478007729398,1.03909745,45174739.41579452,41391.96633810636,8949390.32815376
2012-05-07,5.06755586703682,1.04315667,45394609.68870797,43074.22486981297,8957890.32815376
2012-05-08,5.02346642285213,1.034375,45043867.78759336,44206.50452109874,8966690.32815376
2012-05-09,5.04130623553478,1.03787929,45245674.70518589,41842.84175493867,8974990.32815376
2012-05-10,4.92748871975453,1.01481717,44255945.90412608,31782.30224241672,8981440.32815376
2012-05-11,4.96370997749854,1.02276513,44616755.495503694,35490.52633911456,8988590.32815376
2012-05-12,4.94653223495032,1.01650991,44494009.61127893,31657.80630368205,8994990.32815376
2012-05-13,4.94479505376973,1.01723564,44512997.24873766,34613.56537638811,9001990.32815376
2012-05-14,5.01143592197545,1.03132782,45147727.17944305,34829.479657729375,9008940.32815376
2012-05-15,5.03364040035067,1.03590742,45380484.66274546,32718.66260227936,9015440.32815376
2012-05-16,5.08778450905903,1.04782389,45899398.73766267,30781.096279807127,9021490.32765376
2012-05-17,5.08966168644068,1.04954557,45945853.70031172,29520.037781355943,9027290.32515376
2012-05-18,5.11830148275862,1.05722248,46241501.08085742,37107.68575,9034540.31315376
2012-05-19,5.11254581122151,1.05598806,46227589.6929509,38088.46629360025,9041990.31165376
2012-05-20,5.09420096843951,1.05630265,46096865.78370793,35149.986682232615,9048890.31062876
2012-05-21,5.0942213100526,1.05927394,46129143.43934552,32093.59425333138,9055190.30912876
2012-05-22,5.08913918877849,1.05870456,46112386.41182528,29262.55033547632,9060940.30862876
2012-05-23,5.12885889976622,1.0665583,46505621.92244514,33337.58284848043,9067440.30812876
2012-05-24,5.11915775920514,1.06748348,46449652.14548182,31994.73599503212,9073690.30812876
2012-05-25,5.13727680654588,1.07106937,46645139.286703706,31080.52467960257,9079740.30662876
2012-05-26,5.10397880479252,1.0671858,46379040.31986056,36238.24951402689,9086840.30511876
2012-05-27,5.13461613500877,1.07321035,46698257.01437642,40820.19827331972,9094790.29911876
2012-05-28,5.13632541905318,1.07353739,46750270.49452458,36467.910475277575,9101890.29711876
2012-05-29,5.14847069783752,1.07601639,46893250.84732125,32435.36539637637,9108190.29561876
2012-05-30,5.13826456925774,1.07393,46833947.11639456,33655.6329286382,9114740.29511876
2012-05-31,5.18163972121566,1.08799952,47265053.67271972,35753.31407638805,9121640.29451876
2012-06-01,5.26694375803624,1.10502904,48083195.17956157,40028.77256107542,9129240.29351876
2012-06-02,5.24363906019871,1.09982963,47912390.0924074,41949.11248158968,9137240.29101876
2012-06-03,5.21270498480421,1.09327409,47669615.18723664,39877.19313375221,9144890.28751876
2012-06-04,5.25876585739334,1.10255401,48131592.23848889,40755.43539479839,9152640.28551876
2012-06-05,5.42601429485681,1.13624416,49702238.22183528,39881.20506719755,9159990.28401876
2012-06-06,5.44616942197545,1.13951888,49928522.18104713,41663.19607811219,9167640.28301876
2012-06-07,5.58716980976037,1.16734111,51259993.8406161,38830.83017783457,9174590.28201876
2012-06-08,5.62252910169492,1.17328064,51624039.68132231,39638.83016694919,9181640.28101876
2012-06-09,5.55700233547633,1.15906527,51069908.84675761,47512.36996832262,9190190.27951876
2012-06-10,5.45789356925774,1.13827143,50204380.92709159,45300.51662483924,9198490.27651876
2012-06-11,5.58699698158971,1.16358167,51431046.385611534,39108.97887112797,9205490.27591876
2012-06-12,5.72749129865575,1.19076668,52769039.88158684,44674.43212951485,9213290.27491876
2012-06-13,5.90930132378726,1.22631584,54488428.15430492,44319.75992840445,9220790.27091876
2012-06-14,5.96202318205728,1.23632319,55021069.06734368,46503.780820046784,9228590.25991876
2012-06-15,6.52338071917008,1.34544986,60253468.62382209,51860.87671740213,9236540.25691876
2012-06-16,6.44415828229106,1.32650659,59571991.818051375,50264.43460187026,9244340.25491876
2012-06-17,6.1999664880187,1.27481556,57365439.48474045,50839.72520175334,9252540.25091876
2012-06-18,6.31084466861485,1.29624188,58446564.17295112,55219.89085037994,9261290.24591876
2012-06-19,6.49482671595558,1.33207309,60198212.26704237,47736.97636227351,9268640.24241876
2012-06-20,6.69355105552309,1.37148675,62088644.91636487,48528.2451525424,9275890.24141876
2012-06-21,6.67226250379895,1.36507314,61936546.022190414,45371.38502583286,9282690.23991876
2012-06-22,6.56376169783752,1.340806,60974656.585692726,45289.95571507889,9289590.23691876
2012-06-23,6.44754168907072,1.31590739,59947890.149425805,52869.841850379904,9297790.23391876
2012-06-24,6.35049403857393,1.29595593,59087157.172488414,41595.73595265924,9304340.23141876
2012-06-25,6.31747363004091,1.28915512,58828568.5842839,48644.54695131501,9312040.22831876
2012-06-26,6.43286082875511,1.31046257,59950983.620852046,47924.813174225565,9319490.22631876
2012-06-27,6.61571340151958,1.34542168,61708994.40680801,53918.06422238458,9327640.21981876
2012-06-28,6.59006463296318,1.33892459,61514893.84789314,45141.94273579778,9334490.21731876
2012-06-29,6.65877675715956,1.35144702,62204895.53937822,48609.0703272648,9341790.21281876
2012-06-30,6.68042762302747,1.35478588,62451244.1851726,44090.8223119813,9348390.20931876
2012-07-01,6.62686009234366,1.3431952,61997524.709132895,47050.70665564,9355490.20881876
2012-07-02,6.74347805084746,1.36464463,63139793.28092842,51250.4331864407,9363090.20431876
2012-07-03,6.44999240327294,1.30578732,60443460.61211648,51599.93922618352,9371090.20181876
2012-07-04,6.51483533313852,1.31743258,61099970.75668722,48861.2649985389,9378590.19181876
2012-07-05,6.64239860432496,1.34189548,62344159.65733903,47825.26995113972,9385790.18981876
2012-07-06,6.67218118936295,1.34647254,62675402.12600879,51709.404217562864,9393540.18531876
2012-07-07,6.80827371186441,1.37465592,64010301.356431305,56508.6718084746,9401840.18231876
2012-07-08,6.79631768790181,1.37033073,63949884.55003694,51991.830312448845,9409490.18081876
2012-07-09,7.03239588603156,1.41488587,66228574.0109724,57314.026471157216,9417640.17331876
2012-07-10,7.17858003565167,1.45714854,67659123.05269025,53839.35026738753,9425140.16931876
2012-07-11,7.18514778901227,1.45509139,67769165.5245275,48140.49018638221,9431840.16731876
2012-07-12,7.55593565020456,1.52548031,71323046.8733178,56669.5173765342,9439340.16581876
2012-07-13,7.63092125599065,1.53494235,72093053.51753044,62192.0082363238,9447490.16521876
2012-07-14,7.58012917825833,1.53495281,71674215.81054553,61020.03988497956,9455540.15307876
2012-07-15,7.62723485973115,1.54252702,72173016.09809996,53390.64401811805,9462540.15057876
2012-07-16,8.49340567738165,1.70367355,80432892.74938156,63700.54258036237,9470040.14697876
2012-07-17,8.75198485505552,1.73352208,82956914.99099937,75267.06975347747,9478640.14447876
2012-07-18,9.09519268614845,1.79066623,86280546.2054428,70487.74331765049,9486390.13847876
2012-07-19,8.87953341350087,1.73994899,84294655.01427075,59936.85054113087,9493140.13347876
2012-07-20,8.53245067913501,1.67043972,81062890.09250583,63140.13502559907,9500540.13095376
2012-07-21,8.87564584102864,1.73068675,84386002.7507508,62573.30317925191,9507590.12495376
2012-07-22,8.50656254412624,1.65722469,80942835.87603346,65925.85971697836,9515340.12195376
2012-07-23,8.53121126943308,1.65967218,81237521.89475651,60145.039449503216,9522390.11895376
2012-07-24,8.57458517066043,1.66485314,81719570.49669896,69025.41062381647,9530440.11695376
2012-07-25,8.7693472729398,1.69811126,83645893.81016934,70154.7781835184,9538440.11495376
2012-07-26,8.87576504617183,1.71150143,84735953.542009,75000.21464015197,9546890.11045376
2012-07-27,8.89145989421391,1.71018114,84964924.49795114,79133.99305850381,9555790.10745376
2012-07-28,8.84256089421391,1.69715731,84565301.46853597,67645.5908407364,9563440.10295376
2012-07-29,8.74768065926359,1.67503455,83730525.74786323,72605.74947188779,9571740.09995376
2012-07-30,9.08831724897721,1.73507837,87070987.8219796,79977.19179099945,9580540.09742876
2012-07-31,9.32099840210403,1.77024687,89360785.41971973,60586.4896136762,9587040.09642876
2012-08-01,9.56802090385739,1.80931121,91793105.78402115,64105.74005584452,9593740.09592876
2012-08-02,10.5510396960842,1.9719365,101310978.64772512,87046.07749269465,9601990.09442876
2012-08-03,10.9158647466394,2.02602743,104902443.63559788,88418.50444777914,9610090.09092876
2012-08-04,10.9197148807715,2.01583662,105024617.5257001,85173.7760700177,9617890.08892876
2012-08-05,10.805117377557,1.9855767,103997526.89568885,75095.56577402115,9624840.08842876
2012-08-06,10.8694465017534,1.98923564,104692770.50570764,76086.1255122738,9631840.08392876
2012-08-07,10.9412794400935,1.99677645,105474372.3500844,89718.4914087667,9640040.08192876
2012-08-08,11.0703915967271,2.00790333,106810902.92881712,91884.25025283491,9648340.07862876
2012-08-09,11.1037247440094,2.00671418,107226894.09658964,94381.6603240799,9656840.07561876
2012-08-10,11.4475688045003,2.06026781,110636632.18486153,89291.03667510234,9664640.07111866
2012-08-11,11.5425355271771,2.07039383,111651408.61898217,96957.29842828764,9673040.06611866
2012-08-12,11.5925523898305,2.0737898,112227384.47474273,92160.79149915247,9680990.06161866
2012-08-13,11.9849629903565,2.13114399,116122187.2964391,95879.703922852,9688990.06111866
2012-08-14,12.1870974810053,2.1544732,118176335.07647696,95668.7152258916,9696840.06061866
2012-08-15,13.1700773538866,2.30814027,127818103.77325378,109970.14590495313,9705190.05611866
2012-08-16,13.4507908246639,2.33572798,130646052.43435933,103571.08934991204,9712890.05511866
2012-08-17,12.0770055423729,2.0858717,117385958.35429204,83331.338242373,9719790.05411866
2012-08-18,11.5775071648159,1.97544904,112618349.17115948,87410.17909436004,9727340.05411866
2012-08-19,7.83062184190532,1.36686681,76242380.12277623,71258.6587613384,9736440.05061866
2012-08-20,9.97987664874343,1.71866113,97255295.61493371,86824.92684406784,9745140.04911866
2012-08-21,9.90298201811806,1.70425191,96591607.45006648,85660.79445672123,9753790.04761866
2012-08-22,9.772554578609,1.67933753,95395671.50898488,76225.9257131502,9761590.04706866
2012-08-23,10.0886574260666,1.72984273,98564569.31712043,83231.42376504945,9769840.04456866
2012-08-24,10.5940425943892,1.80794118,103580497.48772812,78395.91519848008,9777240.04456866
2012-08-25,10.5836766715371,1.80118006,103552174.73546144,73027.369033606,9784140.04406866
2012-08-26,10.545530742256,1.7917826,103273332.10031617,94382.5001431912,9793090.04206866
2012-08-27,10.9003800806546,1.83189532,106827431.35041092,79027.75558474586,9800340.03951866
2012-08-28,10.9329585336061,1.83040885,107229255.08782636,82543.83692872604,9807890.03801866
2012-08-29,10.8677839018118,1.81697118,106681318.81809138,91289.38477521912,9816290.03501866
2012-08-30,10.7277488383986,1.79273795,105389297.61688048,82603.66605566922,9823990.02851866
2012-08-31,10.1024098205728,1.67505198,99316690.19995776,70716.8687440096,9830990.02751866
2012-09-01,10.0065329374635,1.66090374,98454678.08337092,80552.59014658116,9839040.02501866
2012-09-02,10.2261162016365,1.69521665,100699020.68966392,83854.1528534193,9847240.01801866
2012-09-03,10.4971343091759,1.73716742,103450203.51037093,82402.50432703081,9855090.01441866
2012-09-04,10.3640018942139,1.71209367,102217456.1812102,79284.61449073633,9862740.01341866
2012-09-05,11.0255228784337,1.81269181,108841095.3293075,99229.7059059033,9871740.00991866
2012-09-06,11.1607690157802,1.82965166,110271634.58060482,95424.57508492073,9880290.00731866
2012-09-07,11.0761223366452,1.81354854,109528340.24807017,93039.42762781968,9888690.00531866
2012-09-08,11.0432700333139,1.80523977,109283537.65588708,80063.70774152578,9895940.00021866
2012-09-09,11.0620954932788,1.8034734,109557776.88646217,87943.65917156645,9903889.99561866
2012-09-10,11.1252888047925,1.78632149,110267076.14142476,83439.66603594375,9911389.99411183
2012-09-11,11.2680929552893,1.80560418,111764157.42116602,81693.67392584743,9918639.99211183
2012-09-12,11.3152859082408,1.80894872,112319940.78047256,87693.4657888662,9926389.99061183
2012-09-13,11.38029928872,1.81613397,113039260.88940366,73971.94537668,9932889.99011183
2012-09-14,11.730107622443,1.86613678,116608882.45764032,95013.8717417883,9940989.99011183
2012-09-15,11.7183934155465,1.85833105,116576804.07673204,84372.4325919348,9948189.99011183
2012-09-16,11.8869112238457,1.87885659,118348940.85010096,95689.63535195788,9956239.98711183
2012-09-17,11.908317157218,1.87699904,118662093.31211604,100029.8641206312,9964639.98611183
2012-09-18,12.2596508386908,1.92401948,122265375.02910136,102368.08450306818,9972989.98461183
2012-09-19,12.5048540981882,1.9513395,124798943.89540292,88159.22139222681,9980039.98411183
2012-09-20,12.3671766493279,1.91810213,123518907.9934015,93990.54253489204,9987639.98411183
2012-09-21,12.3336578357686,1.90624657,123288353.55958888,104219.40871224468,9996089.98411183
2012-09-22,12.2137276250731,1.88391087,122185398.1251994,95877.76185682384,10003939.98261183
2012-09-23,12.1654630263004,1.87373566,121798669.13370024,96107.15790777316,10011839.98261183
2012-09-24,12.11358871654,1.86187643,121371980.79885222,92668.953681531,10019489.98261183
2012-09-25,12.1824053945061,1.86751446,122146156.531862,84667.7174918174,10026439.98261183
2012-09-26,12.3198168597312,1.88332202,123610143.05888234,86238.7180181184,10033439.98261183
2012-09-27,12.3187514018118,1.87790927,123698618.79957862,99165.948784585,10041489.98261183
2012-09-28,12.3814573892461,1.87920326,124426093.85762496,97813.5133750442,10049389.98261183
2012-09-29,12.4047515055523,1.87778161,124764385.42933293,104199.91264663932,10057789.98261183
2012-09-30,12.3916224728229,1.87229802,124730849.77412473,98513.39865894204,10065739.98261183
2012-10-01,12.3893951601403,1.8688831,124789580.76210064,81150.53829891895,10072289.98261183
2012-10-02,12.8072380958504,1.9232089,129091708.8158583,93492.83809970792,10079589.98261183
2012-10-03,12.9554304944477,1.93693159,130671581.04504694,86153.6127880772,10086239.98261183
2012-10-04,12.8623857779077,1.91743612,129817358.3317557,84248.62684529542,10092789.98261183
2012-10-05,12.7522194190532,1.8990167,128792187.50073774,86715.09204956176,10099589.98261183
2012-10-06,12.5051297136178,1.86118784,126393597.5421964,96914.75528053795,10107339.98261183
2012-10-07,11.8739970853302,1.76871725,120088737.97575755,74212.48178331375,10113589.98261183
2012-10-08,11.7333297481005,1.74493179,118770512.82609536,104426.63475809444,10122489.98161183
2012-10-09,11.8286634354179,1.7595105,119819510.61352432,83983.51039146709,10129589.98011183
2012-10-10,12.109188478083,1.79846745,122751327.72903688,90213.45416171836,10137039.98011183
2012-10-11,12.0675518082992,1.79078273,122412521.24424328,83266.10747726448,10143939.97961183
2012-10-12,12.0280681648159,1.7833828,122101610.63638614,89609.10782787844,10151389.97911183
2012-10-13,11.9268038293396,1.76778643,121161895.21836431,88258.34833711304,10158789.97861183
2012-10-14,11.6505779608416,1.72624831,118429755.79785956,73981.17005134416,10165139.97811183
2012-10-15,11.9083095268849,1.76179327,121150258.44110738,100625.2155021774,10173589.97661183
2012-10-16,11.8480180689655,1.7507955,120628700.00325371,91822.14003448264,10181339.97611183
2012-10-17,11.9193881607247,1.7561613,121439970.82156187,84627.65594114536,10188439.97561183
2012-10-18,11.9259328445354,1.75473806,121600269.51255617,93618.57282960288,10196289.97561183
2012-10-19,11.7574857971946,1.72901826,119962097.60146482,79363.02913106355,10203039.97561183
2012-10-20,11.6943775517241,1.71932352,119410587.2327972,92385.5826586204,10210939.97561183
2012-10-21,11.657411405903,1.70878321,119126970.2402187,93842.16181751915,10218989.97061183
2012-10-22,11.7410779129164,1.71974123,120074124.85678738,92167.46161639376,10226839.96711183
2012-10-23,11.7077817299825,1.71372613,119809710.6919438,76100.58124488626,10233339.96611183
2012-10-24,11.6343523869082,1.70097555,119152521.5151102,94238.2543339564,10241439.96611183
2012-10-25,10.7536298202805,1.57445232,110209542.6635787,76888.45321500557,10248589.96501183
2012-10-26,10.130619493571,1.4868804,103908142.88185632,83577.61082196076,10256839.96401183
2012-10-27,10.4581862957335,1.53614064,107359452.2635606,91509.13008766812,10265589.96251183
2012-10-28,10.7099620838691,1.57242952,110032971.94699004,88892.68529611353,10273889.96201183
2012-10-29,10.6307389760374,1.56040388,109303025.28727388,83982.83791069547,10281789.96151183
2012-10-30,10.8593230584454,1.59285398,111730922.96557608,77644.1598678846,10288939.96101183
2012-10-31,11.1460718381064,1.63149593,114761515.64391676,80251.71723436608,10296139.95951183
2012-11-01,10.6135357510228,1.5558671,109351152.26178744,72702.71989450618,10302989.95801183
2012-11-02,10.5305036388077,1.5453108,108570966.32866448,75293.10101747506,10310139.95651183
2012-11-03,10.650747019287,1.56238365,109888442.8581656,77750.4532407951,10317439.95601183
2012-11-04,10.7968828924605,1.58109304,111480946.48035993,84755.53070581492,10325289.95551183
2012-11-05,10.7408207352425,1.57225848,110988015.00669368,85926.56588194,10333289.95451183
2012-11-06,10.8681974991233,1.58971981,112377596.36359228,73360.33311908228,10340039.95351183
2012-11-07,10.9540989444769,1.60010198,113351810.41732705,85989.67671414366,10347889.95351183
2012-11-08,10.892699371128,1.5902082,112800328.17427774,83873.7851576856,10355589.95351183
2012-11-09,10.8158672180012,1.57844306,112086886.48670004,82200.59085680913,10363189.95301183
2012-11-10,10.8632604430158,1.5845781,112656246.94433863,78215.47518971376,10370389.95201183
2012-11-11,10.8418406388077,1.58025646,112513802.7452792,79687.52869523659,10377739.95151183
2012-11-12,11.0313424552893,1.60489338,114553210.17726928,72806.86020490938,10384339.95151183
2012-11-13,10.9980027790766,1.59806012,114283985.6430608,76986.0194535362,10391339.94951183
2012-11-14,10.9589524184687,1.59128731,113956556.56966618,78356.5097920512,10398489.94851183
2012-11-15,11.1751098585622,1.62005507,116280258.27922516,75990.74703822297,10405289.94801183
2012-11-16,11.705044829924,1.68971657,121879246.88485298,84861.575016949,10412539.94801183
2012-11-17,11.7500423991818,1.69344447,122430036.15735748,82250.2967942726,10419539.94701183
2012-11-18,11.6656310321449,1.67867627,121635667.65306927,85159.10653465777,10426839.94701183
2012-11-19,11.7505293506721,1.6880353,122606667.6846322,85778.86425990633,10434139.94601183
2012-11-20,11.6991703167738,1.67898029,122156769.22172493,85988.90182828743,10441489.94451183
2012-11-21,11.7291351759205,1.68083489,122558788.42453088,89141.4273369958,10449089.94451183
2012-11-22,12.2919979465225,1.75627213,128528694.52003728,88502.385214962,10456289.94401183
2012-11-23,12.2802876195207,1.74998238,128506332.28966635,100084.3440990937,10464439.94401183
2012-11-24,12.4132043997662,1.76602085,129990951.64110844,93719.6932182348,10471989.94351183
2012-11-25,12.5296894897721,1.77806828,131302249.06549464,91466.73327533632,10479289.94351183
2012-11-26,12.1846262399182,1.72578205,127781880.53740852,95649.31598335788,10487139.94351183
2012-11-27,12.1592753845704,1.72025602,127606001.20753424,89978.63784582097,10494539.94351183
2012-11-28,12.3316598270018,1.74127299,129501418.24305958,86321.6187890126,10501539.94351183
2012-11-29,12.4976616534191,1.76192076,131296558.34348965,51865.29586168927,10505689.94301183
2012-11-30,12.5861389275278,1.77041545,132265404.83013396,39331.68414852438,10508814.94251183
2012-12-01,12.5923868702513,1.76938314,132383636.51287374,52573.21518329917,10512989.94201183
2012-12-02,12.4979447565751,1.75501044,131435447.67419828,44680.152504755984,10516564.94201183
2012-12-03,12.6569578369375,1.77399667,133154233.36785258,46514.32005074532,10520239.94101183
2012-12-04,13.3695895815313,1.85774266,140688725.1480199,37434.85082828764,10523039.94001183
2012-12-05,13.3127502220923,1.84294645,140131206.1600305,40603.88817738152,10526089.93801183
2012-12-06,13.4779245403273,1.8612199,141916007.77403355,46161.891550621,10529514.93751183
2012-12-07,13.4772824494448,1.8543992,141952711.09091723,43464.23589945948,10532739.93651183
2012-12-08,13.4999844091175,1.85513901,142238399.86091042,46574.946211455375,10536189.93551183
2012-12-09,13.3465108907072,1.83087828,140663415.23017395,42041.50930572768,10539339.93551183
2012-12-10,13.4922565809468,1.84712224,142247713.40752953,48234.81727688481,10542914.93451183
2012-12-11,13.615415666277,1.85959868,143595184.6435536,49015.4963985972,10546514.93301183
2012-12-12,13.6682136426067,1.86112478,144196440.98368603,44421.694338471774,10549764.93301183
2012-12-13,13.7552515207481,1.86515926,145159718.5870764,45048.44873045002,10553039.93301183
2012-12-14,13.6009222527762,1.84173767,143567118.0897054,36042.44396985693,10555689.93201183
2012-12-15,13.5309482887201,1.83124675,142867734.3583218,39239.75003728829,10558589.93101183
2012-12-16,13.3328610765634,1.80326306,140813211.39073646,36998.68948746344,10561364.93001183
2012-12-17,13.3200719514904,1.80108367,140722763.0080824,44622.24103749284,10564714.92951183
2012-12-18,13.2720338690824,1.79259699,140256729.46752235,41475.1058408825,10567839.92951183
2012-12-19,13.5385431800117,1.82412757,143121219.03343675,48061.828289041536,10571389.92951183
2012-12-20,13.5700270263004,1.82505515,143490007.60708508,35960.57161969606,10574039.92851183
2012-12-21,13.4289680023378,1.80384887,142040745.08449155,42301.24920736407,10577189.92701183
2012-12-22,13.4272139129164,1.80284753,142073550.82732213,51359.09321690523,10581014.92601183
2012-12-23,13.3181057568673,1.78784107,140959696.01551637,40620.22255844528,10584064.92551183
2012-12-24,13.4266626715371,1.80152292,142152977.4285975,44307.98681607243,10587364.92501183
2012-12-25,13.3655670046756,1.79274659,141547568.56591237,41433.25771449436,10590464.92501183
2012-12-26,13.4546990175336,1.80324201,142543318.60627088,51800.59121750436,10594314.92451183
2012-12-27,13.3993031811806,1.79484765,142008694.9528471,52257.28240660434,10598214.92451183
2012-12-28,13.4555072215079,1.80018039,142661206.94968933,56849.51801087088,10602439.92301183
2012-12-29,13.3740038603156,1.78895887,141845218.84627357,48146.41389713616,10606039.92101183
2012-12-30,13.445013798948,1.79682629,142654149.83023795,55796.8072656342,10610189.91601183
2012-12-31,13.5455524436002,1.80428719,143774388.85573012,53504.93215222079,10614139.91451183
2013-01-01,13.3313714219755,1.77533304,141555033.526106,53992.054259000775,10618189.91051183
2013-01-02,13.2806068129749,1.7682754,141066803.57478377,50798.321059628994,10622014.90951183
2013-01-03,13.3840811484512,1.78037669,142220115.00415587,54205.52865122736,10626064.90701183
2013-01-04,13.4517211496201,1.78670376,142990314.83320323,51452.83339729688,10629889.90351183
2013-01-05,13.459406766803,1.78641402,143119456.47290248,47444.408852980574,10633414.90101183
2013-01-06,13.5044965078901,1.79112313,143647868.1839974,48953.79984110161,10637039.90001183
2013-01-07,13.5560616578025,1.79609055,144253304.1864724,56935.4589627705,10641239.89901183
2013-01-08,13.7803506312098,1.82064961,146685836.611271,45819.66584877259,10644564.89801183
2013-01-09,13.8209552565751,1.82378518,147162973.2718943,44918.10458386908,10647814.89701183
2013-01-10,14.12317285564,1.85730887,150432832.95029324,51902.660244477,10651489.89451183
2013-01-11,14.2276211227352,1.86676138,151586978.3821996,41615.79178400046,10654414.89301183
2013-01-12,14.2142856560491,1.86299654,151488250.3585849,43353.57125094976,10657464.89301183
2013-01-13,14.1607882670953,1.85333941,150965188.42076927,47084.62098809187,10660789.89201183
2013-01-14,14.3179703202805,1.87068729,152697071.2694429,56198.03350710096,10664714.89001183
2013-01-15,14.3136377516072,1.86625363,152694164.3996857,43298.75419861178,10667739.88901183
2013-01-16,14.7078140479252,1.91141576,156947302.6534576,48168.09100695503,10671014.88651183
2013-01-17,15.598599739626,2.0121271,166496176.12116817,43286.11427746215,10673789.88501183
2013-01-18,15.7157911239042,2.01889919,167794592.57786348,47540.26814981021,10676814.88351183
2013-01-19,15.5881263997662,1.99859889,166491554.2221384,60014.28663909987,10680664.88251183
2013-01-20,15.7195921373466,2.01174993,167946784.3596339,51088.67444637645,10683914.88101183
2013-01-21,16.7810195207481,2.13015937,179342361.50712705,55377.36441846873,10687214.87901183
2013-01-22,17.3001788386908,2.1703499,184953009.29499075,62280.64381928688,10690814.87651183
2013-01-23,17.5363954228521,2.18559134,187533596.6687621,55239.64558198412,10693964.87401183
2013-01-24,16.90108607218,2.09953529,180805534.9904228,65914.235681502,10697864.87201183
2013-01-25,17.4072020292227,2.15223509,186279514.74057025,59619.66695008776,10701289.87001183
2013-01-26,17.5536291760608,2.16087068,187914933.1848493,68459.15378663712,10705189.86701183
2013-01-27,17.8646280148217,2.18079976,191311673.7282993,67438.97075595192,10708964.86451183
2013-01-28,18.7942648743425,2.27526587,201336191.0794873,69068.92341320869,10712639.86251183
2013-01-29,19.5147141861484,2.32416991,209131188.1878217,77083.12103528618,10716589.86101183
2013-01-30,19.7374466864407,2.32557517,211593616.68692908,75495.73357563566,10720414.85651183
2013-01-31,20.5116430306838,2.38254625,219992291.29369807,98968.67762304933,10725239.85351183
2013-02-01,20.443091956166,2.33077644,219332192.91977447,75128.36293891005,10728914.85251183
2013-02-02,19.6359017054354,2.2350697,210747024.72484177,75107.3240232904,10732739.85001183
2013-02-03,20.5789396832262,2.32891208,220964098.0580997,95692.06952700183,10737389.84901183
2013-02-04,20.4404879614261,2.30317042,219561293.9260665,83806.00064184701,10741489.84801183
2013-02-05,20.6593447276446,2.31494333,221998394.40214977,86252.7642379162,10745664.84701183
2013-02-06,21.2085655318527,2.36137756,227977548.32355472,77411.26419126235,10749314.84551183
2013-02-07,22.1177651789246,2.44320117,237835974.95012105,85153.39593885971,10753164.84401183
2013-02-08,22.7873650499299,2.48951622,245122315.0456336,86022.30306348538,10756939.84401183
2013-02-09,23.7338601537113,2.57029343,255388554.4778444,84848.55004951789,10760514.84351183
2013-02-10,23.9002893571011,2.57573299,257275617.02012607,96198.66466233192,10764539.84201183
2013-02-11,24.4972726949153,2.61956557,263799244.59175792,97376.65896228832,10768514.84151183
2013-02-12,24.9797364073641,2.64695645,269081466.77380985,86804.58401559024,10771989.83951183
2013-02-13,24.6416509347867,2.58643345,265544956.46982,105343.05774621312,10776264.83601183
2013-02-14,27.2823898203039,2.81731895,294105249.0844797,102991.02157164722,10780039.83601183
2013-02-15,27.1712692291058,2.76388477,293028956.04663503,121591.42980024844,10784514.83351183
2013-02-16,27.3461635619521,2.75541364,295044317.1963433,129210.62283022369,10789239.83351183
2013-02-17,26.9272513763881,2.69341809,290651131.1174092,126558.08146902408,10793939.82901183
2013-02-18,26.9288676370544,2.67527962,290776965.61656386,108388.69223914396,10797964.82851183
2013-02-19,29.4136243807715,2.87905367,317724200.6113014,116919.15691356672,10801939.82551183
2013-02-20,29.8198072276447,2.88625353,322255643.80652446,143880.56987338568,10806764.82401183
2013-02-21,29.8180689158387,2.8644687,322368057.7381488,131199.50322969028,10811164.82251183
2013-02-22,30.4726565324372,2.89510636,329574421.14223325,129508.7902628581,10815414.82251183
2013-02-23,29.8064545458796,2.81513609,322491376.7507662,122206.46363810636,10819514.82201183
2013-02-24,29.8828484924021,2.78872419,323434465.29659873,116543.1091203682,10823414.82201183
2013-02-25,30.3520330949737,2.77552491,328667440.2015882,154795.36878436588,10828514.82051183
2013-02-26,31.1555373506721,2.82058485,337497493.39161247,129295.4800052892,10832664.81951183
2013-02-27,31.2402610829924,2.81550442,338566011.4145815,150734.2597254383,10837489.81851183
2013-02-28,33.3752939365868,2.93242114,361844584.44544506,140176.23453366457,10841689.81801183
2013-03-01,34.6062570341204,2.99916694,375321808.1992343,131503.77672965752,10845489.81501183
2013-03-02,34.143515924021,2.94238341,370426924.4308168,123770.24522457612,10849114.81451183
2013-03-03,34.451740484512,2.95351788,373909556.3316863,138668.2554501608,10853139.81451183
2013-03-04,36.3762652507306,3.07990408,394959476.3920038,162783.78699701943,10857614.81201183
2013-03-05,40.6729539902747,3.34059331,441752606.2081985,141338.51511620457,10861089.81201183
2013-03-06,43.2849961852133,3.41073072,470289960.4404088,167729.36021770153,10864964.81201183
2013-03-07,41.9474407158387,3.24461202,455925257.05245566,167789.7628633548,10868964.81101183
2013-03-08,43.902928914962,3.35334641,477355001.1927356,175611.715659848,10872964.81101183
2013-03-09,46.8885866123086,3.50857536,510016056.5521488,198104.27843700384,10877189.81101183
2013-03-10,46.0660384590181,3.41442475,501279796.2860608,210752.1259500078,10881764.81101183
2013-03-11,48.275074577218,3.52669627,525515935.5891092,197927.8057665938,10885864.81101183
2013-03-12,44.4135452582116,3.21775227,483629745.12948,149895.71524646415,10889239.81001183
2013-03-13,47.0161908515809,3.35448171,512155115.661733,184538.54909245504,10893164.80951183
2013-03-14,46.9255625535453,3.31080577,511377878.5672529,209991.8924271152,10897639.80951183
2013-03-15,46.9025172478223,3.27320999,511328419.90344656,201680.8241656359,10901939.80851183
2013-03-16,47.1570156995909,3.26643484,514309258.649673,206311.94368571017,10906314.80851183
2013-03-17,47.3334997837522,3.25507816,516481367.1665983,247317.53637010523,10911539.80851183
2013-03-18,51.3654363912578,3.46957223,560719989.7876501,243985.8228584745,10916289.80851183
2013-03-19,59.4986011114249,3.86035942,649756841.9880818,252869.05472355583,10920539.80851183
2013-03-20,63.6874854981899,4.00566845,695837672.1730056,335951.4860029517,10925814.80851183
2013-03-21,70.9175250053215,4.23461019,775218245.3974286,386500.5112790022,10931264.80851183
2013-03-22,69.8460845417884,4.05568242,763905914.7281493,399868.8340017386,10936989.80751183
2013-03-23,64.3831163705435,3.70672564,704506765.9267925,349278.4063101985,10942414.80751183
2013-03-24,71.6904242064758,4.02556381,784805096.648121,338737.2543755981,10947139.80751183
2013-03-25,74.3140892495617,4.02378239,813794255.4041623,267530.7212984221,10950739.80751183
2013-03-26,78.6141974320088,4.15075356,861180389.8495988,296768.5953058332,10954514.80751183
2013-03-27,88.8520799138223,4.49610198,973622415.6559086,290990.561717768,10957789.80751183
2013-03-28,87.6731739608416,4.28052357,961105316.7911924,401104.7708708503,10962364.80751183
2013-03-29,90.29569935827,4.30087359,990247183.1166804,392786.2922084745,10966714.80651183
2013-03-30,92.1899599883109,4.24924608,1011419720.7924916,398721.5769494447,10971039.80651183
2013-03-31,93.8992384231444,4.26532297,1030569006.8238,396724.28233778506,10975264.80651183
2013-04-01,103.580346911163,4.45266486,1137334458.8175838,512722.7172102569,10980214.80651183
2013-04-02,116.679944241173,4.75336825,1281698828.0109138,527976.7476913078,10984739.80551183
2013-04-03,131.384809378154,4.85046378,1443802753.8911293,574808.5410294237,10989114.80501183
2013-04-04,133.007120475745,4.73920513,1462142594.2058332,512077.4138316183,10992964.80501183
2013-04-05,142.626065488019,4.71276367,1568446691.1457827,563372.9586776751,10996914.80501183
2013-04-06,143.081822964933,4.6145611,1574041675.7197354,583058.428582102,11000989.80501183
2013-04-07,162.852214576856,5.04960835,1792203246.3633568,667694.0797651096,11005089.80501183
2013-04-08,186.351161848042,5.33290242,2051533382.1581576,722110.7521611627,11008964.80501183
2013-04-09,230.682996695207,5.64074143,2540595996.9176526,1015005.1854589108,11013364.80501183
2013-04-10,161.192889661017,3.7993504,1776045793.8589313,769696.0481313561,11018139.80501183
2013-04-11,82.9015850379895,2.09881888,913752860.3457972,331606.340151958,11022139.80501183
2013-04-12,111.476373194039,2.84072926,1229190266.5977046,482135.31406421866,11026464.45501183
2013-04-13,97.6090718702513,2.50198944,1076690513.5022545,407517.8750582992,11030639.80501183
2013-04-14,88.8614913997663,2.29456796,980538999.3715824,339895.2046041061,11034464.80501183
2013-04-15,80.8746931659848,2.11528578,892740541.5981705,331586.24198053766,11038564.80501183
2013-04-16,68.2831387270602,1.81094891,754050004.8171343,302152.8888672414,11042989.80501183
2013-04-17,92.8640369135009,2.42321708,1025893606.645838,396993.7578052163,11047264.80501183
2013-04-18,108.628345092344,2.78425484,1200445302.7335455,399209.1682143642,11050939.80501183
2013-04-19,119.012283239042,3.00006559,1315605195.2017653,407617.0700937189,11054364.80501183
2013-04-20,128.208288893045,3.18525555,1417754798.362304,493601.9122382233,11058214.80501183
2013-04-21,118.483243756283,2.91485166,1310734486.5240817,521326.2725276452,11062614.80501183
2013-04-22,126.31427175979,3.07341776,1397849284.9436216,483152.0894811968,11066439.80501183
2013-04-23,142.127218053185,3.38292483,1573439237.5551858,596934.315823377,11070639.80501183
2013-04-24,154.1332778045,3.50996743,1706978240.3145523,624239.775108225,11074689.80501183
2013-04-25,141.008659278492,3.16156158,1562233498.5647995,606337.2348975156,11078989.80501183
2013-04-26,137.209600419638,3.0583438,1520730335.2407105,586571.0417939525,11083264.80501183
2013-04-27,128.226669605202,2.83739563,1421641367.3100145,471233.0107991174,11086939.80501183
2013-04-28,134.62356956166,2.9627086,1493159121.3612576,595709.2953103455,11091364.80501183
2013-04-29,143.810378192577,3.11966325,1595678942.2531545,625575.14513771,11095714.80381183
2013-04-30,139.129647545295,3.00006777,1544261147.854558,518257.9371062239,11099439.80381183
2013-05-01,116.113801040327,2.52047369,1289236474.6378202,438329.5989272344,11103214.80381183
2013-05-02,106.340984697253,2.32100761,1181083037.8412025,356242.2987357976,11106564.80381183
2013-05-03,96.3168402741087,2.10886798,1070079113.3807204,329885.1779388223,11109989.80381183
2013-05-04,112.497636369082,2.45598818,1250294771.117999,447178.1045671009,11113964.80381183
2013-05-05,116.488715827002,2.53233335,1295132003.695325,480515.9527863833,11118089.80381183
2013-05-06,112.118596195207,2.43394807,1247009913.3498368,465292.17421010905,11122239.80381183
2013-05-07,111.609212873466,2.41884231,1241813188.5874398,468758.6940685572,11126439.80381183
2013-05-08,113.136061854763,2.44959787,1259268268.1225033,466686.25515089737,11130564.80381183
2013-05-09,111.974532710696,2.42161822,1246798888.297063,459095.5841138536,11134664.80381183
2013-05-10,117.691036883694,2.54554421,1310956317.571587,506071.4585998842,11138964.80381183
2013-05-11,115.49977766277,2.486801,1287073482.2220523,525523.9883656035,11143514.80381183
2013-05-12,114.885675559614,2.46930854,1280712746.181832,482519.8373503788,11147714.80381183
2013-05-13,117.404456646113,2.5169175,1309302108.773769,510709.3864105916,11152064.80381183
2013-05-14,107.865566569258,2.31657619,1203339070.9115355,415282.4312916433,11155914.80381183
2013-05-15,108.986852425482,2.33507149,1216232218.9945962,384178.65479982406,11159439.80331183
2013-05-16,112.917874050263,2.41471463,1260518014.3158429,417796.1339859731,11163139.80331183
2013-05-17,117.284616014027,2.50090692,1309736635.921785,472070.5794564586,11167164.80331183
2013-05-18,118.169876680304,2.50453812,1320062670.4666245,440182.7906341324,11170889.80331183
2013-05-19,117.033880187025,2.47744864,1307829010.9559853,456432.1327293975,11174789.80331183
2013-05-20,117.818636469901,2.48938747,1316978462.5665684,379965.1026154307,11178014.80331183
2013-05-21,117.252040911748,2.4741524,1311087675.4844851,442626.4544418487,11181789.80331183
2013-05-22,118.9781735827,2.50485148,1330852943.0606723,464014.87697253,11185689.80331183
2013-05-23,123.726156049094,2.59511089,1384500610.900133,538208.7788135589,11190039.80331183
2013-05-24,128.971080654588,2.69072496,1443736428.8167455,544902.8157656343,11194264.80331183
2013-05-25,128.844915254237,2.65472177,1442855585.1916244,531485.2754237276,11198389.80331183
2013-05-26,130.158601110462,2.67740913,1458097147.7882545,530396.2995251328,11202464.80331183
2013-05-27,126.392905902981,2.59424673,1416468208.5524218,556128.7859731164,11206864.80331183
2013-05-28,125.904595265926,2.57846403,1411493100.4122276,497323.1513004077,11210814.80331183
2013-05-29,129.564812390415,2.63946924,1453071288.9468243,544172.212039743,11215014.80331183
2013-05-30,126.513068381064,2.56977125,1419412080.68704,566145.9810052614,11219489.80331183
2013-05-31,127.816488895383,2.58656508,1434594990.995787,559197.1389173006,11223864.80331183
2013-06-01,128.791151081239,2.59949225,1446220280.4782424,685812.8795075977,11229189.80331183
2013-06-02,122.626708942139,2.47023042,1377608657.543742,610067.8769871416,11234164.80331183
2013-06-03,122.949187901812,2.47098358,1381886143.747886,654704.4255771489,11239489.80331183
2013-06-04,120.189968731736,2.41037014,1351513939.6042109,640011.5834964942,11244814.80331183
2013-06-05,120.869923845704,2.41605705,1359715910.585036,556001.6496902384,11249414.80331183
2013-06-06,119.053975669784,2.36554851,1339826275.5327003,538719.2399057726,11253939.80331183
2013-06-07,110.1977314436,2.19162685,1240602181.996858,443545.86906049,11257964.80331183
2013-06-08,109.178545341321,2.17144932,1229622253.647046,494032.9176694775,11262489.80331183
2013-06-09,99.9036034482759,1.98865953,1125560431.9740229,397116.8237068968,11266464.80331183
2013-06-10,104.357566627703,2.07770045,1176194806.7851157,453955.41483050806,11270814.80331183
2013-06-11,107.507520455874,2.13557988,1212181136.8634653,483783.842051433,11275314.80331183
2013-06-12,106.378116306254,2.11326913,1199986618.4765875,539868.9402542391,11280389.80331183
2013-06-13,101.323897720631,2.01619261,1143444218.8040175,471156.12440093415,11285039.80331183
2013-06-14,99.2132443015781,1.97525553,1120071870.5583663,446459.5993571016,11289539.80331183
2013-06-15,99.8750374050263,1.98785838,1127975169.678079,431959.5367767387,11293864.80331183
2013-06-16,99.0383512565751,1.97078129,1118983801.8092291,458052.3745616598,11298489.80331183
2013-06-17,100.126305084746,1.99247389,1131638994.8992243,362957.8559322042,11302114.80331183
2013-06-18,104.289176382233,2.07413684,1179053256.332172,365012.1173378155,11305614.80331183
2013-06-19,104.417150789012,2.07549068,1180855103.9925802,355018.3126826408,11309014.80331183
2013-06-20,104.323499707773,2.07320647,1180197648.0023773,401645.4738749261,11312864.80331183
2013-06-21,101.416857393337,2.01650897,1147741147.2686293,425950.8010520154,11317064.80331183
2013-06-22,100.039508474576,1.9886398,1132593774.1355276,440173.8372881344,11321464.80331183
2013-06-23,100.314744593805,1.99397986,1136123648.4934285,413798.3214494456,11325589.80331183
2013-06-24,99.0456832261835,1.96797679,1122122201.3206155,371421.3120981881,11329339.80331183
2013-06-25,97.8327887200468,1.94416036,1108764901.010749,383993.6957261837,11333264.80331183
2013-06-26,98.6517007597896,1.95910003,1118474982.9060793,429134.8983050848,11337614.80331183
2013-06-27,96.8039495990649,1.92349796,1097930048.4829865,404156.489576096,11341789.80331183
2013-06-28,89.4245067212157,1.78128607,1014611777.0377716,377818.5408971363,11346014.80331183
2013-06-29,88.7972910578609,1.76821188,1007870547.3911984,375168.5547194623,11350239.80331183
2013-06-30,89.4809076563413,1.78301213,1015972024.1892608,342264.4717855055,11354064.80331183
2013-07-01,82.8675701344243,1.65189371,941209016.6120192,325255.2127776153,11357989.80331183
2013-07-02,87.8164666861484,1.74762367,997754431.1692208,335897.98507451767,11361814.80331183
2013-07-03,77.6913308007014,1.55181119,883071892.5020887,357380.12168322643,11366414.80331183
2013-07-04,79.1348708357686,1.58276019,899806198.6680473,326431.34219754545,11370539.80331183
2013-07-05,67.4476238527177,1.36137275,767229523.1070461,313631.4509151373,11375189.80331183
2013-07-06,66.3416808883694,1.34844416,754959359.3341,310147.3581531269,11379864.80331183
2013-07-07,72.1095223728814,1.46501861,820931924.913814,335309.2790338985,11384514.80331183
2013-07-08,73.9885537697253,1.50296907,842678930.7251656,355145.0580946814,11389314.80331183
2013-07-09,74.8919108708358,1.52222014,853313924.2172979,346375.0877776156,11393939.80331183
2013-07-10,85.0136791350088,1.71733658,969055184.2081404,414441.6857831679,11398814.80331183
2013-07-11,87.4975493863238,1.76516035,997748975.538166,380614.33983050846,11403164.80331183
2013-07-12,90.0466987142022,1.81083744,1027164025.2222648,346679.7900496785,11407014.80331183
2013-07-13,91.5925978959673,1.83583015,1045157621.0198286,359500.94674167165,11410939.80331183
2013-07-14,89.892269275862,1.80117415,1026141810.2478448,386536.7578862066,11415239.80331183
2013-07-15,93.7961525423729,1.87663807,1071090138.1246268,384564.2254237289,11419339.80331183
2013-07-16,91.7810356516657,1.83749352,1048455135.85242,376302.24617182935,11423439.80331183
2013-07-17,91.0313512565751,1.8238974,1040309905.5094006,418744.2157802456,11428039.80331183
2013-07-18,84.9617291174752,1.7072557,971287993.072402,341970.9596978377,11432064.80331183
2013-07-19,86.2387945996493,1.7344736,986256159.2696024,368670.8469135008,11436339.80331183
2013-07-20,84.9108591466978,1.70903901,971464273.6029056,394835.4950321448,11440989.80231183
2013-07-21,85.6643502618352,1.72424963,980511137.909878,426180.1425526301,11445964.80231183
2013-07-22,85.6490286382233,1.72449453,980689069.3884344,353302.2431326711,11450089.80231183
2013-07-23,86.977056691993,1.75049177,996201703.9889264,306594.12483927526,11453614.80231183
2013-07-24,88.15173056692,1.77287254,1010006369.1996826,350403.129003507,11457589.80231183
2013-07-25,90.166092226768,1.81143598,1033415205.0483528,329106.2366277032,11461239.80231183
2013-07-26,89.9839859731151,1.80661592,1031696975.948226,368934.3424897719,11465339.80231183
2013-07-27,88.165275862069,1.76941732,1011243794.396458,398947.8732758623,11469864.80231183
2013-07-28,92.7458421975453,1.85884089,1064171803.5196216,389532.5372296903,11474064.80231183
2013-07-29,93.2986972530684,1.869772,1070930477.4557556,415179.2027761544,11478514.80231183
2013-07-30,96.659552893045,1.93317595,1109984156.8689988,476048.29799824656,11483439.80131183
2013-07-31,98.0244199298656,1.95512089,1126123141.31779,465615.9946668616,11488189.80131183
2013-08-01,96.5680178258329,1.92448734,1109819030.9985118,427313.47887931054,11492614.80131183
2013-08-02,96.0745306838106,1.90836477,1104608731.1131315,461157.7472822909,11497414.80131183
2013-08-03,95.5067095265926,1.88398021,1098486159.2511232,405903.5154880186,11501664.80131183
2013-08-04,96.3654821741672,1.89918712,1108794709.9167907,431235.5327293982,11506139.80131183
2013-08-05,97.5271338398598,1.91794773,1122621651.9925427,460815.7073933376,11510864.80031183
2013-08-06,97.6712066043249,1.91969225,1124743992.2394073,463938.2313705433,11515614.79931183
2013-08-07,97.0542068965517,1.90613164,1118090163.2384176,451302.0620689655,11520264.79831183
2013-08-08,94.2572717708942,1.85073304,1086351798.3907125,483068.5178258328,11525389.79731183
2013-08-09,92.4727767387493,1.81530455,1066235602.3404772,450804.7866014028,11530264.79731183
2013-08-10,93.293552893045,1.83035886,1076189159.8915143,489791.1526884863,11535514.79731183
2013-08-11,94.271312390415,1.84834368,1087977184.081411,509065.086908241,11540914.79681183
2013-08-12,95.4464707773232,1.87013093,1102054997.7442284,515410.94219754526,11546314.79581183
2013-08-13,97.7590750847458,1.90506811,1129204302.8443928,447247.768512712,11550889.79581183
2013-08-14,99.1212875511397,1.92870802,1145355378.3299043,416309.4077147867,11555089.79581183
2013-08-15,98.1063331385155,1.90518517,1134044440.8692153,416951.9158386909,11559339.79581183
2013-08-16,98.2909602571596,1.90684121,1136591430.502224,412822.0330800704,11563539.79581183
2013-08-17,99.6305043834015,1.92994937,1152554547.2100892,473244.89582115714,11568289.79581183
2013-08-18,99.1780397428405,1.91982911,1147801318.6184745,481013.4927527764,11573139.79581183
2013-08-19,102.784012273524,1.98520771,1189988562.0702424,454819.2543103437,11577564.79581183
2013-08-20,104.500210987726,2.01417621,1210354339.8885968,496376.0021916985,11582314.79581183
2013-08-21,110.801603740503,2.12829753,1283881982.2616355,542927.8583284647,11587214.79581183
2013-08-22,109.523216832262,2.10024403,1269660463.9345877,591425.3708942148,11592614.79581183
2013-08-23,107.697571595558,2.06093411,1249024180.0524876,527718.1008182341,11597514.79581183
2013-08-24,108.882675043834,2.08130944,1263266573.0667615,498138.23832554056,11602089.79581183
2013-08-25,113.082563413209,2.15729459,1312420941.7375212,426886.676884864,11605864.79581183
2013-08-26,112.11811484512,2.13483001,1301692972.2303731,465290.176607248,11610014.79581183
2013-08-27,117.759790765634,2.23422335,1367690448.2567008,497535.1159848037,11614239.79581183
2013-08-28,118.317414377557,2.23736392,1374693335.0953617,526512.4939801287,11618689.79581183
2013-08-29,118.835638223261,2.23910779,1381275915.5939937,561498.3906049081,11623414.79581183
2013-08-30,124.885379602572,2.34219842,1452234606.6235754,640037.5704631815,11628539.79581183
2013-08-31,128.377978959673,2.39605237,1493564144.4711514,715707.232700177,11634114.79581183
2013-09-01,130.536372004676,2.42498554,1519396350.386524,721213.4553258349,11639639.79581183
2013-09-02,129.565371712449,2.39758629,1508790670.616328,696413.8729544134,11645014.79581183
2013-09-03,129.182803623612,2.37429811,1504962196.1589904,626536.5975745182,11649864.79581183
2013-09-04,122.529238749269,2.2514393,1427948371.6106348,499306.6479032712,11653939.79581183
2013-09-05,122.370085037989,2.24501895,1426641209.9716427,547606.1305450008,11658414.79581183
2013-09-06,117.861146405611,2.16099099,1374619240.9086456,545107.8021259509,11663039.79581183
2013-09-07,119.814989479836,2.19342788,1397841319.7749674,434329.3368644055,11666664.79581183
2013-09-08,118.057386323787,2.15970205,1377799328.1506035,463375.241320864,11670589.79581183
2013-09-09,121.259272647575,2.21003514,1415782620.8170395,615390.8086864431,11675664.79581183
2013-09-10,122.215530189363,2.22281192,1427531142.4900775,583579.1566542083,11680439.79581183
2013-09-11,127.088227060199,2.30280245,1485081826.0684192,635441.135300995,11685439.79581183
2013-09-12,126.780723553478,2.28428174,1482163619.7065525,675107.3529222704,11690764.79581183
2013-09-13,127.407745178258,2.29152617,1490143761.5314112,649779.5004091158,11695864.79571183
2013-09-14,124.348477498539,2.22795516,1455040679.577894,677699.2023670377,11701314.79571183
2013-09-15,125.076417884278,2.23809743,1464124509.9748642,565970.790926358,11705839.79571183
2013-09-16,126.204665984804,2.25259491,1477817489.4534793,485887.9640414954,11709689.79571183
2013-09-17,126.897250146113,2.26165636,1486495300.3342347,567865.1944038557,11714164.79571183
2013-09-18,126.903819403857,2.25652894,1487095731.9570744,523478.2550409101,11718289.79571183
2013-09-19,124.180957334892,2.19436054,1455778304.7065315,589859.547340737,11723039.79571183
2013-09-20,122.921635885447,2.17030968,1441629837.4185216,614608.179427235,11728039.79571183
2013-09-21,123.508256867329,2.17848848,1449093328.1527317,583576.5136981296,11732764.79571183
2013-09-22,123.124935125658,2.16687478,1445220763.3623855,624859.0457627143,11737839.79571183
2013-09-23,122.865699006429,2.16034239,1442822936.2453976,645044.9197837523,11743089.79571183
2013-09-24,123.797357685564,2.17210146,1454419613.7691677,656125.9957334892,11748389.79571183
2013-09-25,123.614078609001,2.16519894,1452902992.2411437,636612.5048363552,11753539.79571183
2013-09-26,124.68567445938,2.18059655,1466003013.695053,504976.981560489,11757589.79571183
2013-09-27,126.605347749854,2.21042861,1489137138.583718,563393.7974868503,11762039.79571183
2013-09-28,126.796551724138,2.21128719,1491947162.079724,561074.7413793106,11766464.79571183
2013-09-29,127.108627703098,2.21364079,1496159404.7674825,540211.6677381665,11770714.79571183
2013-09-30,126.090261835184,2.19174983,1484686328.3955572,513817.8169783748,11774789.79571183
2013-10-01,127.575424313267,2.21273466,1502770219.4961276,596415.1086645232,11779464.79571183
2013-10-02,104.105092928112,1.81680607,1226799379.0197356,497101.8187317348,11784239.79571183
2013-10-03,117.575495032145,2.04455417,1386122765.6461065,584938.0877849214,11789214.79571183
2013-10-04,121.930347749854,2.11654681,1438011746.3037417,548686.564874343,11793714.79571183
2013-10-05,121.393402688486,2.10462698,1432343798.268721,664628.8797194608,11799189.79571183
2013-10-06,122.475261250731,2.12014896,1445675300.8478029,566448.0832846309,11803814.79561183
2013-10-07,123.906872589129,2.126249,1463057012.7486484,483236.8030976031,11807714.79561183
2013-10-08,124.76652893045,2.13762894,1473712894.0913742,505304.4421683225,11811764.79561183
2013-10-09,125.933520312683,2.15267013,1488057525.9822075,560404.1653914393,11816214.79561183
2013-10-10,126.704650496785,2.16263506,1497777548.195321,608182.322384568,11821014.79561183
2013-10-11,127.25529924021,2.16817047,1504875330.897519,588555.7589859713,11825639.79561183
2013-10-12,127.851263004091,2.174057,1512606987.9574847,684004.2570718869,11830989.79561183
2013-10-13,132.415658679135,2.2466238,1567339903.1262674,731596.5142022208,11836514.79561183
2013-10-14,135.339194915254,2.28766824,1602790253.0088177,845869.9682203375,11842764.79561183
2013-10-15,141.493908533022,2.37863355,1676598789.1738577,919710.405464643,11849264.79561183
2013-10-16,138.327921917008,2.31116231,1639810397.0114093,726221.590064292,11854514.79561183
2013-10-17,143.74713383986,2.38998533,1704652669.2151957,600144.2837814156,11858689.79561183
2013-10-18,152.775572180012,2.52745724,1812451441.576331,733322.7464640576,11863489.79561183
2013-10-19,165.772717124489,2.71725799,1967567120.8951907,924182.897969026,11869064.79561183
2013-10-20,166.500151081239,2.71537286,1977029419.9140136,828338.251629164,11874039.79561183
2013-10-21,179.910628579778,2.87138391,2137214991.9755807,949028.5657583288,11879314.79561183
2013-10-22,190.402781414378,2.97641992,2263020795.417627,1166217.0361630651,11885439.79561182
2013-10-23,204.600350964348,3.12646993,2432895570.4868827,1130416.9390780227,11890964.79561181
2013-10-24,194.41004376505,2.94581752,2312767940.308798,1044953.9852371436,11896339.79561181
2013-10-25,185.64378762595,2.72008931,2209572235.794998,1090657.2523024562,11902214.79561181
2013-10-26,179.808218001169,2.63011758,2140934160.0580127,818127.3919053188,11906764.79561181
2013-10-27,194.546133255406,2.83044183,2317285644.51419,870593.9463179418,11911239.79561181
2013-10-28,196.274687317358,2.84330802,2338733568.2027926,858701.7570134413,11915614.79561181
2013-10-29,204.428174167154,2.92026025,2436705089.238289,817712.696668616,11919614.79461181
2013-10-30,197.900599420982,2.81514522,2359863678.14306,964765.4221772872,11924489.79461181
2013-10-31,203.283649912332,2.87412323,2425126130.0443306,1072321.2532875512,11929764.79461181
2013-11-01,203.037109849386,2.85280581,2423240758.0521526,1055792.9712168071,11934964.79461181
2013-11-02,204.792881355932,2.86731813,2445230033.221009,1034204.0508474566,11940014.79461181
2013-11-03,210.275382611748,2.92760426,2511700501.1634665,1009321.8365363904,11944814.79461181
2013-11-04,228.79103886616,3.1028572,2733981942.237586,1115356.31447253,11949689.79461181
2013-11-05,243.641668907072,3.23550814,2912502205.740773,1059841.2597457631,11954039.79461181
2013-11-06,263.209583987142,3.44238515,3147490420.3602624,1072579.0547476036,11958114.79461181
2013-11-07,290.124226183518,3.65033333,3470383248.6146903,1044447.2142606648,11961714.79461181
2013-11-08,333.750656511981,4.05004446,3993348230.4100814,1118064.6993151363,11965064.79461181
2013-11-09,331.051148451198,3.9318261,3962273330.7985,1224889.2492694326,11968764.79461179
2013-11-10,327.558653499708,3.83414476,3921872793.421458,1400313.2437112515,11973039.79461179
2013-11-11,342.697692869667,3.93601752,4104735225.964338,1602111.7141656931,11977714.79461179
2013-11-12,354.645488310929,3.97746675,4249624605.7628994,1782093.578762418,11982739.79461179
2013-11-13,394.50449522443,4.2842717,4728901632.958957,1656918.879942606,11986939.79461179
2013-11-14,416.706303302747,4.37591685,4996939801.062879,1906431.337610068,11991514.79461179
2013-11-15,408.398797334892,4.19286144,4899015075.351959,1694855.0089398017,11995664.79461179
2013-11-16,435.798442767387,4.38705732,5229805659.898808,2113622.447421827,12000514.79461179
2013-11-17,485.33657685564,4.73725385,5826545586.004729,2256815.082378726,12005164.79461179
2013-11-18,657.778503874927,5.88406778,7899304673.5368,2565336.165112216,12009064.79461179
2013-11-19,546.878397311514,4.73213355,6569699293.6366005,2201185.549178844,12013089.79461179
2013-11-20,595.339099649328,4.91891962,7154302952.639276,2440890.3085622448,12017189.79461179
2013-11-21,720.764425260082,5.68827806,8664265762.149416,2702866.5947253075,12020939.79461179
2013-11-22,802.916933718294,5.68433725,9655268663.116903,3452542.814988664,12025239.79461179
2013-11-23,834.295339989129,5.59412815,10036147278.0914,3545755.1949537983,12029489.79461179
2013-11-24,807.166695499708,5.296892,9713193626.185358,3390100.1210987736,12033689.79461179
2013-11-25,816.243386616014,5.13246251,9825949964.087608,3530252.6471142606,12038014.79461179
2013-11-26,916.097160140269,5.08521124,11031632653.28196,3641486.211557569,12041989.79461179
2013-11-27,962.910560911748,5.07240404,11599523735.799128,4164588.1759433104,12046314.79461179
2013-11-28,1007.38716364699,5.00804872,12139861320.258244,4558426.915502629,12050839.79461179
2013-11-29,1128.7254880187,5.25316203,13606971765.944044,4881737.735680877,12055164.79461179
2013-11-30,1119.29671478667,5.06423911,13498231256.36596,4924905.545061348,12059564.79461179
2013-12-01,964.485793687902,4.31245878,11635980790.70606,4701868.244228521,12064439.79461179
2013-12-02,1040.80821770894,4.55216972,12560905292.9521,4137212.665393037,12068414.79461179
2013-12-03,1053.62102744828,4.5167953,12720803700.708138,5268105.1372414,12073414.79461179
2013-12-04,1134.93223088837,4.71817918,13707359422.576458,4851835.287047782,12077689.79461179
2013-12-05,1027.411772827,4.1962207,12413127183.57118,4366500.03451475,12081939.79461179
2013-12-06,824.581710337814,3.37225697,9966834404.933245,4287824.893756633,12087139.79461179
2013-12-07,703.748376025716,2.86818513,8509735774.126515,3430773.3331253654,12092014.79395749
2013-12-08,783.573348334307,3.17322401,9478800440.282375,3819920.0731297466,12096889.79395749
2013-12-09,896.079289888954,3.60228356,10843715165.309874,3942748.8755113976,12101289.79395749
2013-12-10,977.165367329047,3.88194448,11829651680.430897,4690393.763179425,12106089.79395749
2013-12-11,875.464034272355,3.43846013,10602057499.42278,3611289.141373464,12110214.79395749
2013-12-12,873.324805987727,3.41655496,10579709783.987026,3558798.5843999875,12114289.79395749
2013-12-13,879.156135300994,3.40755236,10654176526.3605,3824329.188559324,12118639.79395749
2013-12-14,852.856120526008,3.3146272,10339677758.523289,4221637.79660374,12123589.79395749
2013-12-15,864.0616578609,3.34036895,10479352569.42843,3823472.8360344814,12128014.79395749
2013-12-16,677.894106801286,2.62754698,8224916173.90927,3406417.886676462,12133039.79395749
2013-12-17,682.62677270602,2.64569174,8285802128.534398,3464330.871483052,12138114.79395749
2013-12-18,526.12097632671,2.04906035,6388734258.019822,2617451.8572253822,12143089.79395749
2013-12-19,685.525128959673,2.65997338,8328266413.950219,3873216.978622152,12148739.79395749
2013-12-20,600.216954260666,2.33082877,7294550562.680974,2670965.446459964,12153189.79395749
2013-12-21,597.033502548217,2.28074868,7258264529.66744,2403059.847756573,12157214.79395749
2013-12-22,615.013035271771,2.38571042,7479444000.956697,2598430.0740232323,12161439.79395749
2013-12-23,657.926634155465,2.54494127,8004147786.483797,2812636.361014613,12165714.79395749
2013-12-24,650.664745178258,2.46859013,7918550774.870092,2749058.54837814,12169939.79395749
2013-12-25,678.290158094681,2.56119713,8257497461.986458,2747075.140283458,12173989.79395749
2013-12-26,749.996594956166,2.81662728,9133825877.176537,3374984.677302747,12178489.79395749
2013-12-27,722.570567492694,2.69881739,8803142106.234312,3323824.610466392,12183089.79395749
2013-12-28,715.852363078901,2.67127051,8723978064.968456,2684446.361545879,12186839.79395749
2013-12-29,727.271215663355,2.70995202,8866192331.1518,3054539.105786091,12191039.79395749
2013-12-30,735.741997077732,2.73973508,8972642048.597748,3182084.1373611907,12195364.79395749
2013-12-31,729.557582910579,2.71424112,8900576826.673786,3355964.881388664,12199964.79395749
2014-01-01,752.404549944594,2.79859382,9183165093.455942,3856073.318466044,12205089.79395749
2014-01-02,784.954921314436,2.90688604,9583074897.837929,2629598.986403361,12208439.79395749
2014-01-03,807.222939029807,2.97276592,9858181723.776411,3249072.329594973,12212464.79395749
2014-01-04,828.602062618352,3.00082617,10122194340.197912,2920822.270729691,12215989.79395749
2014-01-05,902.487380263004,3.23751863,11029131128.078058,4354501.609768993,12220814.79395749
2014-01-06,914.459960841613,3.25855458,11179698056.752884,4252238.817913501,12225464.79395749
2014-01-07,803.351796198714,2.85648041,9824903933.288069,3554831.6981793093,12229889.79395749
2014-01-08,820.690009503214,2.89105715,10040908200.522083,3959829.295853008,12234714.79395749
2014-01-09,831.334750487434,2.91922133,10175445727.85334,4302157.333772471,12239889.79395749
2014-01-10,853.298854844603,2.98942387,10448273116.754469,3989172.146398519,12244564.79395749
2014-01-11,889.555837119345,3.08800818,10896894253.595793,4670168.144876561,12249814.79395749
2014-01-12,845.191332220924,2.92251348,10357811150.308756,4373865.144243281,12254989.79395749
2014-01-13,822.877012197545,2.83904175,10087826041.53968,3476655.376534628,12259214.79395749
2014-01-14,815.293602711864,2.80186801,9998161334.875166,3301939.090983049,12263264.79395749
2014-01-15,841.089857364115,2.87183201,10318376649.711952,3869013.343874929,12267864.79395749
2014-01-16,815.854800298071,2.77584537,10012569710.009302,3773328.4513785774,12272489.79395749
2014-01-17,792.829506475745,2.69438096,9733004778.696545,3012752.124607831,12276289.79395749
2014-01-18,809.783528356386,2.74847429,9944659822.824736,3522558.348350279,12280639.79395749
2014-01-19,838.428474734073,2.83776277,10299980451.51209,3542360.3057514583,12284864.79395749
2014-01-20,828.885216592636,2.79830469,10186783630.981592,4040815.430889101,12289739.79395749
2014-01-21,823.817963763881,2.77609902,10127927256.795616,3418844.549620106,12293889.79395749
2014-01-22,818.976386323787,2.75067841,10072336523.972544,3931086.6543541774,12298689.79395749
2014-01-23,810.922425195792,2.72035724,9976871686.178234,3588331.73149138,12303114.79395749
2014-01-24,781.042513950906,2.61463948,9612946133.97756,3690425.878418031,12307839.79395749
2014-01-25,804.403240800701,2.68630023,9903784380.88354,3318163.368302892,12311964.79395749
2014-01-26,814.499381373466,2.7159709,10031182805.819489,3095097.6492191707,12315764.79395749
2014-01-27,742.701374970777,2.47713004,9150166197.27004,3230750.98112288,12320114.79395749
2014-01-28,790.176401876096,2.62930512,9738106157.737013,3042179.1472229697,12323964.79395749
2014-01-29,793.38442490941,2.63373693,9780656581.472431,3014860.814655758,12327764.79395749
2014-01-30,799.474479836353,2.64884556,9859251033.905348,3517687.711279953,12332164.79395749
2014-01-31,803.237598784921,2.65797129,9909353329.872755,3694892.954410637,12336764.79395748
2014-02-01,813.219549216833,2.67963991,10036340766.906248,3842462.370049536,12341489.79395748
2014-02-02,814.490870426651,2.68024654,10055818147.18954,3787382.547483927,12346139.79395748
2014-02-03,806.997428372531,2.65176796,9966954727.41484,3651663.363385704,12350664.79395748
2014-02-04,800.078231893629,2.627458,9884938387.457537,3440336.397142605,12354964.79395748
2014-02-05,784.473692777791,2.49283475,9695439645.56509,3294789.5096667223,12359164.79395748
2014-02-06,763.569382232612,2.4248508,9440554067.32232,3474240.6891583847,12363714.79395748
2014-02-07,711.571273419053,2.26379227,8800421618.810806,2757338.68449883,12367589.79395748
2014-02-08,677.682300941379,2.15811443,8384380163.137503,3083454.4692832744,12372139.79395748
2014-02-09,687.406054576271,2.18797536,8507055353.318679,2371550.8882881347,12375589.79395748
2014-02-10,685.457498836938,2.1809637,8485614111.043494,2673284.2454640586,12379489.79395748
2014-02-11,671.89969169024,2.13932234,8320530164.578434,2754788.735929984,12383589.79395748
2014-02-12,653.765780911747,2.08400611,8098876509.86241,2909257.725057274,12388039.79395748
2014-02-13,612.918414962011,1.95543342,7595585201.945317,2727486.946580949,12392489.79395748
2014-02-14,668.788602659264,2.12998114,8291149398.347711,3193465.577697986,12397264.79395748
2014-02-15,654.377060198714,2.08368328,8115544903.131341,3059212.756428988,12401939.79395748
2014-02-16,623.250321948568,1.98508729,7732551314.690254,3038345.319499269,12406814.79395748
2014-02-17,631.334596306254,2.01155832,7835297830.950292,2446421.5606867345,12410689.79395748
2014-02-18,627.271761415484,1.99849686,7787431379.864646,2556132.4277680973,12414764.79395748
2014-02-19,623.54013694623,1.9894402,7744221840.464212,3117700.68473115,12419764.79395748
2014-02-20,563.768561098773,1.80129677,7004367602.957469,2494675.8828620706,12424189.79395748
2014-02-21,580.324315973115,1.85383269,7212264676.099229,2205232.400697837,12427989.79395748
2014-02-22,607.12463333723,1.93944631,7548070807.62529,2732060.850017535,12432489.79395748
2014-02-23,610.082323746347,1.94857991,7587404609.210057,2562345.759734657,12436689.79395748
2014-02-24,542.266650753945,1.7420652,6746591444.292443,2589323.257350088,12441464.79395748
2014-02-25,533.707644436002,1.72827883,6642253041.785351,2148173.268854908,12445489.79395748
2014-02-26,587.57858829924,1.89989181,7315406185.332312,2702861.506176504,12450089.79395748
2014-02-27,585.393925650058,1.89448535,7290958290.631046,2751351.450555273,12454789.79395748
2014-02-28,551.29477030976,1.78120748,6868755087.551784,2494608.835651664,12459314.79395748
2014-03-01,567.534235441262,1.83532329,7073130818.958252,2043123.2475885432,12462914.79395748
2014-03-02,558.527707156633,1.80787101,6962838071.332601,1954846.975048216,12466414.79395748
2014-03-03,676.505732781999,2.18083347,8436104146.5618515,2503071.2112933965,12470114.79395748
2014-03-04,674.51139943308,2.17294282,8413747135.726302,2512554.962888223,12473839.79395748
2014-03-05,670.338851099514,2.15549405,8364313757.800142,2614321.519288105,12477739.79395748
2014-03-06,667.712834003507,2.14266138,8334434857.788749,2887858.007065168,12482064.79395748
2014-03-07,631.770295213326,1.96402906,7888419606.475515,2621846.725135302,12486214.79395748
2014-03-08,621.524114496201,1.93041869,7763093994.50467,2610401.280884044,12490414.79395748
2014-03-09,640.578889322034,1.95221351,8003962626.414499,2866590.529716102,12494889.79395748
2014-03-10,628.151241165985,1.9107893,7851020395.6799345,2339863.373343294,12498614.79395748
2014-03-11,633.73383823495,1.92512349,7923456808.115389,2661682.12058679,12502814.79395748
2014-03-12,634.646823717125,1.92370225,7937759339.556509,2887643.047912919,12507364.79395748
2014-03-13,643.432100859147,1.94782915,8050245905.561141,2605900.0084795454,12511414.79390288
2014-03-14,628.308590005845,1.90343662,7863118514.197157,2089126.0617694345,12514739.79390288
2014-03-15,636.218650061368,1.92641386,7964735259.477676,2624401.931503143,12518864.79390288
2014-03-16,634.168900970894,1.91927821,7941785799.804257,2711072.051650572,12523139.79390288
2014-03-17,622.760208649912,1.88442201,7801419760.842789,2506609.839815896,12527164.79390288
2014-03-18,614.309513717125,1.85742156,7697798742.521833,2242229.7250675065,12530814.79390288
2014-03-19,610.511203474576,1.84533875,7652644865.156567,2442044.813898304,12534814.79390288
2014-03-20,586.607595710111,1.77477734,7355613307.533916,2595738.6110172407,12539239.79390288
2014-03-21,569.694517995324,1.71786219,7146185249.9239645,2649079.508678257,12543889.79390288
2014-03-22,564.700026703682,1.7024792,7085934876.698491,2399975.1134906486,12548139.79390288
2014-03-23,558.958861691408,1.68536505,7016884365.2869625,2990429.910049033,12553489.79360286
2014-03-24,585.023250518995,1.76264446,7346833013.688013,2749609.277439276,12558189.79360286
2014-03-25,583.771189094097,1.75724218,7333400690.598088,2291301.9171943306,12562114.79360286
2014-03-26,579.243850400994,1.74314104,7278830236.531152,2302494.305343951,12566089.79360286
2014-03-27,483.164012612507,1.4579435,6073572051.880776,2089684.3545490927,12570414.79360286
2014-03-28,498.661328949153,1.50668923,6270548923.201024,2169176.780928816,12574764.79360286
2014-03-29,489.517023547633,1.47991892,6157703070.554058,2141636.9780208943,12579139.79360286
2014-03-30,458.966328275862,1.38999605,5775007986.087655,1606382.148965517,12582639.79360286
2014-03-31,455.355354056108,1.38223661,5731621497.269757,2049099.093252486,12587139.79360286
2014-04-01,479.008465867913,1.45469684,6031394283.390249,2047761.191585328,12591414.79360286
2014-04-02,439.011492524839,1.33564877,5529937933.139614,2162131.600684832,12596339.79360286
2014-04-03,449.441151519579,1.36778873,5663605611.19208,2292149.872749853,12601439.79260287
2014-04-04,449.719869736996,1.36964635,5669310246.392928,2192384.364967856,12606314.79260287
2014-04-05,461.675331482174,1.41084013,5821998222.68565,1973662.0420862937,12610589.79260287
2014-04-06,458.633480544535,1.40141439,5785370029.689896,1731341.3890556197,12614364.79260287
2014-04-07,448.655275066394,1.37167544,5661194979.476452,1693673.6633756373,12618139.79260287
2014-04-08,452.803098796026,1.38533994,5715049689.512991,1516890.380966687,12621489.79260287
2014-04-09,442.837984932203,1.35469234,5591057529.487976,1782422.889352117,12625514.79260287
2014-04-10,366.911866063413,1.1286601,4633872976.04614,1421783.4809957251,12629389.79260287
2014-04-11,421.943528071303,1.30082437,5330671997.884658,1782711.4061012552,12633614.79260287
2014-04-12,424.274212647575,1.30827456,5361824672.730246,1707703.7059064892,12637639.79260287
2014-04-13,416.362321654004,1.28401659,5263783538.128889,1946493.8537324688,12642314.79260287
2014-04-14,461.108246586649,1.42132931,5831700454.103345,2224847.2897805814,12647139.79260287
2014-04-15,521.615299606078,1.60547388,6599314961.691705,2373349.613207655,12651689.79260287
2014-04-16,531.481846731999,1.62848084,6726256095.593714,2112640.340759696,12655664.79260287
2014-04-17,499.837551544721,1.53010414,6327888316.760624,2111813.6552764466,12659889.79260287
2014-04-18,483.020013533606,1.48000554,6116912219.011133,1932080.054134424,12663889.79260287
2014-04-19,504.365595178488,1.54481447,6389235165.76176,2004853.2408344897,12667864.79260287
2014-04-20,501.55718444916,1.53703688,6355890527.831336,2231929.470798762,12672314.79260287
2014-04-21,498.084530300994,1.52622244,6314013272.666976,2129311.367036749,12676589.79260287
2014-04-22,489.503510029223,1.50076937,6207119787.1933365,1884588.5136125083,12680439.79260287
2014-04-23,490.63296754332,1.5016104,6223465666.190264,2023860.991116195,12684564.79260287
2014-04-24,503.291801028638,1.53947611,6385937386.2824335,1899926.5488831084,12688339.79260287
2014-04-25,466.426171344243,1.42807837,5920295989.25818,2122239.0796163054,12692889.79260287
2014-04-26,459.22670981882,1.4063299,5830785366.392412,1871348.842511692,12696964.79260287
2014-04-27,438.709363717287,1.34395279,5572218634.214096,1941288.9344489947,12701389.79254827
2014-04-28,441.547805468089,1.35421878,5609948670.955254,1677881.660778738,12705189.79254827
2014-04-29,447.709930772047,1.37364362,5690153602.421555,1913959.9540505009,12709464.79254827
2014-04-30,448.875715514009,1.37742743,5706507501.880846,1537399.3256354807,12712889.79254827
2014-05-01,460.194698255991,1.41200262,5852429338.715746,2024856.6723263604,12717289.79254827
2014-05-02,452.239779761701,1.38757157,5753084600.061298,1820265.1135408464,12721314.79254827
2014-05-03,438.978588005844,1.34737725,5585943179.198117,1558373.987420746,12724864.79254827
2014-05-04,436.675398644705,1.34079342,5558283855.615871,1648449.6298837613,12728639.79254827
2014-05-05,432.338179035394,1.32836701,5504428006.31726,1351056.8094856062,12731764.79254827
2014-05-06,430.128205394506,1.32260352,5478377263.519906,2086121.796163354,12736614.79254827
2014-05-07,442.18287609585,1.36002582,5633670637.626423,1757676.9324810037,12740589.79254827
2014-05-08,440.402762711864,1.35471389,5612829624.751154,1838681.534322032,12744764.79254827
2014-05-09,452.697999723553,1.39224562,5771453495.03259,1923966.4988251,12749014.79254827
2014-05-10,456.75584628872,1.4045981,5825231023.284262,2043982.412142022,12753489.79244827
2014-05-11,439.114476037405,1.3505933,5601910622.868257,1668635.008942139,12757289.79244827
2014-05-12,441.280955581531,1.3576711,5631358282.159968,1809251.9178842767,12761389.79244827
2014-05-13,439.005774985389,1.35114784,5604101789.113076,1777973.388690825,12765439.79244827
2014-05-14,444.848205727645,1.36967388,5680351167.766373,1668180.7714786688,12769189.79244827
2014-05-15,446.96155873758,1.37634402,5709247733.868237,1910760.6636031545,12773464.79190227
2014-05-16,448.74215371128,1.38233452,5734022659.318975,2030558.245543542,12777989.79190227
2014-05-17,449.2222893045,1.38379554,5742100713.429112,1942886.4012419623,12782314.79190227
2014-05-18,446.962641437756,1.37668474,5715139122.43572,1921939.3581823509,12786614.79190227
2014-05-19,447.404856808884,1.37835145,5722672660.049138,1879100.3985973129,12790814.79102867
2014-05-20,490.335648158971,1.50867507,6273962196.2835,2169735.2431034464,12795239.79102867
2014-05-21,493.933491817651,1.51856262,6322158427.653644,2160959.026702224,12799614.79102867
2014-05-22,526.81428842782,1.61686251,6745285259.726208,2265301.440239626,12803914.79102867
2014-05-23,523.699320280538,1.60608676,6707561732.68773,2160259.69615722,12808039.79102854
2014-05-24,527.691243132671,1.61622687,6760722050.706626,2031611.2860607835,12811889.79102854
2014-05-25,573.312458796026,1.7510962,7347523620.56493,2307582.6466540047,12815914.79102854
2014-05-26,584.847974868498,1.78420425,7497671961.121003,2310149.500730567,12819864.79102854
2014-05-27,573.928269245471,1.7360648,7359634167.591395,1951356.1154346007,12823264.79102854
2014-05-28,579.189318819404,1.74983943,7429545074.228679,2447074.872011981,12827489.79102854
2014-05-29,570.349310929281,1.72220405,7318160444.586541,2010481.321025716,12831014.79102854
2014-05-30,620.846360607832,1.86223265,7968680869.470867,2592033.5555376983,12835189.79102854
2014-05-31,627.892420689655,1.87963895,8061425892.546091,2307504.646034482,12838864.79102854
2014-06-01,630.074953535944,1.88300736,8092203714.583295,2756577.921719755,12843239.79102854
2014-06-02,663.505723845704,1.97543263,8524764529.187895,3201415.1175555214,12848064.79102854
2014-06-03,672.387897136178,1.99693718,8641875393.251305,2992126.142255992,12852514.79102854
2014-06-04,643.887368790181,1.90998921,8278485521.476026,2913590.343775569,12857039.79102854
2014-06-05,661.503558153127,1.95863649,8507491282.602697,2513713.5209818822,12860839.79102854
2014-06-06,650.133315897136,1.92408683,8363519631.835956,2259213.272742548,12864314.79102854
2014-06-07,656.800271770894,1.94195206,8451830551.946989,2545101.0531122144,12868189.79102854
2014-06-08,657.819974868498,1.94276934,8467188872.85201,2236587.914552893,12871589.79102854
2014-06-09,648.336322326125,1.91093556,8347647699.263011,2528511.6570718875,12875489.79102854
2014-06-10,650.936609585038,1.91468487,8383845331.663904,2717660.3450175337,12879664.79102854
2014-06-11,631.489022209235,1.8557786,8135671860.200387,2304934.931063708,12883314.79102854
2014-06-12,591.975077147867,1.71579412,7629146760.17111,2545492.831735828,12887614.79102854
2014-06-13,597.044999707773,1.72900225,7696918927.517334,2432958.373809174,12891689.79102854
2014-06-14,575.559461718293,1.6672379,7422495275.792686,2561239.604646404,12896139.79002854
2014-06-15,589.724646405611,1.70763012,7607972669.742339,2801192.070426652,12900889.79002854
2014-06-16,590.567482174167,1.70895309,7621621668.269791,2775667.166218585,12905589.79002854
2014-06-17,609.080002922268,1.76144005,7863338435.037618,2801768.013442433,12910189.79002854
2014-06-18,607.629796025716,1.75639628,7847016126.462624,2400137.694301578,12914139.79002854
2014-06-19,595.751476914085,1.72175665,7696105115.40057,2487262.4161163047,12918314.79002854
2014-06-20,591.531522793688,1.70893923,7644341041.254793,2750621.580990649,12922964.79002854
2014-06-21,592.764349503215,1.71186032,7663029171.639408,2756354.2251899494,12927614.79002854
2014-06-22,599.634633547633,1.73072722,7754543912.918248,2698355.8509643483,12932114.78970094
2014-06-23,589.552299824664,1.70033791,7626752045.951779,2594030.119228522,12936514.78964634
2014-06-24,579.973718585622,1.67166269,7505564464.566435,2725876.477352424,12941214.78964634
2014-06-25,562.236779953244,1.62093285,7278655388.868243,2628456.946281416,12945889.78948254
2014-06-26,580.749230274693,1.67219737,7520798233.422416,2482702.959424312,12950164.78948254
2014-06-27,600.638305376973,1.72780213,7781323177.161319,2958143.653981592,12955089.78948254
2014-06-28,594.390304208065,1.70918053,7703084236.89747,2704475.884146696,12959639.78948254
2014-06-29,600.840518410286,1.72411286,7789034988.55802,2358299.034760372,12963564.78948254
2014-06-30,638.94611396844,1.82938369,8285127867.594063,2108522.176095852,12966864.78948254
2014-07-01,642.95659672706,1.83761917,8339269085.949757,2137830.6841174746,12970189.78948254
2014-07-02,651.298347749854,1.85565119,8449693876.733048,2230696.8410432497,12973614.78948254
2014-07-03,646.413389130333,1.83854971,8388564591.868048,2246286.527227907,12977089.78948254
2014-07-04,630.635502922268,1.79270708,8186430683.194879,2617137.337127412,12981239.78948254
2014-07-05,630.468341905318,1.79121232,8186656505.649635,2395779.6992402086,12985039.78948254
2014-07-06,634.67267445938,1.80217443,8243503019.146678,2253087.994330799,12988589.78948254
2014-07-07,622.854978959673,1.76756914,8092343526.215069,2335706.1710987734,12992339.78948254
2014-07-08,624.894331092928,1.77273738,8121182835.822323,2343353.74159848,12996089.78948254
2014-07-09,621.939091759205,1.76136723,8085357327.32265,2581047.230800701,13000239.78948254
2014-07-10,616.522849795441,1.74495565,8017241430.5840225,2296547.615488017,13003964.78937334
2014-07-11,634.494378141438,1.79446067,8253417080.417894,2474528.074751608,13007864.78927334
2014-07-12,636.923957934541,1.80030291,8287520652.396224,2499926.534893073,13011789.78927334
2014-07-13,629.87575043834,1.77957268,8198330361.0318365,2519503.00175336,13015789.78921874
2014-07-14,619.197459088252,1.74898486,8061433756.935482,2089791.4244228504,13019164.78921874
2014-07-15,621.934601402689,1.75571279,8099541253.819256,2472190.0405756887,13023139.78921874
2014-07-16,616.351882232612,1.73946637,8029055588.439428,2218866.7760374034,13026739.78921874
2014-07-17,624.259274985389,1.76036866,8134747451.004152,2684314.882437173,13031039.78902764
2014-07-18,630.750140268849,1.77738508,8222042400.381292,2712225.6031560507,13035339.78902764
2014-07-19,629.17336440678,1.77274463,8204272683.385586,2784092.137500001,13039764.78902764
2014-07-20,625.248676212741,1.76080313,8155518511.085368,2422838.6203243714,13043639.78902764
2014-07-21,621.305331385155,1.74762284,8106490499.037141,2407558.159117476,13047514.78788104
2014-07-22,619.823264465225,1.74270129,8089353581.571574,2200372.5888515487,13051064.78788104
2014-07-23,619.772816773817,1.74066345,8090957356.263835,2262170.781224432,13054714.78788104
2014-07-24,602.87964552893,1.69279908,7872577118.482392,2155294.7327659247,13058289.78779914
2014-07-25,601.578514319112,1.68863136,7858038002.48922,2451432.445850381,13062364.78771724
2014-07-26,594.702607247224,1.66914747,7770214649.365698,1992253.7342782004,13065714.78698014
2014-07-27,591.575444184687,1.65995112,7731618804.772214,2262776.074006428,13069539.78698014
2014-07-28,587.493004967855,1.64850401,7680466301.768531,2203098.768629456,13073289.78698014
2014-07-29,584.11239333723,1.63937643,7638446404.929316,2175818.6651811814,13077014.78698014
2014-07-30,562.914625073057,1.58077127,7363663408.729459,2420532.8878141446,13081314.78689824
2014-07-31,581.975561952075,1.63310806,7615246130.011167,2240605.9135154886,13085164.78676174
2014-08-01,596.506759205143,1.67172212,7807730529.548638,2341289.0298801865,13089089.78659788
2014-08-02,589.757261542957,1.65218507,7721789009.474624,2403260.840787549,13093164.78659785
2014-08-03,586.753736703682,1.64362281,7684722365.699664,2259001.886309176,13097014.78659785
2014-08-04,587.60833547633,1.64417187,7697795405.135168,1880346.673524256,13100214.78659785
2014-08-05,581.881988603156,1.61859835,7624742882.8655615,1963851.711535652,13103589.78659785
2014-08-06,582.248371420222,1.61916711,7631931031.328075,2387218.3228229103,13107689.78659785
2014-08-07,586.046633547633,1.62893008,7684061659.5565405,2344186.534190532,13111689.78659783
2014-08-08,589.024412624196,1.63661291,7725432021.491322,2326646.4298655745,13115639.78659783
2014-08-09,588.978521332554,1.63562717,7727509980.112867,2679852.2720631207,13120189.78659783
2014-08-10,589.373502045587,1.63601768,7735300179.776458,2607977.7465517223,13124614.78659783
2014-08-11,573.441483927528,1.59181557,7528807737.955706,2609158.751870252,13129164.78659783
2014-08-12,568.307520163647,1.57747585,7463875219.404001,2472137.7127118646,13133514.78659783
2014-08-13,548.370175336061,1.52247712,7204015648.190995,1987841.8855932208,13137139.78659783
2014-08-14,505.107499707773,1.40529956,6637940814.668621,2272983.7486849786,13141639.78659783
2014-08-15,500.323060132671,1.39272818,6577129265.814935,2063832.623047268,13145764.78659783
2014-08-16,521.7479628872,1.4519714,6860836902.45511,2060904.45340444,13149714.78659783
2014-08-17,497.764658971362,1.38521881,6547578796.122172,2115499.800628288,13153964.78659783
2014-08-18,468.957918176505,1.30849176,6170977283.784933,2321341.6949737,13158914.7865978
2014-08-19,486.794350672122,1.35854035,6407948972.822277,2263593.730625368,13163564.78659778
2014-08-20,515.120353886616,1.43685004,6782996534.776816,2176383.4951709528,13167789.78659778
2014-08-21,519.307852133255,1.44883851,6840278776.310349,2142144.890049677,13171914.78659777
2014-08-22,516.159368790181,1.43998218,6800833147.530853,2025925.5225014605,13175839.78659776
2014-08-23,497.12575949737,1.38794257,6552062720.254031,2013359.3259643484,13179889.78659774
2014-08-24,508.430741963764,1.41936719,6702916915.408682,1855772.2081677385,13183539.78659772
2014-08-25,501.610286674459,1.40049218,6614717186.971278,1718015.231860022,13186964.78659772
2014-08-26,511.852321741672,1.4286897,6751992304.037248,2213761.291532732,13191289.78659772
2014-08-27,510.162323787259,1.42412594,6731854487.099825,2155435.818001169,13195514.78659771
2014-08-28,506.285151665693,1.41962708,6682882888.320471,2189683.2809541225,13199839.78659771
2014-08-29,508.866571887785,1.4275503,6719119904.604481,2162682.9305230863,13204089.78659769
2014-08-30,501.275723261251,1.40634187,6621170462.054868,2280804.540838692,13208639.78606061
2014-08-31,478.511425482174,1.34266216,6322734056.408167,2249003.6997662177,13213339.78606057
2014-09-01,474.541489772063,1.33136652,6271891388.006875,1613441.0652250142,13216739.78606056
2014-09-02,474.430670660433,1.33208957,6272170253.359801,1743532.7146770912,13220414.78606053
2014-09-03,473.95920338983,1.33099316,6267939738.118691,2002477.634322032,13224639.78606051
2014-09-04,489.555201344243,1.37428858,6476124936.21524,1933743.04530976,13228589.78606049
2014-09-05,478.749782875511,1.34365527,6334919955.788576,1735467.9629237272,13232214.78606047
2014-09-06,480.64249181765,1.34865874,6362115562.189336,2150875.150883984,13236689.78606046
2014-09-07,478.36550087668,1.34317011,6333829405.773938,1853666.315897135,13240564.78606045
2014-09-08,468.975495908825,1.31734021,6211188748.440897,1688311.78527177,13244164.78606045
2014-09-09,473.51202717709,1.33112394,6272999635.014112,1728318.8991963784,13247814.78606045
2014-09-10,477.778417592051,1.34373558,6331395265.325585,1875280.2890488,13251739.78606045
2014-09-11,477.270682057276,1.34256122,6326695286.537355,2028400.398743423,13255989.78606045
2014-09-12,473.997282291058,1.33422001,6285128022.207497,1824889.5368205733,13259839.78606045
2014-09-13,477.960973991818,1.34529696,6339848712.528225,2162773.407312976,13264364.78606045
2014-09-14,475.648063997662,1.33870825,6311048240.501205,1878809.8527907648,13268314.78606045
2014-09-15,472.655629748685,1.33078173,6273210670.646698,1866989.7375073056,13272264.78606045
2014-09-16,464.177754529515,1.30741226,6162674425.815308,1984359.9006136768,13276539.78606045
2014-09-17,456.339891291642,1.28560635,6060736703.119739,2121980.494506136,13281189.78589664
2014-09-18,426.880106954997,1.20503333,5671386004.701872,1910288.478623612,13285664.78573284
2014-09-19,393.893890707189,1.11512348,5234826089.466575,1683896.3827732329,13289939.78573284
2014-09-20,411.041342781999,1.16620763,5464523276.927779,1808581.908240796,13294339.78573284
2014-09-21,400.404530683811,1.1367134,5324755541.167692,1641658.5758036252,13298439.78556904
2014-09-22,400.881622150789,1.13884767,5332783816.126541,1683702.8130333135,13302639.78556904
2014-09-23,438.491800993571,1.2456203,5834742821.796625,1644344.2537258912,13306389.78556904
2014-09-24,423.700091759205,1.20431489,5639571003.487211,1652430.3578608995,13310289.78556904
2014-09-25,409.537749853887,1.16485544,5452827141.009493,1761012.324371714,13314589.78556904
2014-09-26,405.298251899474,1.15453429,5397737713.993579,1357749.143863238,13317939.78556902
2014-09-27,400.599334599649,1.14181027,5336499824.108049,1342007.770908824,13321289.78556902
2014-09-28,375.549989772063,1.07103907,5004030780.187892,1220537.4667592049,13324539.78556902
2014-09-29,373.0645578609,1.0668785,4972191289.913951,1277746.1106735824,13327964.78556902
2014-09-30,389.264040411455,1.1140296,5189586357.846754,1488934.9545738152,13331789.785569
2014-10-01,382.909365867914,1.09708972,5106350946.469296,1483773.7927381669,13335664.785569
2014-10-02,372.525699006429,1.06843242,4969163059.62108,1285213.66157218,13339114.78556899
2014-10-03,357.665713617767,1.02941189,4772249488.664545,1305479.8547048497,13342764.78556899
2014-10-04,328.826113091759,0.9484552,4388715462.871645,1265980.535403272,13346614.78556897
2014-10-05,322.826261542957,0.93172895,4310001696.434204,1363940.9550189932,13350839.78556897
2014-10-06,326.803532729398,0.95087199,4364416991.047364,1315384.2192358267,13354864.78556894
2014-10-07,333.570194915254,0.97154668,4455902309.742059,1117460.1529661007,13358214.78556894
2014-10-08,354.407334307423,1.03194969,4735525159.662999,1275866.4035067228,13361814.78556894
2014-10-09,361.716424897721,1.05462843,4834526225.15362,1338350.7721215675,13365514.78556892
2014-10-10,358.890390810053,1.04743744,4798145525.03475,1390700.2643889552,13369389.78556889
2014-10-11,361.908376972531,1.05694518,4839797028.565469,1302870.1571011115,13372989.78556888
2014-10-12,377.871243717124,1.10393506,5054666406.091061,1398123.6017533587,13376689.78556888
2014-10-13,391.994208942139,1.14335604,5245103908.318114,1518977.5596507883,13380564.78556888
2014-10-14,400.880592054354,1.16884486,5365331639.214268,1322905.9537793682,13383864.78556887
2014-10-15,394.625879894798,1.15308824,5283109130.09472,1489712.6966028623,13387639.78556887
2014-10-16,382.321476329632,1.11729203,5119796796.850428,1414589.4624196384,13391339.78556887
2014-10-17,382.200789596727,1.11813531,5119537452.605556,1356812.8030683808,13394889.78556887
2014-10-18,391.293177089421,1.14449554,5242933282.983943,1604302.026066626,13398989.78556887
2014-10-19,388.684497954413,1.13688775,5209271993.855843,1292375.955698423,13402314.78556887
2014-10-20,381.190858562244,1.11540138,5110145458.52303,1305578.6905756856,13405739.78556887
2014-10-21,385.204633541204,1.1273598,5165426489.17209,1473407.7232951052,13409564.78556887
2014-10-22,380.778763296318,1.11497797,5107591090.974873,1513595.584102864,13413539.78556887
2014-10-23,357.344793103448,1.04769288,4794607576.052941,1348976.5939655162,13417314.78556887
2014-10-24,357.48843395675,1.04955841,4797955867.12274,1421016.5249780812,13421289.78556887
2014-10-25,345.811246639392,1.01613431,4642572970.836837,1340018.580727644,13425164.78556887
2014-10-26,353.081956165985,1.03785791,4741286825.452372,1103381.1130187032,13428289.78556887
2014-10-27,350.015711864407,1.02988218,4701503720.872094,1391312.4546610175,13432264.78556887
2014-10-28,354.653805084746,1.04388822,4765027372.770844,1223555.6275423735,13435714.78566886
2014-10-29,333.599350087668,0.98355448,4483438417.943993,1292697.4815897136,13439589.78566886
2014-10-30,344.609382232613,1.01672909,4632873323.3735695,1464589.8744886052,13443839.78566886
2014-10-31,337.182912624196,0.99675714,4534617815.474207,1584759.6893337213,13448539.78566886
2014-11-01,324.371315020456,0.95963351,4363609911.359536,1289375.9772063126,13452514.78566886
2014-11-02,324.248566627703,0.95980572,4363215099.986792,1256463.1956823491,13456389.78566886
2014-11-03,325.361865575687,0.96404683,4379570738.4608965,1374653.8820572775,13460614.78566886
2014-11-04,329.657703974284,0.97805226,4438730478.026991,1335113.7010958502,13464664.78566886
2014-11-05,338.805765341905,1.00559416,4563074937.6711645,1168879.8904295722,13468114.78566886
2014-11-06,349.689911747516,1.03634538,4711010176.966184,1346306.1602279367,13471964.78566885
2014-11-07,342.133288135593,1.01476248,4610490609.598312,1282999.8305084736,13475714.78566885
2014-11-08,345.716332554062,1.02534954,4660097059.218001,1322364.9720192873,13479539.78566885
2014-11-09,363.610051724138,1.07917955,4902659696.342227,1363537.6939655177,13483289.78556884
2014-11-10,365.502253945061,1.0847227,4929516028.003077,1343220.7832480993,13486964.78556884
2014-11-11,367.825466978375,1.09194006,4962035357.503763,1186237.1310052592,13490189.78556884
2014-11-12,422.591419637639,1.25193043,5702391476.131881,1553023.4671683232,13493864.78556884
2014-11-13,421.914471654004,1.24597359,5694786271.533593,1529439.9597457645,13497489.78556884
2014-11-14,398.388882817066,1.1770509,5378783673.706376,1533797.198845704,13501339.78556884
2014-11-15,377.993840736411,1.11736503,5104746259.077055,1322978.4425774384,13504839.78556884
2014-11-16,390.205823495032,1.15327838,5271130401.470552,1463271.83810637,13508589.78540504
2014-11-17,387.501031560491,1.14624262,5235987480.485583,1395003.7136177677,13512189.78540504
2014-11-18,373.864564582116,1.10670813,5053168329.245012,1439378.5736411463,13516039.78540504
2014-11-19,377.613398012858,1.1187722,5105168798.271772,1331087.2279953244,13519564.78540504
2014-11-20,356.181265341905,1.05691479,4816644517.467239,1228825.3654295723,13523014.78530504
2014-11-21,350.748858854471,1.04171403,4744295631.844745,1113627.6268629455,13526189.78530504
2014-11-22,352.455514611338,1.04704666,4768737135.241565,1356953.7312536512,13530039.78530504
2014-11-23,367.773242255991,1.09252099,4977292194.704196,1305595.010008768,13533589.78530504
2014-11-24,376.994223845704,1.11975677,5103470630.729855,1385453.772632962,13537264.78530504
2014-11-25,376.755630040912,1.11940193,5101484016.797386,1243293.5791350096,13540564.78530504
2014-11-26,367.530208065459,1.09262566,4977825383.829613,1258790.962624197,13543989.78530504
2014-11-27,369.530227352425,1.09877029,5006216218.674111,1302594.051417298,13547514.78530504
2014-11-28,377.896931911163,1.13429879,5120962491.035964,1398218.6480713033,13551214.78530504
2014-11-29,376.07633547633,1.12906205,5097767297.32692,1476099.616744595,13555139.78530502
2014-11-30,378.690397136178,1.13677757,5134716030.122108,1514761.588544712,13559139.78530502
2014-12-01,379.111978959673,1.13825789,5141664430.9294405,1232113.9316189373,13562389.78530502
2014-12-02,382.946796317943,1.1510639,5195109769.183944,1436050.4861922862,13566139.78530502
2014-12-03,375.916019286967,1.13011906,5100819421.638344,1090156.4559322044,13569039.78530502
2014-12-04,368.845568088837,1.11229742,5006226474.334247,1346286.323524255,13572689.78525042
2014-12-05,378.428329631794,1.1410958,5137766194.528393,1475870.4855639967,13576589.78525042
2014-12-06,375.13795119813,1.13129289,5094378923.779156,1284847.4828535952,13580014.78525042
2014-12-07,376.639793103448,1.13597735,5115960374.406748,1186415.3482758612,13583164.78525039
2014-12-08,363.215676797195,1.10418082,4935098494.405496,1480103.8829485695,13587239.78525039
2014-12-09,351.106837814144,1.06761307,4771819224.896033,1246429.2742402111,13590789.78525039
2014-12-10,347.881393921683,1.06041309,4729226570.972746,1243675.9832700167,13594364.78525039
2014-12-11,348.593006136762,1.06328138,4740190281.132876,1289794.122706019,13598064.78525039
2014-12-12,353.190612507306,1.07767689,4803953827.325695,1244996.9090882535,13601589.78525037
2014-12-13,349.242945061368,1.06591465,4751534010.866933,1274736.7494739932,13605239.78525037
2014-12-14,356.07972150789,1.08689147,4845805174.798332,1255181.0183153122,13608764.78525037
2014-12-15,347.095181472823,1.06028962,4724760193.272132,1223510.514691701,13612289.78525037
2014-12-16,328.613320280538,1.00469489,4474354535.571975,1174792.6200029233,13615864.78525036
2014-12-17,320.297613383986,0.98028857,4362153947.237576,1024952.3628287552,13619064.78525035
2014-12-18,313.511651179427,0.96077271,4270746563.418479,1011075.075053652,13622289.78525035
2014-12-19,318.242888661601,0.97619248,4336286833.337157,1089981.893665983,13625714.78525035
2014-12-20,330.065758328463,1.01306177,4498487603.651408,1105720.290400351,13629064.78525035
2014-12-21,320.992670075979,0.98778637,4375889171.867257,1059275.8112507309,13632364.78525034
2014-12-22,331.842584453536,1.0214974,4525159717.147102,1360554.5962594976,13636464.78525033
2014-12-23,336.084128579778,1.03954357,4584259699.74186,1260315.4821741676,13640214.78525033
2014-12-24,323.032297779077,0.99961153,4407465522.818559,1235598.5390049696,13644039.78525033
2014-12-25,318.996144360023,0.98749454,4353656119.759833,1260034.7702220909,13647989.78525033
2014-12-26,329.210341905319,1.01929944,4494310382.821802,1250999.2992402122,13651789.78525033
2014-12-27,315.968443892461,0.97876537,4314735454.879333,1200680.086791352,13655589.78525033
2014-12-28,317.010480420807,0.98276009,4330304447.531449,1339369.2797779096,13659814.78525033
2014-12-29,313.065531560491,0.97130504,4277700745.441647,1283568.6793980133,13663914.78525033
2014-12-30,310.442004091175,0.9677018,4243056052.430002,1202962.7658533033,13667789.78525033
2014-12-31,320.662287258913,1.00093553,4383963251.003962,1218516.6915838695,13671589.78525033
2015-01-01,314.77647194623,0.98274685,4304793251.431401,1298452.9467781987,13675714.78521033
2015-01-02,315.942731735827,0.98668726,4322045951.447801,1303263.7684102864,13679839.78521033
2015-01-03,285.647309760374,0.89443575,3908766304.132607,1156871.604529515,13683889.78496462
2015-01-04,263.334574810053,0.826303,3604573636.942969,1132338.671683228,13688189.78496462
2015-01-05,275.003851548802,0.86470946,3765377426.617279,1072515.0210403278,13692089.78496462
2015-01-06,287.549521040327,0.90423431,3938289680.31584,1135820.6081092916,13696039.78496462
2015-01-07,297.535565166569,0.93577843,4076100312.4413447,1041374.4780829916,13699539.78496462
2015-01-08,284.342391876096,0.89651769,3896404868.3487225,1044958.2901446528,13703214.78496462
2015-01-09,292.501114552893,0.9241025,4009229351.460768,1023753.9009351257,13706714.78496462
2015-01-10,276.230532144944,0.87375367,3787228266.2153807,1015147.2056326692,13710389.78496462
2015-01-11,268.755515488019,0.85069708,3685784301.822352,1041427.6225160736,13714264.78496462
2015-01-12,268.617232028054,0.85146752,3684841437.010711,953591.1736995917,13717814.78496462
2015-01-13,224.108117767388,0.71350593,3074985194.613979,711543.2739114569,13720989.78496462
2015-01-14,175.637640561075,0.56357972,2410558958.440832,636686.4470338969,13724614.78496462
2015-01-15,212.341011396844,0.68179854,2915100171.7199264,801587.3180230861,13728389.78463702
2015-01-16,207.595204850964,0.66753485,2850669282.952461,721393.3368570999,13731864.78463702
2015-01-17,199.824836645237,0.64325099,2744657033.111001,689395.6864260677,13735314.78463702
2015-01-18,211.132518410286,0.68000493,2900779183.5213685,807581.8829193439,13739139.78463702
2015-01-19,216.894694915254,0.69895138,2980727352.88857,780820.9016949144,13742739.78463702
2015-01-20,211.919853886616,0.68366065,2912984570.731028,625163.5689655172,13745689.78463702
2015-01-21,227.904210403273,0.73912676,3133549519.9997854,848943.1837521918,13749414.78463701
2015-01-22,233.647382817066,0.75789177,3213303339.613718,788559.9170075977,13752789.78463701
2015-01-23,233.132852425482,0.75661441,3206949823.142976,722711.8425189942,13755889.78463701
2015-01-24,249.08212390415,0.8081469,3427130852.439085,784608.6902980725,13759039.78463701
2015-01-25,254.51794126242,0.8258294,3502717848.299988,795368.5664450625,13762164.78463701
2015-01-26,273.952244886032,0.89147229,3771045735.620317,869798.3775131516,13765339.78463701
2015-01-27,264.753804500292,0.86202293,3645412286.1436415,986207.9217635876,13769064.78463701
2015-01-28,235.735840444185,0.76846781,3246828576.082658,966516.9458211584,13773164.78463701
2015-01-29,233.957373465809,0.76357085,3223292682.55666,959225.2312098168,13777264.78463701
2015-01-30,228.896189947399,0.74804548,3154353108.9552026,789691.8553185265,13780714.78463701
2015-01-31,217.332156049094,0.71163625,2995894384.490392,901928.44760374,13784864.78463701
2015-02-01,227.111301285798,0.74387279,3131578635.5801654,880056.2924824673,13788739.78463701
2015-02-02,240.092419929866,0.78676033,3311526270.04594,954367.3692212172,13792714.78463701
2015-02-03,227.775695791935,0.74694335,3142368394.764543,723187.8341393936,13795889.78463701
2015-02-04,226.781134132087,0.7443882,3129548986.7294297,901455.0081750456,13799864.78463701
2015-02-05,217.011151081239,0.71333929,2995587161.00508,862619.325547925,13803839.78463701
2015-02-06,222.724969316189,0.73237364,3075445350.4680867,985557.9892241365,13808264.78463699
2015-02-07,228.647127410871,0.75214553,3158128949.8673954,908872.331458212,13812239.78463699
2015-02-08,224.035988895383,0.73731062,3095178117.774655,739318.7633547639,13815539.78463699
2015-02-09,220.768493863238,0.72729218,3050924501.1420665,888593.187799533,13819564.77463699
2015-02-10,220.888154295734,0.72810409,3053373353.5953703,795197.3554646424,13823164.77463699
2015-02-11,219.495859731151,0.72439005,3034994445.0602465,867008.6459380464,13827114.77463699
2015-02-12,222.583227936879,0.73482642,3078346024.6955247,662185.1031122151,13830089.77463699
2015-02-13,236.555363822326,0.78098836,3272445345.412636,863427.07795149,13833739.77463699
2015-02-14,257.627695791935,0.85038033,3564985013.1081376,1030510.78316774,13837739.77463699
2015-02-15,234.445803039158,0.7743708,3245020574.022304,820560.310637053,13841239.77463699
2015-02-16,235.086126826417,0.77684571,3254806162.1429524,922713.0477936869,13845164.77463699
2015-02-17,243.905794272355,0.80607357,3377824460.2731304,908549.0836645224,13848889.77463699
2015-02-18,235.995232320281,0.78023417,3269257239.838357,985280.0949371732,13853064.77463699
2015-02-19,241.872253945061,0.80139075,3351675770.863012,1003769.8538720032,13857214.77430939
2015-02-20,245.530775277615,0.81236962,3403342533.2467337,969846.5623465792,13861164.77414559
2015-02-21,245.596002630041,0.81269734,3405118526.015143,871865.8093366454,13864714.77365419
2015-02-22,236.690668322618,0.78366869,3282542113.112833,893507.2729178829,13868489.77349039
2015-02-23,239.066017825833,0.79211394,3316333307.769917,848684.363281707,13872039.77349039
2015-02-24,239.869262127411,0.79522354,3328249523.0395985,773578.3703609005,13875264.77349039
2015-02-25,238.236111046172,0.79086428,3306536107.913704,946988.5414085336,13879239.77349039
2015-02-26,237.044402396259,0.78721981,3290885014.3304043,888916.5089859712,13882989.77349039
2015-02-27,255.116774400935,0.8470053,3542753013.796759,969443.742723553,13886789.77349039
2015-02-28,254.948448568089,0.84675657,3541320575.334996,905066.992416716,13890339.77349039
2015-03-01,260.651330800701,0.86514949,3621447826.4223385,912279.6578024536,13893839.77168859
2015-03-02,276.322613676213,0.91679724,3840273594.0355306,1091474.3240210412,13897789.77168859
2015-03-03,282.705900935126,0.9391453,3930103866.720896,1116688.3086937475,13901739.77168859
2015-03-04,273.447536528346,0.90841341,3802353560.404225,957066.377849211,13905239.77168859
2015-03-05,276.268809175921,0.91835146,3842495720.100343,911687.0702805392,13908539.77168859
2015-03-06,273.31811484512,0.90850025,3802467147.671228,1011277.024926944,13912239.77168859
2015-03-07,276.403357393337,0.91980286,3846357193.5067153,967411.7508766796,13915739.77168859
2015-03-08,275.338033898305,0.91749265,3832606247.309387,1073818.3322033896,13919639.77168859
2015-03-09,290.130059029807,0.96777239,4039550376.798644,1044468.2125073052,13923239.77152479
2015-03-10,292.320383109293,0.9731036,4071157601.590487,1110817.4558153134,13927039.77152479
2015-03-11,296.693329339568,0.98702529,4133202066.976224,1142269.3179573368,13930889.77152479
2015-03-12,295.800344827586,0.98143882,4121730744.3014336,968746.129310344,13934164.77152479
2015-03-13,285.911026300409,0.95005909,3984974925.7116528,1043575.2459964928,13937814.77152479
2015-03-14,283.608306253653,0.94250473,3953808857.432272,928817.2029807136,13941089.77152479
2015-03-15,287.270142022209,0.95476771,4005885829.3209662,1026990.7577293972,13944664.77136099
2015-03-16,291.392118059614,0.96883474,4064377990.968419,1012587.6102571586,13948139.77136099
2015-03-17,285.248396551724,0.94842564,3979597299.529015,912794.8689655168,13951339.77136098
2015-03-18,257.286160140269,0.85686576,3590470758.148221,984119.5625365288,13955164.77136098
2015-03-19,262.092947983635,0.87346947,3658447942.870213,897668.3468439498,13958589.77136098
2015-03-20,262.966492109877,0.87674824,3671535473.048781,894086.0731735819,13961989.77136098
2015-03-21,261.18429748685,0.87101347,3647638460.674516,985970.7230128588,13965764.77136098
2015-03-22,268.899415838691,0.89689624,3756340581.685765,954592.9262273528,13969314.77136098
2015-03-23,266.777992986558,0.89015559,3727672828.325737,967070.2245762728,13972939.77136098
2015-03-24,246.835082992402,0.8245462,3450079309.845664,1067561.7339421385,13977264.77136098
2015-03-25,246.719136762127,0.82488492,3449457911.189756,999212.5038866143,13981314.77136098
2015-03-26,249.532993571011,0.834809,3489722601.0325127,923272.0762127409,13985014.77136098
2015-03-27,247.378898305085,0.82811622,3460655091.7098737,1057544.7902542383,13989289.77136098
2015-03-28,253.23161396844,0.84785463,3543467384.045613,936956.971683228,13992989.77136098
2015-03-29,242.967614260666,0.81383575,3400772692.2460265,929351.1245470472,13996814.77136098
2015-03-30,248.336934541204,0.83226724,3476807669.77845,881596.1176212742,14000364.77136098
2015-03-31,244.712485680888,0.82051756,3426981735.460185,917671.82130333,14004114.77136098
2015-04-01,247.185819403857,0.83080879,3462434297.988554,815713.2040327281,14007414.77136098
2015-04-02,253.630070426651,0.85233643,3553754159.747868,1052564.7922706015,14011564.77136098
2015-04-03,254.83316364699,0.85676268,3571541519.377944,930141.0473115136,14015214.77136098
2015-04-04,253.945848626534,0.85381712,3560076951.563405,971342.8709964924,14019039.77095148
2015-04-05,261.112136177674,0.87790912,3661507536.656768,966114.9038573938,14022739.77095148
2015-04-06,256.367386908241,0.86213123,3595780709.6418576,807557.268760959,14025889.77095148
2015-04-07,254.831898012858,0.85722526,3575212472.863145,968361.2124488604,14029689.77095148
2015-04-08,245.825210403273,0.82735719,3449619643.6193047,768203.7825102281,14032814.77095148
2015-04-09,243.860636177674,0.82153081,3422861974.02298,810836.6152907661,14036139.77095148
2015-04-10,235.871900642899,0.7967323,3311627278.6861534,896313.2224430162,14039939.77095148
2015-04-11,237.40906779661,0.80216867,3334039944.6794286,830931.737288135,14043439.77095148
2015-04-12,237.141042372881,0.80176151,3331034797.1198006,758851.3355932191,14046639.77095148
2015-04-13,225.505635885447,0.76357046,3168475905.582176,879471.9799532433,14050539.77095148
2015-04-14,219.757236703682,0.74489185,3088526389.955216,818595.7067212154,14054264.77090148
2015-04-15,223.313907948568,0.75926768,3139193896.7531385,681107.4192431323,14057314.77090148
2015-04-16,228.493815312683,0.77719921,3212797788.7174425,788303.6628287563,14060764.77090148
2015-04-17,222.785060198714,0.75827898,3133230098.8648686,701772.9396259491,14063914.77090148
2015-04-18,223.398044126242,0.76055574,3142666455.438616,815402.8610607833,14067564.77090148
2015-04-19,223.284135300994,0.76035314,3141873440.651929,809404.9904661032,14071189.77090148
2015-04-20,224.894903565167,0.76631946,3165404711.9527783,865845.378725893,14075039.77090148
2015-04-21,234.939356516657,0.80085177,3307679429.760625,898643.038676213,14078864.77090148
2015-04-22,233.822418760958,0.79730639,3292842739.3319163,888525.1912916404,14082664.77090148
2015-04-23,235.933293687902,0.80445024,3323336266.505856,766783.2044856815,14085914.77090148
2015-04-24,231.458592343659,0.78956794,3261023526.381876,717521.6362653429,14089014.77090148
2015-04-25,226.445992986558,0.77276772,3191323707.420489,922767.421420224,14093089.77090148
2015-04-26,220.503406779661,0.75294572,3108368118.798572,793812.2644067795,14096689.77089602
2015-04-27,227.325990356517,0.77665961,3205322554.434492,778591.5169710707,14100114.77089602
2015-04-28,225.549368790181,0.77087913,3181134712.780328,862726.3356224422,14103939.77089602
2015-04-29,225.66928842782,0.77154151,3183542552.1176934,716499.9907583285,14107114.77089602
2015-04-30,236.327976037405,0.80792304,3334697580.252962,791698.7197253067,14110464.77089602
2015-05-01,232.746582700175,0.7959527,3285023618.0932474,861162.3559906475,14114164.77089602
2015-05-02,235.540077147867,0.80559481,3325317068.7980733,865609.7835184112,14117839.77089602
2015-05-03,240.464248977206,0.8223728,3395683374.166686,847636.4776446511,14121364.77089602
2015-05-04,238.976661309176,0.81741779,3375441331.3939366,764725.3161893632,14124564.77089602
2015-05-05,236.02338340152,0.80768013,3334636256.326889,908690.026095852,14128414.77089602
2015-05-06,229.481219300429,0.78562752,3243129510.315094,923661.9076842268,14132439.77089602
2015-05-07,237.130687317358,0.81202047,3352071042.0165324,835885.6727936869,14135964.77089602
2015-05-08,244.383472822911,0.83681725,3455512600.4369807,916438.0230859162,14139714.77089602
2015-05-09,242.705950029223,0.83113721,3432575633.3014,782726.6888442441,14142939.77089602
2015-05-10,240.731483927528,0.82457424,3405427237.132972,776359.0356662777,14146164.77069602
2015-05-11,242.24983722969,0.83050336,3427862999.982543,956886.8570572756,14150114.77069602
2015-05-12,242.209092051432,0.83069449,3428194735.1290326,908284.09519287,14153864.77069602
2015-05-13,236.550265926359,0.81161902,3349058503.970869,958028.577001754,14157914.77069602
2015-05-14,236.948916715371,0.81336253,3355614821.1943264,912253.3293541784,14161764.77069602
2015-05-15,237.484502337814,0.81536167,3364072414.3400226,872755.5460914664,14165439.77069602
2015-05-16,235.812134424313,0.80981981,3341160767.43048,778180.0436002329,14168739.77069602
2015-05-17,236.963682933957,0.81389832,3358489778.3415008,1013019.744542666,14173014.77069602
2015-05-18,232.88384961543,0.80026593,3301504622.314656,838381.858615548,14176614.77069602
2015-05-19,231.974446814728,0.79745588,3289366286.089859,753916.952147866,14179864.77069602
2015-05-20,234.190306253653,0.80520035,3321635813.1214366,848939.8601694922,14183489.77059602
2015-05-21,235.553821741672,0.81004487,3341887992.1334968,912771.059248979,14187364.77049602
2015-05-22,240.323203682057,0.82662537,3410382068.5042577,829115.0527030966,14190814.77049602
2015-05-23,238.963281706604,0.8221977,3391752764.837056,669097.1887784912,14193614.77049602
2015-05-24,240.711758328463,0.82826864,3417448566.3367686,878597.9178988899,14197264.77039602
2015-05-25,237.003543249562,0.81597835,3365637492.525991,835437.4899547059,14200789.77039602
2015-05-26,236.796261250731,0.8155281,3363546390.9779067,852466.5405026316,14204389.77039602
2015-05-27,237.203596434833,0.81731823,3370150691.107788,818352.4077001738,14207839.77039602
2015-05-28,236.956881940386,0.81693429,3367427368.8120537,781957.7104032738,14211139.77039602
2015-05-29,236.646526592636,0.81601049,3363927954.359101,911089.1273816486,14214989.76889602
2015-05-30,232.788770017534,0.80519424,3309881465.931194,791481.8180596156,14218389.76889602
2015-05-31,229.45054792519,0.79414393,3263266290.1144304,848967.027323203,14222089.76889602
2015-06-01,223.282701928697,0.77376466,3176283463.587945,736832.9163647001,14225389.76889602
2015-06-02,225.320800993571,0.78141163,3206121170.177127,844953.0037258912,14229139.76889602
2015-06-03,225.213063413209,0.781559,3205387663.46291,799506.3751168918,14232689.76889602
2015-06-04,223.54007685564,0.77606861,3182364543.572413,787978.770916131,14236214.76889602
2015-06-05,224.731071887785,0.78040202,3200095126.8254943,775322.1980128583,14239664.76884602
2015-06-06,225.160513150205,0.78204257,3207212190.7237835,1001964.2835184122,14244114.76884602
2015-06-07,223.411685856225,0.77660755,3183133902.5672565,832208.5298144381,14247839.76884602
2015-06-08,228.774291350088,0.79532581,3260437385.480899,897939.0935490954,14251764.76884602
2015-06-09,229.370529514904,0.79751177,3269800705.300981,865873.7489187625,14255539.76884601
2015-06-10,228.588487434249,0.79522298,3259618059.6787004,965786.359409702,14259764.768846
2015-06-11,229.584411747516,0.79912895,3274594553.39029,774847.3896478665,14263139.76835459
2015-06-12,229.811218510228,0.79991673,3278645359.7715898,815829.8257113094,14266689.76834858
2015-06-13,233.015344535359,0.81144066,3325283867.745352,926235.994528052,14270664.76834857
2015-06-14,232.507108708358,0.80992401,3318891280.937176,860276.3022209246,14274364.76834857
2015-06-15,236.7909628872,0.8248878,3380893025.566776,852447.46639392,14277964.76834857
2015-06-16,251.432676797195,0.87513216,3590688627.318475,741726.3965517251,14280914.76834857
2015-06-17,247.969317650497,0.86325931,3542208169.255785,979478.8047194632,14284864.76802097
2015-06-18,249.012479544126,0.86709753,3558080744.5076447,971148.6702220914,14288764.76802095
2015-06-19,244.803484219755,0.85251691,3498839053.211169,899652.8045075997,14292439.76801545
2015-06-20,245.582513150205,0.85520736,3510795978.696217,822701.4190531867,14295789.76801544
2015-06-21,244.300260081824,0.85070324,3493222489.168514,757330.8062536544,14298889.76785584
2015-06-22,247.017892460549,0.86017515,3533026458.364837,944843.4386616,14302714.76763204
2015-06-23,244.184763296318,0.85051054,3493359666.627246,854646.671537113,14306214.76733197
2015-06-24,240.451545295149,0.8379559,3440889209.155896,937761.0266510812,14310114.76733194
2015-06-25,242.347857685564,0.8448489,3468946578.9566417,920921.8592051432,14313914.76733189
2015-06-26,242.967997369959,0.84717268,3478758632.332473,935426.789874342,14317764.7673306
2015-06-27,251.529326709527,0.87686139,3602148913.9906864,811182.0786382245,14320989.76733058
2015-06-28,249.058285797779,0.86825845,3567639092.836316,877930.4574371709,14324514.76733054
2015-06-29,256.65022238457,0.89447788,3677288176.3647776,898275.778345995,14328014.76733051
2015-06-30,263.854356864991,0.91895089,3781465593.629716,956472.0436355924,14331639.76733049
2015-07-01,258.042647574518,0.89877462,3699045163.581754,870893.9355639983,14335014.76733042
2015-07-02,254.747113383986,0.88759905,3652784408.574151,980776.386528346,14338864.76691191
2015-07-03,256.087042833431,0.89360593,3673028226.0687375,1030750.3474045596,14342889.7668119
2015-07-04,260.50923962595,0.90895603,3737445242.301517,989935.11057861,14346689.76681171
2015-07-05,271.302458211572,0.94652746,3893255324.658752,963123.7266510808,14350239.76680168
2015-07-06,269.137940093513,0.93879668,3863411819.863917,1217849.1789231463,14354764.76680159
2015-07-07,266.469919053185,0.92913382,3826005679.665925,892674.2288281698,14358114.76680146
2015-07-08,270.576142898889,0.94328042,3886052381.875888,1089068.975168028,14362139.76680146
2015-07-09,269.680304792519,0.94097662,3874082916.7972,896687.0134351256,14365464.76680142
2015-07-10,285.558780829924,0.99548676,4103284006.154959,1099401.3061952074,14369314.76675142
2015-07-11,293.917453828171,1.02415822,4224479904.060616,1087494.5791642328,14373014.76669132
2015-07-12,311.481879894798,1.08367916,4477984910.629349,1051251.3446449433,14376389.76669132
2015-07-13,292.649223845704,1.0183322,4208322109.0537567,1082802.128229105,14380089.76669129
2015-07-14,287.740951490357,1.00130096,4138776579.4098334,1035867.4253652852,14383689.76669119
2015-07-15,285.922885447107,0.9949258,4113719736.5051913,1093655.036835184,14387514.76669114
2015-07-16,278.532749269433,0.96964467,4008327127.831101,933084.7100526004,14390864.76669114
2015-07-17,280.064724722385,0.97483547,4031402817.2637777,1029237.8633547648,14394539.76669114
2015-07-18,277.354635300994,0.96571539,3993425473.3327727,1033146.0164962026,14398264.76669114
2015-07-19,275.281989479836,0.95860718,3964629041.592124,1046071.5600233768,14402064.76669091
2015-07-20,279.114393045003,0.97272012,4020912112.082604,1088546.1328755117,14405964.76669081
2015-07-21,276.652412624196,0.96438518,3986323280.294136,878371.4100818223,14409139.76669037
2015-07-22,277.764369082408,0.96830559,4003415009.135876,1069392.8209672708,14412989.76669009
2015-07-23,276.811628579778,0.96492102,3990652010.721179,968840.700029223,14416489.76669006
2015-07-24,289.305976329632,1.00796633,4171998964.94545,1222317.7499926952,14420714.76667983
2015-07-25,289.507639976622,1.00828547,4176021703.291408,1114604.4139099948,14424564.76667982
2015-07-26,293.314842781999,1.02127006,4231994880.1714096,1055933.4340151965,14428164.76667962
2015-07-27,294.426761835184,1.02492676,4249134571.165748,1096739.6878360603,14431889.76667941
2015-07-28,295.410125268849,1.02815783,4264330758.2668986,1004394.4259140866,14435289.76667941
2015-07-29,289.85583635301,1.00910193,4185254440.491251,1101452.178141438,14439089.76665941
2015-07-30,288.236260666277,1.00375693,4162834833.189751,965591.473232028,14442439.76648561
2015-07-31,284.597324371712,0.99098704,4111354069.840921,1074354.899503213,14446214.76648561
2015-08-01,281.66884628872,0.98089158,4070140113.2944407,1091466.77936879,14450089.76648561
2015-08-02,282.423006428989,0.98353023,4082103941.822639,1066146.8492694334,14453864.7663218
2015-08-03,282.185052308591,0.98277599,4079772161.4761286,1107576.3303112197,14457789.7663218
2015-08-04,285.286617475161,0.99397021,4125583913.0988026,969974.4994155474,14461189.76631634
2015-08-05,282.338886908241,0.98382413,4083894998.741782,938776.7989699012,14464514.76614708
2015-08-06,278.99574868498,0.97232925,4036535536.3477015,997409.8015488036,14468089.76614708
2015-08-07,279.488715078901,0.97419688,4044625067.23579,957248.849145236,14471514.76614708
2015-08-08,261.450275569842,0.91166096,3784633860.88136,1052337.359168614,14475539.76614708
2015-08-09,266.342020455874,0.93317694,3856390022.6339407,945514.1726183528,14479089.76598323
2015-08-10,264.928825248393,0.92856137,3837034320.2133775,1106077.8454120408,14483264.76598323
2015-08-11,271.421736119229,0.95127646,3932172125.4444513,1099258.031282877,14487314.76581943
2015-08-12,268.143868497954,0.93998135,3885529278.640121,844653.1857685552,14490464.76581943
2015-08-13,264.691627995324,0.92822959,3836477451.006509,972741.7328828156,14494139.76581943
2015-08-14,266.355941554646,0.93435614,3861545807.941989,945563.5925189932,14497689.76581943
2015-08-15,261.936836645237,0.91933993,3798376129.588276,897133.6655099366,14501114.76581942
2015-08-16,258.930817389831,0.90950511,3755678810.570127,893311.3199949169,14504564.76532802
2015-08-17,258.009398305085,0.90668516,3743262212.318191,948184.5387711872,14508239.76532802
2015-08-18,217.885883116937,0.76798027,3161908681.478745,768047.7379872028,14511764.76532802
2015-08-19,227.218251899474,0.80186184,3298223973.136621,886151.1824079487,14515664.76532802
2015-08-20,235.523883109293,0.83203851,3419668945.8115654,883214.5616598487,14519414.76450902
2015-08-21,232.80061783986,0.82326318,3381089030.1706786,960302.5485894224,14523539.76352622
2015-08-22,230.639173290473,0.81611734,3350608229.0454893,911024.7344973685,14527489.76352619
2015-08-23,228.673073933372,0.8092317,3322811795.558806,766054.7976767962,14530839.76352619
2015-08-24,211.955917592051,0.75213176,3080718804.641924,821329.1806691976,14534714.76352619
2015-08-25,222.655039450614,0.79407506,3236978949.761549,751460.7581458222,14538089.76319859
2015-08-26,226.116700175336,0.80814493,3288215003.81254,910119.7182057274,14542114.76314126
2015-08-27,224.939877264757,0.80418084,3271871929.03352,770419.0796317926,14545539.76297625
2015-08-28,232.17080829924,0.82998858,3377949385.754657,899661.882159555,14549414.76277625
2015-08-29,229.826200175336,0.82198826,3344756014.504504,919304.800701344,14553414.76277625
2015-08-30,229.019572472238,0.81927215,3333875650.378945,858823.3967708925,14557164.76277625
2015-08-31,230.689466101695,0.82540167,3359090020.869341,905456.1544491528,14561089.75252711
2015-09-01,227.955570426651,0.81598508,3320159149.4715314,877628.9461426062,14564939.75232711
2015-09-02,229.502180709527,0.82188383,3343603441.5586166,918008.722838108,14568939.74262711
2015-09-03,227.107121566335,0.81397546,3309538909.865801,828940.9937171227,14572589.74108889
2015-09-04,231.177563413209,0.82872426,3369757378.780903,901592.4973115152,14576489.72948887
2015-09-05,235.903006136762,0.8456626,3439504689.6556134,866943.5475526003,14580164.72948887
2015-09-06,240.805472238457,0.86322379,3511850352.6229343,866899.7000584452,14583764.72917249
2015-09-07,240.6336157218,0.86259401,3510258445.208255,914407.73974284,14587564.72855611
2015-09-08,244.174952659264,0.87516289,3562748121.604004,830194.8390414976,14590964.72755611
2015-09-09,238.722463179427,0.85581756,3484080201.8657794,889241.1753433654,14594689.39563973
2015-09-10,238.750477206312,0.85661875,3485509618.4324985,1020658.2900569838,14598963.98623973
2015-09-11,240.845008116891,0.86421443,3517038528.374584,951337.7820617192,14602912.28733973
2015-09-12,236.351832176505,0.84831164,3452222524.8582377,797687.4335957043,14606286.28543973
2015-09-13,230.548837317358,0.82782905,3368332625.24842,870321.8608730264,14610061.21063972
2015-09-14,230.948793980129,0.82963832,3375053610.9508767,877605.4171244903,14613861.16283971
2015-09-15,230.398590005845,0.82794791,3367934600.819471,921594.36002338,14617861.16283971
2015-09-16,229.043285797779,0.82333716,3348936055.7358813,813103.6645821154,14621411.16283425
2015-09-17,233.202697837522,0.83834106,3410592059.075548,839529.7122150792,14625011.16282879
2015-09-18,233.175130917592,0.83835706,3411045811.1699696,856918.6061221506,14628686.16282879
2015-09-19,232.241568088837,0.83518355,3398114768.435108,725754.9002776156,14631811.16282879
2015-09-20,231.362323787259,0.83222368,3385990191.2382693,740359.4361192288,14635011.16262878
2015-09-21,226.773447983635,0.81585049,3319580294.937164,748352.3783459954,14638311.16232232
2015-09-22,230.626304792519,0.82986426,3376884819.9776177,905208.246310637,14642236.1621568
2015-09-23,230.132437755698,0.82892525,3370562525.320915,909023.1291350072,14646186.1621568
2015-09-24,234.319868497954,0.84398148,3432712535.04904,820119.539742839,14649686.16214042
2015-09-25,235.538221800117,0.8484784,3451526735.246161,965706.7093804796,14653786.16204042
2015-09-26,234.591814436002,0.84518839,3438520409.0167646,862124.9180523073,14657461.16199128
2015-09-27,233.243309760374,0.84044962,3419623585.4358406,868831.3288573931,14661186.16199128
2015-09-28,240.017265341905,0.86502832,3519795870.993324,858061.7235973103,14664761.16199128
2015-09-29,237.336233781414,0.85547192,3481511596.107908,1032412.6169491508,14669111.16199126
2015-09-30,236.739848042081,0.85345406,3473639084.697917,875937.4377556997,14672811.16139126
2015-10-01,238.229813851549,0.85908051,3496388477.7137675,887406.05659702,14676536.16139126
2015-10-02,237.937007305669,0.85804128,3492911974.530072,820882.6752045581,14679986.16139126
2015-10-03,239.735897720631,0.86449878,3520188703.531519,869042.6292372873,14683611.16128576
2015-10-04,239.516924897721,0.86381713,3517889543.982753,916152.2377337829,14687436.16128576
2015-10-05,240.961213833431,0.86904243,3540024122.1673555,921676.6429128736,14691261.16128575
2015-10-06,246.940498246639,0.89045639,3628743989.808128,876638.7687755683,14694811.16128556
2015-10-07,243.734486849795,0.87953074,3582442674.919352,810417.1687755684,14698136.16128556
2015-10-08,243.029632963179,0.87738611,3572933240.2314487,850603.7153711265,14701636.16126918
2015-10-09,244.448887492694,0.88249178,3594568617.940213,770013.9956019861,14704786.16126918
2015-10-10,245.955924313267,0.88802862,3617713095.821152,983823.697253068,14708786.16126918
2015-10-11,248.528165400351,0.89733993,3656454767.730005,907127.8037112812,14712436.16126915
2015-10-12,246.093637346581,0.88965466,3621510561.5686746,873632.4125803625,14715986.16126915
2015-10-13,250.471300701344,0.9052258,3686790059.116854,857864.2049021032,14719411.16125274
2015-10-14,253.142325540619,0.91550869,3727067912.782575,961940.8370543522,14723211.1612427
2015-10-15,254.693015002922,0.92101163,3750956017.1938376,1056976.0122621264,14727361.1612427
2015-10-16,262.737363237873,0.94954679,3870373892.991488,945854.5076563428,14730961.15944267
2015-10-17,271.930938924605,0.98206419,4006728659.130051,924565.192343657,14734361.13954267
2015-10-18,263.481677381648,0.9516082,3883189309.168762,955121.080508474,14737986.13914257
2015-10-19,264.362728229106,0.95474467,3897264719.6751375,1090496.2539450622,14742111.13564251
2015-10-20,270.832211864407,0.97727168,3993505229.4949102,866663.0779661024,14745311.13564243
2015-10-21,268.040217708942,0.96713256,3953301351.767409,964944.7837521912,14748911.13564233
2015-10-22,275.414956458212,0.99332361,4063089753.5678487,1019035.3388953845,14752611.13564227
2015-10-23,278.612778026885,1.00428416,4111303804.2497926,1037832.5981501464,14756336.13564224
2015-10-24,283.61114289889,1.02166516,4186089446.822674,1028090.3930084762,14759961.13564217
2015-10-25,286.04969345412,1.02981363,4223190800.807259,1108442.562134715,14763836.13564202
2015-10-26,286.703382817066,1.03170839,4234017247.3148575,1175483.8695499706,14767936.13564168
2015-10-27,295.562913793104,1.06222316,4365940428.668873,1086193.7081896572,14771611.13564153
2015-10-28,304.442097019287,1.09230955,4498158206.714291,1057936.2871420225,14775086.13544113
2015-10-29,314.879462302747,1.12707436,4653559847.774605,1188669.97019287,14778861.13544093
2015-10-30,328.492321157218,1.17145113,4856146703.114094,1404304.6729471069,14783136.1354408
2015-10-31,314.119508182349,1.11900853,4644825841.449939,1154389.1925701324,14786811.13544078
2015-11-01,329.854227644652,1.17301764,4878753858.828892,1261692.420740794,14790636.13544076
2015-11-02,364.616627995324,1.29040009,5394306532.212256,1394658.6020821144,14794461.13544069
2015-11-03,400.923105201637,1.40849617,5932994875.238465,1553577.0326563432,14798336.13544067
2015-11-04,405.481681472823,1.41400867,6002025460.71014,1571241.5157071892,14802211.13543059
2015-11-05,384.341222969024,1.33554498,5690502775.900624,1402845.4638369377,14805861.13542978
2015-11-06,372.975417884278,1.29585462,5523574280.013332,1352035.8898305076,14809486.13542975
2015-11-07,386.504550847458,1.33922357,5725402504.349122,1468717.2932203405,14813286.13542967
2015-11-08,372.400129748685,1.29084893,5517763769.283168,1294090.4508766804,14816761.13541325
2015-11-09,380.495644360023,1.31634235,5639130421.822669,1417346.2752410856,14820486.13541277
2015-11-10,337.830502337814,1.1732578,5008045357.344873,1233081.3335330212,14824136.13539571
2015-11-11,308.922185856225,1.07637834,4580802011.521221,1297473.180596145,14828336.13527895
2015-11-12,337.522988603156,1.17484219,5006262858.419689,1358530.0291277028,14832361.1352761
2015-11-13,337.278958211572,1.17320189,5003992427.356481,1349115.832846288,14836361.13527581
2015-11-14,333.047117475161,1.15846495,4942389627.191106,1182317.2670368217,14839911.13527567
2015-11-15,319.928021624781,1.113692,4748983122.682492,1279712.086499124,14843911.1352747
2015-11-16,331.132725014611,1.15257372,4916736893.133871,1432149.0356881924,14848236.13527453
2015-11-17,335.849786090006,1.16708912,4988027970.297106,1251040.4531852724,14851961.13526879
2015-11-18,335.744504967855,1.16637111,4987748561.890448,1284222.7315020452,14855786.13525778
2015-11-19,326.232145528931,1.13381269,4847544173.718769,1109189.294798365,14859186.13525741
2015-11-20,321.940475452951,1.11922908,4785117550.713641,1344101.4850160703,14863361.13525728
2015-11-21,325.905231151373,1.13292142,4845464834.222479,1417687.7555084724,14867711.13524075
2015-11-22,323.716966101695,1.12503742,4814322324.530699,1391982.9542372883,14872011.13524056
2015-11-23,323.012556341321,1.12274649,4805162610.897629,1316276.167090883,14876086.13524023
2015-11-24,319.961356527177,1.11232756,4761020548.937011,1247849.2904559905,14879986.13524011
2015-11-25,328.960457334892,1.14323112,4896144197.877515,1217153.6921391005,14883686.13523992
2015-11-26,356.255292518995,1.23571942,5303959481.157864,1567523.287083578,14888086.13523984
2015-11-27,359.268824371712,1.24471977,5350019771.763849,1194568.8410359423,14891411.13515748
2015-11-28,356.567322618352,1.23492724,5311163382.550138,1372784.1920806551,14895261.13483732
2015-11-29,371.707612507306,1.28597204,5538066564.959828,1384610.8565897148,14898986.1348373
2015-11-30,377.389839859731,1.30285581,5624254420.349992,1528428.8514319104,14903036.13483719
2015-12-01,362.532375803624,1.25175777,5404346669.314776,1513572.6689801302,14907211.13482619
2015-12-02,359.22240414962,1.2400996,5356450093.194915,1445870.1767022205,14911236.13482609
2015-12-03,361.210068088837,1.24663471,5387370915.290927,1282295.7417153711,14914786.13482596
2015-12-04,363.241631794272,1.25296246,5419060652.718329,1389399.2416130905,14918611.13482583
2015-12-05,389.362958796026,1.34032565,5810458035.515081,1703462.9447326136,14922986.13479302
2015-12-06,393.319129748685,1.35140208,5871059363.246267,1563443.5407510228,14926961.13458208
2015-12-07,395.346588252484,1.35604281,5902776056.222066,1452898.7118278788,14930636.13452083
2015-12-08,413.798660432496,1.41573376,6180087600.810438,1810369.13939217,14935011.13404066
2015-12-09,417.632671244886,1.4230962,6239102652.200718,1754057.2192285212,14939211.1340406
2015-12-10,415.729924313267,1.4147374,6212922055.645881,2244941.591291642,14944611.13404054
2015-12-11,453.86148012858,1.53766856,6784598775.116788,1815445.92051432,14948611.13394046
2015-12-12,435.85572238457,1.47529212,6517202920.100931,1765215.6756575084,14952661.13393043
2015-12-13,434.403466393922,1.46917519,6497029960.698693,1542132.3056984232,14956211.1339303
2015-12-14,442.991689655173,1.49347951,6627636825.546274,2159584.4870689684,14961086.1339301
2015-12-15,464.617871712449,1.5607304,6953313624.780674,2125626.763084454,14965661.13385338
2015-12-16,454.142492402104,1.52430436,6798393278.415105,1850630.6565385736,14969736.13382056
2015-12-17,456.240134611338,1.52913908,6831562359.3120575,1767930.5216189348,14973611.13382042
2015-12-18,463.175769725307,1.54887254,6937370780.101776,1956917.627089422,14977836.13382039
2015-12-19,461.399907948568,1.5407991,6912583208.052135,1810994.6386981288,14981761.13382033
2015-12-20,442.15399006429,1.47646827,6626069348.6912365,1823885.209015196,14985886.13376031
2015-12-21,437.640129456458,1.46115451,6560055357.080812,1630209.482225306,14989611.13376028
2015-12-22,435.268379018118,1.45244997,6526135996.725024,1632256.4213179424,14993361.13376013
2015-12-23,442.665727060199,1.47498552,6638784570.330636,1737462.978711281,14997286.13375983
2015-12-24,455.878713033314,1.51648924,6838516283.210734,1572781.5599649332,15000736.13375977
2015-12-25,455.718825832846,1.51327284,6837963518.749962,1845661.2446230263,15004786.13375975
2015-12-26,418.221531560491,1.39046843,6277112534.646038,1787897.047421099,15009061.13375974
2015-12-27,422.705894506137,1.40524438,6346584979.952393,2166367.709343952,15014186.13375937
2015-12-28,421.052879602572,1.39984175,6323355781.128885,1589474.6204997092,15017961.13375936
2015-12-29,431.340021332554,1.43330598,6479562252.391901,1714576.584796902,15021936.13375907
2015-12-30,426.043646990064,1.41549314,6401757885.322323,1757430.043834014,15026061.13375896
2015-12-31,429.677153419053,1.42597532,6457880528.943902,1525353.894637638,15029611.13374743
2016-01-01,434.678006428989,1.44202141,6534508443.28958,1467038.271697838,15032986.13374194
2016-01-02,434.439877264757,1.44085731,6532503495.42071,1574844.555084744,15036611.1337419
2016-01-03,430.136180011689,1.42578556,6469349717.041512,1559243.6525423727,15040236.13374189
2016-01-04,433.44897106955,1.4358758,6521136233.407531,1961356.5940897136,15044761.13374178
2016-01-05,432.669502630041,1.43257229,6511107544.721244,1698227.7978229108,15048686.13374084
2016-01-06,430.677869666862,1.42542709,6482654224.852928,1518139.4905756884,15052211.13373527
2016-01-07,459.208940093513,1.51365061,6913797513.641059,1687592.8548436605,15055886.13373498
2016-01-08,454.134423728814,1.49531085,6839360304.45274,1964131.3826271205,15060211.1337344
2016-01-09,449.845216247808,1.48063286,6776462099.883678,1698165.6913354753,15063986.13373428
2016-01-10,448.580216247808,1.47362064,6759368695.870575,1962538.44608416,15068361.13373425
2016-01-11,449.033059029807,1.4731839,6768100684.947386,1908390.50087668,15072611.13373418
2016-01-12,441.768157218001,1.44857001,6660477159.68141,1877514.668176504,15076861.13373409
2016-01-13,432.310645236704,1.41794151,6519487114.256076,1599549.3873758048,15080561.13373393
2016-01-14,429.823224722385,1.4098903,6483404579.346747,1429162.22220193,15083886.13373384
2016-01-15,367.823199883109,1.21085056,5549325125.136024,1121860.7596434825,15086936.13371737
2016-01-16,388.071204558738,1.2771992,5856183131.288612,1377652.77618352,15090486.13371732
2016-01-17,382.482086499123,1.25902054,5773284492.586803,1443869.876534189,15094261.13371728
2016-01-18,384.865166569258,1.26741248,5810919867.290267,1664541.8454120408,15098586.1336572
2016-01-19,378.161725014611,1.24584593,5710964765.319071,1257387.7356735817,15101911.13365166
2016-01-20,420.622924168323,1.3822596,6353808388.678534,1598367.1118396274,15105711.13365161
2016-01-21,409.298459672706,1.34524409,6184146146.488751,1401847.224379018,15109136.13365142
2016-01-22,381.046459380479,1.25973209,5758959432.442596,1676604.4212741076,15113536.13364037
2016-01-23,386.370602571596,1.27705234,5841155071.388704,1729008.446507892,15118011.13364031
2016-01-24,403.446926651081,1.33208711,6101039864.555417,1724735.6114333712,15122286.13364025
2016-01-25,391.986097311514,1.29373682,5929313467.64766,1587543.6941116315,15126336.13363995
2016-01-26,391.142935125657,1.29079002,5918124084.74964,1564571.740502628,15130336.13363976
2016-01-27,394.62753037405,1.3020216,5972376363.826889,1529181.6801994436,15134211.13363768
2016-01-28,378.900995616599,1.25165178,5735750655.041093,1382988.6340005863,15137861.13363757
2016-01-29,378.99999482291,1.2534027,5738850566.134647,1601274.9781267948,15142086.13331554
2016-01-30,377.262779076564,1.24726247,5714309199.15575,1763703.4921829368,15146761.13329498
2016-01-31,366.341687609585,1.21190019,5550547731.526968,1657696.136433372,15151286.13329493
2016-02-01,371.22343509059,1.23041296,5626006658.768317,1494174.3262396248,15155311.13329469
2016-02-02,372.927631209819,1.236387,5653512455.507252,1678174.3404441855,15159811.13323951
2016-02-03,368.098206604325,1.22129665,5581946530.078866,1647239.4745543543,15164286.13323562
2016-02-04,389.723081239042,1.29128531,5911509153.57617,1636836.9412039765,15168486.13323537
2016-02-05,384.398413983051,1.27387646,5832548684.676824,1806672.54572034,15173186.13321332
2016-02-06,374.631555523086,1.24218056,5686227481.1046095,1873157.77761543,15178186.13321324
2016-02-07,375.153917592051,1.24380766,5695806667.05346,1650677.2374050245,15182586.13321261
2016-02-08,370.814350327294,1.23006764,5631292826.371553,1372013.0962109878,15186286.13321241
2016-02-09,373.5116128609,1.23955252,5673897678.079752,1643451.09658796,15190686.13321208
2016-02-10,379.082611630625,1.25743769,5760079210.546447,1554238.7076855623,15194786.13321104
2016-02-11,377.639165108124,1.25239109,5739959017.329744,1812667.9925189952,15199586.13319756
2016-02-12,382.294456458212,1.26735993,5812351827.981777,1634308.8013588565,15203861.13319725
2016-02-13,389.598432472238,1.29090383,5924919898.905758,1519433.8866417282,15207761.13319695
2016-02-14,406.150669491525,1.34395157,6178327890.993508,1685525.2783898287,15211911.13319691
2016-02-15,399.26761864699,1.32080872,6075140750.17184,1517216.950858562,15215711.13319645
2016-02-16,407.035309468147,1.34439265,6194735961.69609,1404271.8176651073,15219161.13319615
2016-02-17,415.324113383986,1.36891644,6322493985.025067,1609380.9393629455,15223036.13317928
2016-02-18,421.289662981882,1.387065,6415087710.934137,1779948.8260984514,15227261.13317911
2016-02-19,419.626528541204,1.37990407,6391283874.672161,1521146.1659618644,15230886.13317875
2016-02-20,440.195760081823,1.44479793,6706222232.214417,1650734.1003068362,15234636.13317828
2016-02-21,438.718612681473,1.43896168,6685122328.61557,1403899.5605807137,15237836.13317822
2016-02-22,437.535295094097,1.43388713,6668480303.687458,1389174.561923758,15241011.13317801
2016-02-23,420.032592609585,1.37701655,6403149531.074921,1428110.814872589,15244411.13317739
2016-02-24,423.995112507306,1.38888584,6464806599.100708,1250785.5818965528,15247361.13317653
2016-02-25,424.090870251315,1.38869889,6467910003.96579,1643352.1222238457,15251236.13279608
2016-02-26,431.762241963764,1.4125491,6586419073.123424,1511167.846873174,15254736.13247588
2016-02-27,432.947845996493,1.41577688,6606096233.134229,1591083.3340371116,15258411.13247562
2016-02-28,433.102262711864,1.41489813,6609903279.443054,1450892.5800847444,15261761.13247535
2016-02-29,437.775872589129,1.42718873,6682686401.79238,1455604.776358854,15265086.13247483
2016-03-01,432.807867153711,1.40836687,6608375018.645714,1525647.7317168312,15268611.13247454
2016-03-02,423.079789392168,1.37665947,6461501370.36902,1660588.1733642593,15272536.13237389
2016-03-03,419.268821332554,1.36370699,6404713255.250994,1415032.2719973696,15275911.1323733
2016-03-04,407.990154295734,1.32762119,6234002294.222064,1580961.8478959692,15279786.11391517
2016-03-05,397.314453945061,1.29300875,6072369805.449488,1489929.2022939788,15283536.11391432
2016-03-06,403.705187463472,1.31351951,6171536521.165921,1493709.1936148463,15287236.11391378
2016-03-07,413.22936616014,1.34309201,6318508877.335182,1373987.6424824656,15290561.11391307
2016-03-08,411.425953243717,1.33712484,6292517671.840536,1583989.9199883104,15294411.11390712
2016-03-09,412.540703506721,1.3411659,6311299791.606736,1732670.9547282285,15298611.11390652
2016-03-10,416.340928696669,1.35270133,6371051280.018887,1613321.0986995923,15302486.11387569
2016-03-11,419.511934248977,1.36229072,6421253596.186825,1678047.736995908,15306486.11387504
2016-03-12,410.264163296318,1.33231582,6281179669.503447,1476950.9878667449,15310086.11387486
2016-03-13,411.805882466394,1.33700014,6306152777.311628,1369254.55920076,15313411.11385472
2016-03-14,415.026957276446,1.34667706,6357055522.544012,1577102.4376504947,15317211.11385454
2016-03-15,415.266400292227,1.34702813,6362394569.02727,1671447.2611762136,15321236.11385364
2016-03-16,417.024118468732,1.3520056,6390909675.880863,1584691.6501811815,15325036.1138526
2016-03-17,418.605363822326,1.35638731,6416617901.827912,1475583.9074736992,15328561.11359194
2016-03-18,408.901587405026,1.32505057,6269263237.378943,1390265.3971770883,15331961.11358966
2016-03-19,409.124429865576,1.32598423,6274070872.375975,1391023.0615429585,15335361.11357959
2016-03-20,412.056953828171,1.33522284,6320546194.189722,1504007.881472824,15339011.11355934
2016-03-21,411.601774050263,1.33302131,6314994502.682408,1430316.164824664,15342486.113559
2016-03-22,416.581653828171,1.34807127,6392939591.120112,1541352.1191642329,15346186.11350809
2016-03-23,417.378299532437,1.35020487,6406719798.529788,1554734.1657583278,15349911.11350743
2016-03-24,413.560239918177,1.33729801,6349632756.706358,1519833.8816993004,15353586.11350703
2016-03-25,416.373243834015,1.34555077,6394342216.905633,1519762.3399941549,15357236.11350662
2016-03-26,416.823096668615,1.34628144,6402845061.447639,1594348.3447574524,15361061.11350654
2016-03-27,425.454959848042,1.37287033,6536939368.003687,1499728.733464348,15364586.11350649
2016-03-28,422.917446814728,1.36375683,6499748928.59248,1797399.148962594,15368836.11103397
2016-03-29,415.863828755114,1.3408893,6392975294.163781,1632265.5278638224,15372761.11101347
2016-03-30,412.777697779076,1.3308193,6347049897.950738,1516958.0393381044,15376436.11101238
2016-03-31,415.956811221508,1.34039332,6397222798.802538,1289466.1147866747,15379536.11101189
2016-04-01,417.20066025716,1.3439179,6417948412.488325,1595792.525483637,15383361.11101152
2016-04-02,419.763056691993,1.35165651,6458825358.773215,1458676.6220046757,15386836.11100266
2016-04-03,420.073578901227,1.35223224,6465094574.320611,1491261.205099356,15390386.11100263
2016-04-04,419.540727878434,1.35014818,6458634885.360847,1741094.0206955012,15394536.11100255
2016-04-05,422.50136440678,1.35890201,6505849704.095044,1637192.7870762723,15398411.11100242
2016-04-06,421.907191233197,1.35566372,6498356367.018341,1655985.7255902982,15402336.11099215
2016-04-07,421.467220046756,1.35117853,6493044381.489624,1464598.5896624771,15405811.11093126
2016-04-08,418.643460549386,1.34214463,6451049192.286448,1507116.4579777897,15409411.11040104
2016-04-09,418.758635359439,1.34233375,6454519940.740526,1695972.473205728,15413461.11036093
2016-04-10,421.954488544711,1.35084023,6505604052.689057,1824953.1629558755,15417786.11036084
2016-04-11,423.273044009351,1.35449753,6527552278.210826,1619019.3933357676,15421611.11036076
2016-04-12,427.427664582116,1.36654458,6593204703.353853,1581482.3589538292,15425311.11036026
2016-04-13,424.87251811806,1.35807492,6555532751.537464,1741977.324284046,15429411.11036009
2016-04-14,425.8565949737,1.36084658,6572462489.19252,1746012.03939217,15433511.10858908
2016-04-15,430.724418760959,1.37555561,6649086869.042888,1496767.3551943323,15436986.10858875
2016-04-16,432.216313033314,1.37971516,6673608366.480628,1491146.2799649332,15440436.10858863
2016-04-17,429.339968731736,1.37038391,6630892248.942279,1695892.876490357,15444386.10858858
2016-04-18,429.656933664524,1.37101446,6637226928.474709,1439350.727776155,15447736.1085881
2016-04-19,437.568726183518,1.39507656,6761087094.176054,1640882.7231881924,15451486.10858544
2016-04-20,442.661653302163,1.41003606,6841606366.10558,1825979.3198714224,15455611.10854901
2016-04-21,452.164702805377,1.43844551,6990188725.321296,1706921.753090298,15459386.10853941
2016-04-22,448.134421332554,1.42445756,6929485128.461931,1602080.5562638803,15462961.10853681
2016-04-23,453.914722969024,1.44126699,7020499800.864844,1634093.0026884864,15466561.10853654
2016-04-24,463.382871420222,1.46984701,7168468660.943906,1529163.475686733,15469861.10853271
2016-04-25,465.31600666277,1.47288881,7199851372.969952,1477378.3211542948,15473036.10852984
2016-04-26,469.60876452367,1.48393742,7268046143.045657,1772773.0860768545,15476811.10768392
2016-04-27,445.741113091759,1.40953828,6900088525.33498,1437515.0897209228,15480036.10767344
2016-04-28,451.060061776739,1.4252343,6983948370.74168,1522327.708496494,15483411.10767311
2016-04-29,457.009965225015,1.44285983,7077878361.232827,1805189.3626388088,15487361.10764661
2016-04-30,449.900484511981,1.42025882,6969413402.910671,1642136.7684687306,15491011.10764657
2016-05-01,455.010731151374,1.43481218,7050339456.944335,1763166.5832115742,15494886.10763954
2016-05-02,444.933061192285,1.40306525,6895933470.962788,1746362.2651797186,15498811.10763895
2016-05-03,451.628850379895,1.42352585,7001415141.708148,1704898.9101841035,15502586.10763859
2016-05-04,448.367967562829,1.41279571,6952734960.438557,1871936.264574811,15506761.10568555
2016-05-05,449.336072472238,1.41534562,6969488309.274677,1741177.2808299223,15510636.1056852
2016-05-06,461.693862361192,1.45231269,7163035351.4550295,1869860.142562828,15514686.10568457
2016-05-07,461.361842489772,1.45028008,7159614274.278417,1730106.909336645,15518436.10568453
2016-05-08,461.378872296902,1.44965118,7161816341.515871,1937791.2636469884,15522636.10568446
2016-05-09,463.462231677382,1.45525025,7196136872.095887,1981301.040420808,15526911.10568239
2016-05-10,451.079668322618,1.41626148,7005655676.3158245,1781764.6898743412,15530861.10568231
2016-05-11,453.896305260082,1.42414735,7050909678.588457,1509205.2149897723,15534186.10567516
2016-05-12,455.607255932203,1.42876187,7079071139.960049,1583235.2143644055,15537661.10567268
2016-05-13,457.241902688486,1.43336991,7106207246.516813,1737519.2302162468,15541461.10567254
2016-05-14,458.119524839275,1.43505829,7121496007.328157,1649230.28942139,15545061.10567245
2016-05-15,460.85772063121,1.44303466,7165662908.812253,1601480.5791934547,15548536.1056724
2016-05-16,455.224077323203,1.42545539,7079672667.303527,1604664.8725642904,15552061.10567182
2016-05-17,453.545777030976,1.41546718,7055170387.460004,1598748.8640341903,15555586.10565159
2016-05-18,454.486184102864,1.41776705,7071537380.293865,1738409.654193455,15559411.1056484
2016-05-19,437.724187142022,1.36583656,6812043751.092737,1313172.561426066,15562411.10542638
2016-05-20,442.396799240211,1.37946798,6886408789.57811,1647928.077169786,15566136.10542637
2016-05-21,444.078207188778,1.38433791,6914147190.23459,1565375.6803404423,15569661.10542637
2016-05-22,440.558668848627,1.37324466,6861375740.907588,2026569.876703684,15574261.10542637
2016-05-23,444.205057276447,1.38378129,6920164469.127532,1998922.757744012,15578761.1054163
2016-05-24,445.674454938632,1.38792754,6944693717.897456,1637853.6218994723,15582436.10541627
2016-05-25,450.54952717709,1.40185071,7022213615.431255,1554395.8687609604,15585886.10541622
2016-05-26,454.43372238457,1.41287581,7084285953.359266,1533713.8130479236,15589261.10541617
2016-05-27,471.820117299825,1.46115986,7356966578.282625,1639574.907616892,15592736.10541607
2016-05-28,530.910597895967,1.63473944,8280114126.298482,1765277.7380040905,15596061.10541607
2016-05-29,527.54971244886,1.61944736,8229636296.690348,1938745.1932495604,15599736.10541607
2016-05-30,533.493149035652,1.63256643,8324272914.340074,1920575.336528347,15603336.10541601
2016-05-31,530.943692811221,1.62098355,8286178638.20888,1685746.2246756265,15606511.10541596
2016-06-01,537.613678842782,1.63749336,8392195818.183091,1921968.9018629456,15610086.10541191
2016-06-02,538.771243191116,1.63594156,8412124257.999834,1858760.7890093504,15613536.10518488
2016-06-03,570.175988252484,1.72607424,8904487503.587486,2024124.7582963184,15617086.10507888
2016-06-04,574.26620163647,1.73508921,8970073160.085773,1708441.949868498,15620061.10497886
2016-06-05,575.137638047925,1.73449123,8986129385.043505,2444334.961703681,15624311.10497886
2016-06-06,585.857149035652,1.76124697,9156104252.492289,2489892.883401521,15628561.10497868
2016-06-07,578.469240677966,1.73648602,9042666517.593813,2024642.342372881,15632061.10491857
2016-06-08,583.097585330216,1.74643017,9117116235.319576,2099151.3071887777,15635661.10491854
2016-06-09,577.101699707773,1.7262705,9025747144.127892,2380544.511294564,15639786.10476847
2016-06-10,579.814993571011,1.73124783,9070269813.759336,2087333.97685564,15643386.1047584
2016-06-11,605.44955698422,1.80308386,9473642440.131311,2361253.272238458,15647286.1047584
2016-06-12,670.39237434249,1.97978904,10492268215.951578,2446932.1663500885,15650936.10475839
2016-06-13,704.321778141438,2.05438766,11026130042.038464,2834895.157019288,15654961.10475837
2016-06-14,684.948319403857,1.99146107,10725099628.490984,2260329.454032728,15658261.10475831
2016-06-15,695.001468439509,2.00817303,10885155466.59626,2641005.5800701343,15662061.10475819
2016-06-16,767.420031268264,2.18424554,12022238062.35232,2858639.6164742834,15665786.10475409
2016-06-17,750.014633927528,2.12593041,11752362635.055412,2793804.511380041,15669511.10475401
2016-06-18,758.28878012858,2.14155867,11885009701.516665,2995240.681507891,15673461.10475401
2016-06-19,766.767132670952,2.15941186,12021287774.883976,3392944.5620689625,15677886.10475399
2016-06-20,722.497452367037,2.03279428,11330195008.740025,2962239.554704852,15681986.10475398
2016-06-21,669.604204675628,1.88290437,10503218109.07042,2494275.6624167142,15685711.10475393
2016-06-22,594.832974634716,1.68209991,9332296532.04475,1918336.3431969592,15688936.10475389
2016-06-23,627.677855639977,1.77191858,9849794643.999235,2196872.4947399194,15692436.10475383
2016-06-24,664.126985680889,1.86988311,10423912097.768911,2141809.528820867,15695661.1047538
2016-06-25,668.872684102864,1.87909186,10501107906.2762,2708934.370616599,15699711.10475378
2016-06-26,630.4342421391,1.7731205,9899936557.105762,2301084.983807715,15703361.10474378
2016-06-27,652.244807714787,1.83085813,10244832743.90781,2396999.6683518426,15707036.10474376
2016-06-28,647.218768381064,1.81560781,10168283272.072151,2394709.4430099367,15710736.10474373
2016-06-29,638.586345645821,1.79144978,10034992396.695734,2330840.1616072464,15714386.10474368
2016-06-30,674.284814728229,1.88463722,10598500491.258728,2528568.0552308587,15718136.10474153
2016-07-01,677.512385739334,1.89054098,10651857252.193722,2625360.494739919,15722011.10474151
2016-07-02,702.739316773817,1.95662702,11051093046.011345,2617703.9549824684,15725736.10474144
2016-07-03,662.55008591467,1.84470645,10421638625.09864,2550817.83077148,15729586.10474144
2016-07-04,679.842453360608,1.89000024,10696206813.055763,2566405.261436295,15733361.10474141
2016-07-05,668.165981297487,1.85502138,10514918763.339394,2422101.68220339,15736986.10474131
2016-07-06,677.651333138515,1.87853142,10666561393.12622,2371779.6659848024,15740486.10474131
2016-07-07,640.053236119229,1.77579285,10076941251.763096,2192182.3337083594,15743911.10474124
2016-07-08,665.051708357685,1.8419359,10472925788.882471,2410812.442796608,15747536.10474122
2016-07-09,651.941914026885,1.80354226,10268475401.444052,1996572.111707336,15750598.60474103
2016-07-10,649.959340970193,1.79645545,10238516109.738413,1267420.7148918763,15752548.60474103
2016-07-11,650.272594681473,1.79504742,10244613016.313946,1162362.2629931327,15754336.10474101
2016-07-12,670.023127995324,1.84676287,10556967222.729477,1197666.3412916416,15756123.60474093
2016-07-13,658.333613383986,1.81377039,10373847348.583372,1061562.9515816774,15757736.10473786
2016-07-14,660.905960198714,1.81967435,10415546557.61456,1164846.7548502334,15759498.60473785
2016-07-15,666.758671127995,1.83455167,10508907502.596016,1125155.2575284916,15761186.10473783
2016-07-16,665.275622150789,1.82935184,10486838495.0723,1305603.4084709233,15763148.60473783
2016-07-17,681.089601987142,1.86895135,10737385138.648762,1268529.383701052,15765011.10473783
2016-07-18,675.118579193454,1.8515086,10644500867.369738,1248969.37150789,15766861.10473576
2016-07-19,674.660360315605,1.8472273,10638355650.543604,1079456.576504968,15768461.10473572
2016-07-20,667.305364874343,1.82663887,10523629888.561647,1251197.5591393933,15770336.10473565
2016-07-21,666.851739333723,1.82456417,10517584702.33698,1108641.0166423144,15771998.60473559
2016-07-22,650.562911630625,1.7803472,10261726367.225912,1049032.6950043829,15773611.10473554
2016-07-23,657.377942957335,1.79860084,10370300477.421618,1076456.381592636,15775248.60473554
2016-07-24,661.393979836353,1.80565737,10434679618.262651,1025160.6687463472,15776798.60473553
2016-07-25,655.119577849211,1.78771375,10336762400.055084,1072758.308728083,15778436.10473552
2016-07-26,654.626339158387,1.78522608,10330035449.859348,1055584.971892899,15780048.6047354
2016-07-27,656.275146873174,1.78796338,10357103755.973543,1050040.2349970783,15781648.6047354
2016-07-28,656.196453360608,1.78683669,10356977376.581444,1115533.9707130336,15783348.60473536
2016-07-29,657.557567504383,1.78935642,10379668577.633736,1208262.0302893035,15785186.10473531
2016-07-30,655.361730157803,1.78228347,10345981727.035852,974850.573609732,15786673.60473531
2016-07-31,624.804487142022,1.7008979,9864787253.922888,1202748.6377483923,15788598.60473531
2016-08-01,606.50924792519,1.6531908,9577091014.48737,1159948.9366569258,15790511.1047353
2016-08-02,526.981148334307,1.44664432,8322316113.469051,1014438.7105435408,15792436.1047343
2016-08-03,570.347040911748,1.56457026,9008352671.231228,1183470.1098918773,15794511.10473128
2016-08-04,583.542158036236,1.59778327,9217879119.553003,1116024.3772443011,15796423.60472027
2016-08-05,581.279805669199,1.59141223,9183369996.809528,1227953.5894761828,15798536.10472011
2016-08-06,590.795402980713,1.61723105,9334928404.954647,1225900.4611849794,15800611.10472011
2016-08-07,594.73232402104,1.62732927,9398234418.06228,1100254.799438924,15802461.10472011
2016-08-08,591.629283869083,1.6187062,9350293260.929688,1094514.1751578036,15804311.10472
2016-08-09,587.932138223261,1.6089797,9292773715.756552,911294.8142460544,15805861.1047177
2016-08-10,589.968758328463,1.61532499,9326077816.293648,1113566.031344974,15807748.60471745
2016-08-11,589.585884687317,1.61439329,9321130919.560732,1105473.5337887192,15809623.60471729
2016-08-12,587.19164956166,1.60770275,9284372607.850191,1093644.4473085916,15811486.10471726
2016-08-13,585.363581648159,1.60245343,9256660815.734983,1192678.297608124,15813523.60471723
2016-08-14,571.387062536528,1.56450982,9036807001.991344,1164201.1399181758,15815561.10471723
2016-08-15,566.564441320865,1.55189891,8961568521.575514,1033980.1054105784,15817386.1047172
2016-08-16,578.414924137931,1.58343489,9149988259.004848,976075.1844827584,15819073.6047172
2016-08-17,573.663744418469,1.5706748,9075711005.320469,882008.0070433961,15820611.10471718
2016-08-18,573.263191992987,1.56943471,9070477552.814447,1103531.6445865,15822536.10471717
2016-08-19,573.958457919345,1.57097556,9082583293.068104,1104870.0314947392,15824461.10471714
2016-08-20,581.797070134424,1.58942926,9207752339.003368,1127231.8233854463,15826398.60471611
2016-08-21,580.79219257744,1.5862522,9193032110.329985,1183364.092376534,15828436.10471611
2016-08-22,584.971897720631,1.5971444,9260345625.44484,1155319.4979982462,15830411.10441064
2016-08-23,582.627747399182,1.5907111,9224307340.651608,1070578.4858459968,15832248.60441063
2016-08-24,578.701831677382,1.58033884,9163250800.424288,1099533.480187026,15834148.60441062
2016-08-25,576.033436586791,1.5702844,9121935090.289911,936054.3344535351,15835773.60429061
2016-08-26,578.874653419053,1.57746065,9167883099.984455,955143.1781414376,15837423.60429061
2016-08-27,570.200993746347,1.55410904,9031541039.337105,1026361.7887434246,15839223.60429061
2016-08-28,575.105232554062,1.56720759,9110313074.36318,1092699.941852718,15841123.60429059
2016-08-29,573.429267562829,1.56317394,9084831917.791384,1068012.010835769,15842986.10429051
2016-08-30,575.695698421976,1.56851349,9121919126.58093,1180176.1817650509,15845036.10429048
2016-08-31,572.272758328463,1.55808288,9068641074.086544,958556.8702001756,15846711.10429039
2016-09-01,572.221702045587,1.55789624,9068833387.900324,1001387.9785797772,15848461.10429038
2016-09-02,576.846767387493,1.57001279,9143236775.518871,1103219.4426285804,15850373.60429024
2016-09-03,600.374406779661,1.63244029,9517104239.60243,945589.690677966,15851948.60429024
2016-09-04,610.538913325541,1.65865731,9679597555.774256,1366080.818565898,15854186.10429024
2016-09-05,607.526964172998,1.64951295,9632908725.560476,1063172.1873027463,15855936.10429023
2016-09-06,612.995458270017,1.66267259,9720658910.8285,1042092.2790590288,15857636.10429014
2016-09-07,615.659819111631,1.6686166,9764079129.161,1169753.6563120987,15859536.10428909
2016-09-08,630.550172004676,1.70667998,10001368208.783413,1134990.3096084169,15861336.10428901
2016-09-09,622.977884044418,1.68507108,9882367390.11141,1105785.744178842,15863111.1042889
2016-09-10,624.752640444185,1.68900378,9911731006.304825,1210458.2408606084,15865048.6042889
2016-09-11,608.246675920514,1.64409449,9651109982.561745,1246905.6856370536,15867098.60428889
2016-09-12,607.70737270602,1.64235516,9643791009.051008,1238203.7718885157,15869136.10428784
2016-09-13,608.694296317943,1.64324029,9660708066.158016,1255431.9861557574,15871198.60428572
2016-09-14,609.41308766803,1.64445893,9673304501.9511,1188355.5209526585,15873148.60428549
2016-09-15,607.070262594974,1.63757095,9637285101.667816,1168610.2554953247,15875073.60428497
2016-09-16,607.806438047925,1.63843679,9650028004.855152,1056063.6861082695,15876811.10428491
2016-09-17,607.381449678551,1.63684292,9644518084.405657,1237539.7037200476,15878848.60413484
2016-09-18,611.533460315605,1.64735892,9711555637.111002,1108404.396822034,15880661.10413482
2016-09-19,608.871306312098,1.63980889,9670291120.059471,1012248.5467438628,15882323.60403371
2016-09-20,608.371748626534,1.63608322,9663505284.913973,1148301.675532583,15884211.10403367
2016-09-21,596.945756633548,1.60558003,9483251078.469328,1238662.445014612,15886286.10403355
2016-09-22,595.564716540035,1.60186568,9462361163.235504,1049682.8129018117,15888048.60403349
2016-09-23,602.378784921099,1.61963842,9571647456.79608,1024043.9343658685,15889748.60402794
2016-09-24,602.687359731151,1.62065676,9577801209.224775,1250576.2714421384,15891823.60402793
2016-09-25,600.610054880187,1.61373559,9546177957.713375,1388910.7519104325,15894136.10402793
2016-09-26,606.778810637055,1.62933517,9645385465.780869,1160464.4753433676,15896048.6040279
2016-09-27,605.151613734658,1.62414841,9620782718.725668,1263253.9936710985,15898136.10402783
2016-09-28,604.686494389246,1.62251024,9614506858.021822,1118670.0146201053,15899986.10392779
2016-09-29,605.202561952075,1.62353046,9623794124.67896,1081799.579489334,15901773.60392776
2016-09-30,608.865840736412,1.63296882,9683127491.422848,1080736.8673071312,15903548.60392773
2016-10-01,615.408478842782,1.64973693,9788386393.685144,1207739.1397289596,15905511.10392773
2016-10-02,611.748578316774,1.63963562,9731252012.098734,1078206.869283314,15907273.60392773
2016-10-03,612.590347399182,1.64023485,9745798527.484585,1156264.280715956,15909161.10392764
2016-10-04,610.007881355932,1.63178451,9705918424.722736,1204765.5656779655,15911136.10392757
2016-10-05,612.147780946815,1.63673816,9741244516.854696,1277858.4927264764,15913223.6039275
2016-10-06,611.76086277031,1.63502177,9736318570.131832,1231168.7363252488,15915236.10392743
2016-10-07,617.905705143191,1.65057413,9835219693.765524,1104506.447943454,15917023.60392732
2016-10-08,619.301001753361,1.65345115,9858736936.210272,1308273.3662039752,15919136.1039273
2016-10-09,617.101041320865,1.6471487,9824949668.744743,1234202.08264173,15921136.10392728
2016-10-10,618.0852,1.64905635,9841576625.082909,958032.06,15922686.10392695
2016-10-11,642.981387258913,1.71172286,10239107980.15146,1117180.1603623612,15924423.60392684
2016-10-12,636.59793220339,1.69165254,10138601014.062204,1145876.277966102,15926223.60391672
2016-10-13,635.444095324372,1.68770306,10121241460.47686,1016710.5525189952,15927823.60391644
2016-10-14,639.586090298071,1.69764855,10188301722.13972,1087296.3535067209,15929523.60391639
2016-10-15,637.283759322034,1.6909697,10152757865.185707,1131178.6727966105,15931298.60391639
2016-10-16,642.913042548217,1.70485941,10243484390.882189,1044733.6941408524,15932923.60391639
2016-10-17,639.137536469901,1.69213973,10184328193.370346,998652.4007342204,15934486.10391538
2016-10-18,635.576508591467,1.6808924,10128816473.604576,1231429.4853959673,15936423.60390499
2016-10-19,629.640708036236,1.66452177,10035204855.12808,983813.6063066188,15937986.10389491
2016-10-20,628.598901110462,1.66126571,10019653453.962454,1052903.159360024,15939661.10386459
2016-10-21,630.90620338983,1.66533193,10057724428.070345,1293357.7169491516,15941711.10385451
2016-10-22,654.508630976037,1.72581278,10435206532.324495,1219022.3251928687,15943573.60385451
2016-10-23,651.961956750438,1.71807394,10395776975.87273,1173531.5221507885,15945373.60383451
2016-10-24,650.027167153711,1.71141678,10366087956.430365,1161923.5612872583,15947161.10377447
2016-10-25,655.792505084746,1.72432365,10459168168.475748,1139439.477584746,15948898.60341442
2016-10-26,675.109869316189,1.77111563,10768423416.412828,1164564.524570426,15950623.60341442
2016-10-27,686.523327060199,1.79615707,10951865394.589493,1390209.7372969028,15952648.60334332
2016-10-28,690.390654938632,1.80415758,11014871259.5123,1311742.2443834008,15954548.60334313
2016-10-29,715.445469316189,1.8651885,11415942030.433352,1332517.186601402,15956411.1033431
2016-10-30,699.333410987726,1.8226058,11160320004.186417,1468600.1630742245,15958511.10334308
2016-10-31,698.897727995325,1.81838639,11154651376.83372,1284224.5751914096,15960348.60326279
2016-11-01,730.578480011689,1.89570499,11661602264.255903,1315041.2640210402,15962148.60321279
2016-11-02,740.367055523086,1.91748494,11819079821.412252,1230860.2298071303,15963811.10321259
2016-11-03,689.939206954997,1.78730294,11015395929.736336,1336757.2134753063,15965748.60320243
2016-11-04,705.432016656926,1.82526343,11263773111.01154,1022876.4241525428,15967198.60319222
2016-11-05,706.819325569842,1.82779984,11287223328.458754,1298780.5107345846,15969036.10319218
2016-11-06,715.896879777908,1.84962453,11433552272.118605,1369152.782575249,15970948.60319216
2016-11-07,706.181216773816,1.82330887,11279672698.354595,1288780.7206122142,15972773.60319169
2016-11-08,711.835846580947,1.83441017,11371496573.29223,1503753.2259022505,15974886.10318125
2016-11-09,721.50150993571,1.85565551,11527230203.520596,1325759.0245068672,15976723.60318101
2016-11-10,713.407615604909,1.83311387,11399414446.916431,1498155.9927703089,15978823.60318049
2016-11-11,715.703310637055,1.83712016,11437555198.370045,1458245.4954229996,15980861.10317047
2016-11-12,703.847551139685,1.80622068,11249568032.42736,1478079.8573933383,15982961.10317045
2016-11-13,703.626435300994,1.80498214,11247282883.500923,1248936.9226592644,15984736.10317045
2016-11-14,705.643584161309,1.80858594,11281043609.419767,1517133.7059468145,15986886.10317038
2016-11-15,712.3471528346,1.82341234,11389601875.225286,1389076.94802747,15988836.10316028
2016-11-16,742.050117592051,1.89261677,11866103842.554716,1586132.126353009,15990973.60305011
2016-11-17,735.318080537697,1.87204522,11759913460.2911,1461444.6850686728,15992961.10288997
2016-11-18,749.57872729398,1.90458043,11989370149.714296,1386720.645493863,15994811.10275978
2016-11-19,751.213819403858,1.90689799,12016856543.594193,1333404.529441848,15996586.10264975
2016-11-20,730.350813617767,1.85356329,11684288236.45678,1168561.3017884272,15998186.10261974
2016-11-21,736.506983927528,1.86694042,11784055475.63626,1279680.88457408,15999923.60261964
2016-11-22,747.997677966102,1.89259128,11969158598.505112,1252896.1105932207,16001598.60261964
2016-11-23,741.240317942724,1.86965336,11862392064.881804,1362029.0842197551,16003436.10261958
2016-11-24,737.35497597896,1.85483303,11801706386.8468,1493143.826357394,16005461.10260949
2016-11-25,739.685200175336,1.85929274,11840408101.462503,1405401.8803331384,16007361.10260938
2016-11-26,734.652925891292,1.84525241,11761259693.54383,1405023.720767096,16009273.60259934
2016-11-27,727.741115838691,1.82681448,11651916569.23644,1309934.0085096438,16011073.60246933
2016-11-28,730.082483752192,1.83082068,11690901052.292336,1496669.0916919936,16013123.60242917
2016-11-29,731.646435710111,1.83343351,11717307499.7525,1362691.4865100817,16014986.10237892
2016-11-30,742.20445131502,1.85741761,11887711385.812412,1317412.9010841604,16016761.10234862
2016-12-01,753.674910111046,1.88258493,12072806440.73908,1375456.710952659,16018586.10227622
2016-12-02,772.302382729398,1.92399804,12372572705.253073,1380490.5091287987,16020373.60227622
2016-12-03,766.110468147283,1.89395129,12275023057.786867,1647137.5065166585,16022523.60220592
2016-12-04,766.380139099942,1.89327742,12280761670.188232,1417803.2573348929,16024373.60212792
2016-12-05,752.670726241964,1.85781173,12062506991.02084,1430074.3798597315,16026273.60206787
2016-12-06,759.117325774401,1.87197007,12167245303.916405,1423344.9858270015,16028148.60206779
2016-12-07,764.987650087668,1.88398255,12262999582.421831,1663848.138940678,16030323.60197774
2016-12-08,767.659224634717,1.88724567,12307332318.112368,1506531.228345632,16032286.10190764
2016-12-09,771.902321098773,1.89591358,12376661439.725788,1302585.1668541797,16033973.60187762
2016-12-10,775.474561309176,1.90150182,12435218177.923054,1279533.0261601403,16035623.60179759
2016-12-11,770.496150496786,1.8880226,12357187290.605831,1801034.7517862371,16037961.10160758
2016-12-12,778.506599064874,1.90486371,12487176640.979973,1518087.8681765045,16039911.10156203
2016-12-13,778.930694564582,1.90337593,12495712215.83464,1733120.7954061949,16042136.1014919
2016-12-14,776.963961484512,1.89626794,12465511590.935017,1349974.8830793395,16043873.60144439
2016-12-15,776.176781998831,1.89136263,12454114363.406492,1232180.641423144,16045461.10144435
2016-12-16,782.230215897136,1.90373524,12552544959.285791,1300457.7339289887,16047123.60144429
2016-12-17,789.60293220339,1.91920336,12672277134.408592,1421285.277966102,16048923.60144428
2016-12-18,790.632966526008,1.91892195,12690201567.15475,1393490.6035020892,16050686.10143428
2016-12-19,790.279031677382,1.91635095,12686012321.608078,1491651.6722910583,16052573.60135417
2016-12-20,799.777520748101,1.93543766,12839867132.724691,1379616.2232904742,16054298.6013341
2016-12-21,828.4836792519,1.99546268,13302370984.354397,1646611.3125131512,16056286.10133407
2016-12-22,858.50143395675,2.05790608,13786050913.580725,1706271.5999890403,16058273.601294
2016-12-23,915.562438340152,2.17751843,14704091702.548552,1739568.6328462888,16060173.60127399
2016-12-24,891.155272063121,2.11635351,14313634478.374195,1526103.4034080948,16061886.10121397
2016-12-25,896.003279310345,2.12388831,14393350625.226149,1848006.7635775865,16063948.60106397
2016-12-26,903.201246639392,2.13574409,14510581584.572617,1603182.2127849208,16065723.60098396
2016-12-27,925.950810461719,2.18144466,14877875393.000628,1805604.080400352,16067673.60091394
2016-12-28,979.960973991818,2.2923126,15747701991.642693,2008919.996683227,16069723.6008239
2016-12-29,973.462559438925,2.26582772,15645099508.184328,1825242.2989479844,16071598.60077382
2016-12-30,961.182658153127,2.23030531,15449628184.761189,1886320.966625512,16073561.10070381
2016-12-31,968.970597019287,2.2443903,15576600691.453478,1792595.6044856808,16075411.10057381
2017-01-01,997.257357977791,2.30193946,16033266654.243565,1944651.8480566924,16077361.10040376
2017-01-02,1017.07788609001,2.33524167,16353949884.182625,2021442.298603895,16079348.60038371
2017-01-03,1032.60905318527,2.35770988,16605797782.606098,2116848.559029804,16081398.60035364
2017-01-04,1134.49644535359,2.55770131,18246459272.867046,2169724.451738741,16083311.10035356
2017-01-05,1000.49812893045,2.23704042,16093073534.635252,1750871.7256282875,16085061.10035311
2017-01-06,892.463955639977,2.00164999,14357133340.006493,1796083.7107254537,16087073.60031267
2017-01-07,903.453283635301,2.0252978,14535477925.199154,1558456.914270894,16088798.60031227
2017-01-08,912.484997077732,2.04304794,14682692156.102636,1904812.4313997647,16090886.10018194
2017-01-09,903.508666803039,2.02053011,14539791012.752333,1535964.7335651664,16092586.10014191
2017-01-10,906.498947399182,2.02492109,14589725358.595043,1812997.894798364,16094586.10013187
2017-01-11,788.314655990649,1.76845775,12689105756.601105,1507651.7795821163,16096498.60011181
2017-01-12,807.109833547633,1.81077416,12993377591.840828,1735286.1421274107,16098648.59994176
2017-01-13,826.746927410871,1.85366729,13311058415.80094,1550150.4888953832,16100523.59975171
2017-01-14,820.045157276447,1.83889611,13204919504.573051,1763097.088144361,16102673.59962168
2017-01-15,824.547065166569,1.84823542,13279133499.8852,1721241.9985352128,16104761.09960157
2017-01-16,830.838035067212,1.86155157,13382203212.485786,1755145.3490794853,16106873.59950151
2017-01-17,906.026828112215,2.0228738,14595049001.0455,1789402.9855216246,16108848.59939031
2017-01-18,881.259815371128,1.96641888,14197733304.64966,1652362.153820865,16110723.59934002
2017-01-19,902.263869959088,2.01003826,14538086246.3695,1962423.9171610165,16112898.59919661
2017-01-20,895.174516189363,1.99263298,14425971057.595243,2114849.79449737,16115261.09903648
2017-01-21,924.46825949737,2.05421871,14900138988.935028,2091609.4371128,16117523.59895642
2017-01-22,922.467077381648,2.04635127,14869891254.85207,2006365.8933050844,16119698.59895609
2017-01-23,919.115744126242,2.03609568,14817454247.528805,1585474.6586177675,16121423.598956
2017-01-24,887.743193804792,1.96451725,14313337496.115463,1653421.6984614253,16123286.09895584
2017-01-25,895.690033255406,1.97868447,14443134884.829,1668222.6869381936,16125148.59893561
2017-01-26,916.6674685564,2.02100235,14783175189.419712,1776043.220328025,16127086.09884539
2017-01-27,920.454463471654,2.02710253,14846204348.199217,1955965.7348772648,16129211.098835
2017-01-28,922.774948568089,2.03067894,14885385214.56434,1753272.4022793693,16131111.09882497
2017-01-29,915.63202314436,2.00928142,14772073272.831842,1911381.8483138515,16133198.59882495
2017-01-30,920.313260783168,2.01726706,14849253173.216362,1656563.8694097025,16134998.59882487
2017-01-31,968.499105669199,2.11732767,15628487117.564535,1755404.6290254232,16136811.09882471
2017-02-01,987.532590414962,2.1532295,15937996943.63664,2370078.216995909,16139211.09878458
2017-02-02,1007.7043659848,2.19051199,16265531107.613728,1977619.81824517,16141173.5987845
2017-02-03,1015.30203945061,2.19895326,16390057474.0206,1891000.0484767607,16143036.09878438
2017-02-04,1033.78597299825,2.23392412,16690305095.27906,1860814.75139685,16144836.09878436
2017-02-05,1014.56787574518,2.18915215,16382048518.65076,2016453.6530435449,16146823.59878433
2017-02-06,1023.3174811806,2.20253705,16524925787.739786,1598933.5643446876,16148386.09878432
2017-02-07,1053.62445902981,2.25911131,17016323283.702478,1988716.1664187664,16150273.59878425
2017-02-08,1052.36764535359,2.25075614,16997945969.919443,1920570.9527703016,16152098.5987822
2017-02-09,982.751939450614,2.10032332,15875582287.611933,2076063.472089422,16154211.0987711
2017-02-10,996.650153126827,2.12395089,16101928309.85864,1831344.6563705448,16156048.59873996
2017-02-11,1011.37532220923,2.15345527,16341586121.800924,1757264.6223385371,16157786.09873994
2017-02-12,1006.29646487434,2.14002159,16261284050.169222,1761018.813530095,16159536.09873789
2017-02-13,999.953184979545,2.12270941,16160816994.287222,2037404.6143958229,16161573.59868583
2017-02-14,1012.2134635301,2.14502476,16361100689.364063,2138300.941707336,16163686.09868578
2017-02-15,1013.90384050263,2.14664641,16390185070.059237,1761657.9228733196,16165423.59868566
2017-02-16,1036.80686475745,2.19057597,16762379131.786455,1956972.957229687,16167311.09868552
2017-02-17,1058.66992033898,2.22822443,17117844192.41546,1998239.4746398248,16169198.59868544
2017-02-18,1060.66880488019,2.22851853,17152166565.907309,2002012.3692113585,16171086.09868541
2017-02-19,1058.78640035067,2.22135058,17123499507.408472,1773467.2205873723,16172761.09868541
2017-02-20,1088.68842922268,2.27876692,17609111950.315468,2014073.594061958,16174611.09868534
2017-02-21,1128.85529316189,2.35331243,18260742628.966568,1947275.38070426,16176336.09868522
2017-02-22,1129.70179064874,2.3431243,18276384592.40933,1948735.5888690765,16178061.09868515
2017-02-23,1188.86178550555,2.45151251,19235707719.64847,2229115.8478229064,16179936.0986851
2017-02-24,1185.48889158387,2.42731203,19183549945.14457,2415433.616602136,16181973.59868503
2017-02-25,1151.60473687902,2.35507801,18637641423.16212,2403974.8882349543,16184061.09866502
2017-02-26,1181.71086586791,2.41199874,19127510160.83912,2629306.6765561,16186286.09866499
2017-02-27,1194.15245014611,2.42985611,19331042677.896885,2149474.410262998,16188086.09866491
2017-02-28,1188.39994073641,2.41245373,19240193375.175747,2272814.886658384,16189998.59866475
2017-03-01,1228.45965061368,2.48115883,19890971249.3226,2211227.371104624,16191798.59866461
2017-03-02,1262.93146738749,2.53571034,20451610466.858883,2478503.0047479486,16193761.09866456
2017-03-03,1289.36319111631,2.57132568,20882073159.372288,2433673.023232036,16195648.59866437
2017-03-04,1268.94066440678,2.52422599,20553410845.38409,2093752.096271187,16197298.59866431
2017-03-05,1276.27368293396,2.53213829,20674531088.99069,2345152.892391152,16199136.09866426
2017-03-06,1282.25465663355,2.53275359,20773693697.96829,2276002.015524552,16200911.09866417
2017-03-07,1234.47646206897,2.43376828,20002004351.6064,2360936.2337069046,16202823.59866404
2017-03-08,1152.13938924606,2.27006537,18669956332.44213,2045047.4159117565,16204598.59866386
2017-03-09,1193.45552659264,2.34691879,19341675646.442978,2207892.724196384,16206448.59860357
2017-03-10,1098.53014903565,2.16260738,17805414528.15307,2142133.790619517,16208398.59860345
2017-03-11,1176.822921391,2.31121876,19076606822.569366,2191832.691090737,16210261.09860343
2017-03-12,1231.74835663355,2.41252703,19969348981.246487,2386512.440977503,16212198.59860341
2017-03-13,1239.39629631794,2.41079093,20095585303.999306,2246405.7870762665,16214011.09854876
2017-03-14,1246.53656487434,2.41809563,20213788443.92076,2430746.301504963,16215961.09854864
2017-03-15,1258.65138147282,2.43048179,20412475944.79974,2234106.202114256,16217736.09854854
2017-03-16,1178.02075037989,2.27079494,19107082612.7952,2252964.68510154,16219648.5984084
2017-03-17,1072.08253816482,2.07020764,17390865796.40901,2063758.8859672784,16221573.59840831
2017-03-18,962.569056165985,1.86260387,15616273829.918287,1889041.772725745,16223536.09840687
2017-03-19,1020.22025353594,1.97134108,16553684315.83904,2104204.272917876,16225598.59840686
2017-03-20,1037.7563458796,2.00477708,16839982096.979826,1764185.78799532,16227298.59840683
2017-03-21,1111.81826358854,2.1395375,18043780427.831245,1973477.4178696584,16229073.59840678
2017-03-22,1037.30257013442,1.99485875,16836521393.38604,2061638.85814216,16231061.09840667
2017-03-23,1028.17285628288,1.97800188,16690238569.83455,1902119.784123328,16232911.09840638
2017-03-24,935.063496201052,1.8009221,15180859744.88836,2057139.6916423144,16235111.09840637
2017-03-25,968.543329281122,1.86294639,15726018757.78432,1610203.2849298653,16236773.59840636
2017-03-26,962.95805458796,1.85054884,15637330055.06979,1998137.963270017,16238848.59840634
2017-03-27,1042.91919777908,1.99869446,16937527769.78212,1720816.676335482,16240498.59840625
2017-03-28,1045.16293161894,1.9993941,16975992129.243467,2025003.180011696,16242436.09840615
2017-03-29,1039.68861578025,1.98727297,16888869366.91315,1793462.862220931,16244161.09840603
2017-03-30,1037.98766142607,1.98163667,16863366665.068584,2127874.705923444,16246211.09840588
2017-03-31,1081.74353109293,2.0572416,17576059202.679317,1825442.20871932,16247898.59840576
2017-04-01,1089.52477182934,2.06862352,17704285729.007774,1797715.873518411,16249548.59840573
2017-04-02,1105.56295575687,2.09581972,17967082465.00594,2183486.8376198183,16251523.59840571
2017-04-03,1144.6647710111,2.16252803,18605064800.69792,2518262.49622442,16253723.59827566
2017-04-04,1141.92191870251,2.15325451,18562267490.401096,1784252.997972672,16255286.09827559
2017-04-05,1135.81164377557,2.13735782,18465243241.90318,2300018.5786455288,16257311.09827556
2017-04-06,1194.59645938048,2.23959041,19423121348.041008,2195070.994111632,16259148.5982755
2017-04-07,1191.73145108124,2.22647362,19378952008.55673,2413256.188439511,16261173.59827543
2017-04-08,1184.41772033898,2.21001181,19262050478.651863,2028315.3460805032,16262886.09827542
2017-04-09,1213.63413980129,2.2586269,19739605878.41969,2412097.852855064,16264873.59827541
2017-04-10,1211.64987621274,2.24975256,19709558488.61372,2226406.6475409097,16266711.09827534
2017-04-11,1229.78493290473,2.27711178,20007123392.30514,2567176.047438624,16268798.59801882
2017-04-12,1216.11436785506,2.24625621,19786878325.78153,2158603.002942732,16270573.59800866
2017-04-13,1172.5583396844,2.16504122,19080058200.158035,1861436.364248985,16272161.09800859
2017-04-14,1174.33323354763,2.16522828,19110979963.02554,2040403.993289007,16273898.59800848
2017-04-15,1175.56218901227,2.1659084,19133184038.460777,2204179.1043980066,16275773.59776844
2017-04-16,1173.6913798948,2.16125164,19104877159.588463,2141986.76830801,16277598.59776841
2017-04-17,1191.90120146113,2.18766073,19403345355.15461,2056029.5725204488,16279323.59776834
2017-04-18,1202.13145803624,2.20166725,19572080902.339783,2193889.910916138,16281148.59776821
2017-04-19,1209.56090888369,2.21134437,19695202985.71139,2162090.124629596,16282936.09776807
2017-04-20,1235.80307451783,2.25276621,20124634252.10249,2131760.3035432566,16284661.09776791
2017-04-21,1247.33607025132,2.26940479,20315048993.11093,2603814.04664963,16286748.59776784
2017-04-22,1243.55039257744,2.26016436,20255646547.650738,2253935.08654661,16288561.09776778
2017-04-23,1250.00148322618,2.26874872,20363116159.66656,2390627.836670069,16290473.59776771
2017-04-24,1257.23944225599,2.27570599,20482974661.27888,1948721.1354967845,16292023.59776769
2017-04-25,1279.86471741672,2.3093693,20853953927.83039,2367749.727220932,16293873.59776745
2017-04-26,1296.48545745178,2.33216845,21127249693.500248,2479528.437376529,16295786.09776734
2017-04-27,1345.8899556692,2.4099622,21934807898.820465,2473072.793542155,16297623.59576723
2017-04-28,1347.98515552309,2.40107994,21971246252.161324,2291574.764389253,16299323.59576713
2017-04-29,1357.71525341905,2.41223986,22132776325.49932,2936059.235518696,16301486.09567707
2017-04-30,1381.9563722969,2.44637619,22530551030.482903,2608442.6527103987,16303373.59567704
2017-05-01,1436.9414880187,2.52560356,23429688179.58604,2694265.2900350625,16305248.59567638
2017-05-02,1463.81906846873,2.55708418,23870824853.134235,2891042.6602257416,16307223.59567634
2017-05-03,1519.40894447691,2.6373993,24779848415.59864,2507024.758386901,16308873.59566627
2017-05-04,1539.8300515488,2.64748386,25116127312.487247,3233643.10825248,16310973.59557622
2017-05-05,1529.85044301578,2.61101197,24955817064.958466,2466883.839362945,16312586.09551617
2017-05-06,1573.28550961426,2.6710611,25667659227.98072,3303899.570189946,16314686.09551609
2017-05-07,1526.26777171245,2.58516798,24903765677.16485,3186083.97344974,16316773.59551607
2017-05-08,1685.08649631794,2.82026827,27498966293.86421,3791444.616715365,16319023.59549604
2017-05-09,1719.22801355932,2.8500152,28059453523.554146,3331004.2762711826,16320961.095476
2017-05-10,1782.499,2.92992045,29095394454.85681,3297623.15,16322811.09546587
2017-05-11,1835.48754821742,2.98180004,29963413902.87035,3097385.237616896,16324498.59546586
2017-05-12,1704.66164108708,2.75847679,27831028039.32937,3281473.659092629,16326423.59546569
2017-05-13,1779.84025669199,2.86505128,29061941147.52248,3515184.50696668,16328398.59546552
2017-05-14,1794.59355055523,2.87984317,29306517727.096066,3678916.778638222,16330448.59546548
2017-05-15,1736.88284611338,2.77569902,28367766910.84825,3690876.0479909326,16332573.59546544
2017-05-16,1757.02694856809,2.7951762,28699671041.16944,2899094.4651373485,16334223.59546538
2017-05-17,1808.74606469901,2.85141326,29547967093.675896,3504445.500354332,16336161.09544538
2017-05-18,1894.24726455289,2.96696988,30948090757.21813,3362288.89458138,16337936.09543524
2017-05-19,1967.54554769141,3.05210147,32149666891.412994,4033468.372767391,16339986.09543516
2017-05-20,2048.11767799532,3.14988555,33470438622.968807,4224242.710865348,16342048.5954349
2017-05-21,2045.22249316189,3.12275546,33426883468.0592,3758096.331184973,16343886.09543484
2017-05-22,2078.94350002922,3.12461059,33981809835.20976,3794071.8875533273,16345711.09543484
2017-05-23,2257.28836382233,3.32739524,36901723759.69028,4740305.564026893,16347811.09543468
2017-05-24,2415.00722665108,3.49513899,39484730821.89759,4648888.911303329,16349736.09443461
2017-05-25,2319.60137866745,3.29706174,37929596573.30843,4726187.809034929,16351773.59443457
2017-05-26,2279.4185836353,3.20703848,37276895994.59224,4359388.041202512,16353686.09443452
2017-05-27,2044.30049982466,2.87538901,33436141687.877632,4293031.049631786,16355786.09443448
2017-05-28,2225.7008666277,3.1100624,36407677792.7975,4590508.037419631,16357848.59443447
2017-05-29,2284.71579748685,3.1715195,37377347497.67024,4312401.067756428,16359736.09443446
2017-05-30,2167.26447790766,2.99605054,35460724159.68088,4849254.269318389,16361973.59443444
2017-05-31,2299.43261025716,3.14282004,37627969488.06008,4713836.851027178,16364023.59443441
2017-06-01,2399.88763194039,3.24185226,39276917594.28172,5099761.217873328,16366148.5944344
2017-06-02,2479.4238943308,3.32189022,40583144831.74178,4524948.60715371,16367973.59440437
2017-06-03,2549.55195151958,3.38499502,41737117944.718185,6118924.683646992,16370373.59440434
2017-06-04,2524.99383354763,3.33016911,41340173928.83185,5081550.090014605,16372386.09440431
2017-06-05,2685.31891671537,3.49837338,43970582994.85076,5504903.779266509,16374436.09440428
2017-06-06,2871.34167735243,3.68734337,47022020458.4229,5419657.416002712,16376323.59440426
2017-06-07,2706.76000885447,3.45563714,44332360489.91149,5582692.518262344,16378386.09440422
2017-06-08,2802.56354681473,3.54000799,45907248109.300095,5780287.315305381,16380448.5937442
2017-06-09,2804.87226691993,3.50908106,45950360176.69234,5294196.403811368,16382336.09373987
2017-06-10,2916.3278597896,3.60375711,47781403186.46232,5140027.85287917,16384098.59373957
2017-06-11,2974.21455920514,3.64019441,48735252518.52324,5427941.570549381,16385923.59373957
2017-06-12,2665.43326995909,3.22800548,43680483639.39294,4897733.633549828,16387761.09373894
2017-06-13,2707.13782402104,3.24114582,44368699238.2953,4771330.414837083,16389523.59373871
2017-06-14,2443.82445137347,2.919798,40057395197.53061,4276692.789903573,16391273.59373857
2017-06-15,2409.886764173,2.87371971,39505722189.92489,4608908.436480863,16393186.09373833
2017-06-16,2476.35909538282,2.93413098,40599996749.85816,4581264.326458217,16395036.09373818
2017-06-17,2652.75536335476,3.1272984,43496828049.15483,4808119.096080503,16396848.59373815
2017-06-18,2508.21420742256,2.93677553,41131354738.00786,4546138.25095339,16398661.09373267
2017-06-19,2589.64221338399,3.00723619,42471552960.98545,4887949.677762281,16400548.59373263
2017-06-20,2733.22655628288,3.14552423,44831129769.80735,4714815.809587968,16402273.59373259
2017-06-21,2639.26131420222,3.02520974,43294504868.198524,4618707.299853885,16404023.59373245
2017-06-22,2686.64751431911,3.0574306,44076497262.98911,4668050.056129454,16405761.09373232
2017-06-23,2685.87047101111,3.04158628,44069121017.06024,5371740.94202222,16407761.09373219
2017-06-24,2562.18914874342,2.89910643,42044463424.73149,4675995.196456742,16409586.09373217
2017-06-25,2497.72894137931,2.82389576,40990507139.00591,3809036.635603448,16411111.09373217
2017-06-26,2426.36505119813,2.74177101,39823653207.12729,4306797.965876681,16412886.09373207
2017-06-27,2530.34553600234,2.84709982,41534416501.00473,4143440.815203832,16414523.59373195
2017-06-28,2562.79226420222,2.86973355,42072043566.39922,5029479.818496857,16416486.09373182
2017-06-29,2540.44303161894,2.83338619,41708958365.0119,3810664.54742841,16417986.09372168
2017-06-30,2452.71206428989,2.7235698,40273314034.13822,4721470.723758038,16419911.09372154
2017-07-01,2412.3662131502,2.67604439,39615784095.91945,4945350.73695791,16421961.09362143
2017-07-02,2518.8721873758,2.78455696,41370740410.53078,5919349.64033313,16424311.09362141
2017-07-03,2551.92743173583,2.8067694,41919072872.96772,5422845.792438639,16426436.09362129
2017-07-04,2599.74474991233,2.84851858,42709513005.996,4972011.834207331,16428348.59362107
2017-07-05,2608.10489117475,2.84213614,42851713916.28033,4857595.359812972,16430211.09361094
2017-07-06,2603.19547369959,2.82784137,42775671822.782265,4620671.965816772,16431986.09361081
2017-07-07,2495.78092220923,2.70091753,41015254601.14702,4617194.706087076,16433836.09361069
2017-07-08,2553.4941581239,2.7563821,41968971042.30141,5266581.701130544,16435898.59361057
2017-07-09,2506.17321355932,2.70314378,41195531944.8772,4323148.793389827,16437623.59361045
2017-07-10,2319.36689736996,2.50667922,38130591475.43225,5711440.984773527,16440086.09361043
2017-07-11,2319.16744061952,2.5040635,38132327588.87333,5015199.590339712,16442248.5936104
2017-07-12,2374.88626645237,2.5607933,39053724810.42559,5254435.864525869,16444461.09361037
2017-07-13,2343.73834824664,2.52324473,38546113667.852844,4599586.508434031,16446423.59361033
2017-07-14,2214.82523728814,2.38547763,36429802297.10901,3848258.8497881433,16448161.09361031
2017-07-15,1989.63319023963,2.15162881,32728965772.94473,3158542.6895054127,16449748.5936103
2017-07-16,1910.74954161309,2.0725336,31435242737.08248,3893152.191036672,16451786.09361029
2017-07-17,2215.74629614261,2.38704005,36457083232.49529,4099130.6478638286,16453636.09361026
2017-07-18,2303.7611458796,2.47286929,37909999048.26482,4751507.363376675,16455698.59361023
2017-07-19,2257.06523588545,2.41800668,37145789011.848526,4203784.00183665,16457561.09361021
2017-07-20,2823.89792635885,2.98008325,46480191038.47075,5718393.300876671,16459586.09361018
2017-07-21,2666.1397182934,2.80324324,43888688549.80148,5132318.957714795,16461511.09361016
2017-07-22,2829.75405496786,2.956705,46587687276.15164,5659508.10993572,16463511.09361014
2017-07-23,2753.24386493279,2.86830102,45333980388.0446,5919474.309605499,16465661.09361012
2017-07-24,2755.1595242256,2.8571688,45371653214.67217,6130229.94140196,16467886.0936101
2017-07-25,2558.69299894798,2.63175728,42140998437.24074,4733582.048053763,16469736.09360999
2017-07-26,2522.32464628872,2.58755545,41546656038.320885,4634771.537555523,16471573.59360997
2017-07-27,2665.14754649328,2.70895213,43904304358.92006,5130409.026999564,16473498.59360995
2017-07-28,2793.83348486265,2.77596935,46029450421.36552,5238437.784117469,16475373.59357994
2017-07-29,2706.4507654588,2.65045335,44595098883.190994,5311409.627212895,16477336.09357981
2017-07-30,2749.3845277031,2.63429117,45307584907.52152,5051994.069654446,16479173.5935797
2017-07-31,2862.61129088252,2.66440296,47178656876.35905,5188482.964724568,16480986.0935797
2017-08-01,2727.38918199883,2.51234417,44955142942.65385,5079762.351472821,16482848.59357968
2017-08-02,2690.14567197545,2.45667542,44346375082.621735,5111276.776753355,16484748.59357967
2017-08-03,2789.74631244886,2.51633659,45993078912.94644,4812312.388974284,16486473.59356965
2017-08-04,2860.27284324956,2.52690325,47162212561.12497,6399860.486770891,16488711.09356963
2017-08-05,3237.42336329632,2.8058202,53388101324.1568,7162799.191293108,16490923.59356962
2017-08-06,3230.11670894214,2.74360243,53273260549.71801,5652704.240648745,16492673.59356961
2017-08-07,3392.56241864407,2.8173808,55958912892.13333,6488275.625656784,16494586.0935696
2017-08-08,3425.67661659848,2.79701154,56512140518.27584,7022637.064026884,16496636.09356959
2017-08-09,3347.21543161894,2.70304955,55223568848.81756,5773946.619542672,16498361.09356956
2017-08-10,3437.03215546464,2.74911842,56711154619.92564,5757028.860403272,16500036.09356953
2017-08-11,3660.52053728813,2.89608699,60405309923.45366,6588936.967118634,16501836.09356403
2017-08-12,3871.08240619521,3.02040239,63886499823.27326,6532451.560454417,16503523.59356403
2017-08-13,4063.80105271771,3.12865374,67074554585.02456,7518031.947527763,16505373.59356402
2017-08-14,4304.60393120982,3.25544228,71056091038.33064,6994981.388215957,16506998.59356402
2017-08-15,4160.0305458796,3.11536106,68677522428.055084,7904058.03717124,16508898.59356402
2017-08-16,4364.67857463472,3.22936466,72063128584.82993,7092602.68378142,16510523.59356402
2017-08-17,4308.51686142607,3.14349195,71145509600.32071,9640306.477440832,16512761.09356396
2017-08-18,4108.50716218586,2.97541172,67850449314.96108,7652094.589571165,16514623.59356395
2017-08-19,4160.33245686733,2.97749577,68714177176.763336,7852627.512337085,16516511.09356393
2017-08-20,4085.8103943308,2.88932289,67489972146.05418,6639441.89078755,16518136.09356391
2017-08-21,3992.62603524255,2.8086644,65956479620.76852,5739399.925661165,16519573.59356389
2017-08-22,4074.33046125073,2.84203031,67310734591.7686,4532692.6381414365,16520686.09356387
2017-08-23,4146.9153452367,2.86484514,68518128669.48383,8241994.248657941,16522673.59356305
2017-08-24,4325.81642799532,2.96780825,71479514205.14307,5461343.240344092,16523936.09274545
2017-08-25,4353.13177255991,2.96751747,71936367041.94254,5495828.862856886,16525198.59274545
2017-08-26,4341.97871677382,2.94348577,71757759427.22719,5698847.065765639,16526511.09274545
2017-08-27,4344.90344476914,2.93116239,71814513227.30908,8418250.424240207,16528448.59274539
2017-08-28,4379.76392068966,2.93365297,72397765180.80206,7062369.322112077,16530061.09274537
2017-08-29,4600.45683097604,3.03875355,76054400821.41922,8568350.847692873,16531923.59274533
2017-08-30,4586.63273670368,3.00669499,75835493879.91663,9631928.747077728,16534023.59274531
2017-08-31,4740.35621770894,3.06677185,78386820017.26776,9658475.793581964,16536061.09271528
2017-09-01,4918.16624488603,3.14249768,81337794501.09879,10697011.582627116,16538236.09270525
2017-09-02,4595.02001782583,2.91990917,76002945696.54666,9419791.036542952,16540286.09270522
2017-09-03,4625.296314436,2.92473488,76512627999.71164,8903695.4052893,16542211.09270519
2017-09-04,4374.75349649328,2.75162247,72377665590.72794,9569773.27357905,16544398.59268517
2017-09-05,4454.05253769725,2.78742564,73700588640.79817,10968104.37407948,16546861.09268515
2017-09-06,4607.51652980713,2.86204183,76249266221.94202,9330220.97285944,16548886.09268512
2017-09-07,4635.11187580362,2.84583752,76716135705.65283,10197246.126767963,16551086.0926851
2017-09-08,4345.45765634132,2.66619471,71931549470.84589,9505688.623246636,16553273.59268506
2017-09-09,4335.593449737,2.65540041,71777423501.31229,9158941.162569411,16555386.09268504
2017-09-10,4261.84352104033,2.59879339,70563816637.50467,7351680.07379457,16557111.09268503
2017-09-11,4212.54757334892,2.56454296,69756780446.13072,9162290.9720339,16559286.092685
2017-09-12,4164.31943424898,2.53102364,68967943043.72736,9786150.670485104,16561636.09268497
2017-09-13,3887.11858679135,2.36797159,64386275390.193726,9231906.643629456,16564011.09268494
2017-09-14,3247.4687390415,1.99521056,53798171461.1383,7063244.507415263,16566186.09268491
2017-09-15,3699.22294389246,2.26320938,61290338938.43886,8323251.623758035,16568436.09267488
2017-09-16,3711.23435067212,2.26588756,61497189146.616455,7839982.565794853,16570548.59267485
2017-09-17,3711.85620397428,2.26478555,61515659680.62612,8166083.648743416,16572748.59267484
2017-09-18,4080.42844301578,2.47915064,67630392416.65344,6477680.153287551,16574336.09267484
2017-09-19,3925.73619023963,2.38109715,65074126213.73996,7655185.570967278,16576286.09266477
2017-09-20,3895.777078609,2.3596557,64583212982.20698,5697573.977465663,16577748.59265475
2017-09-21,3617.24346580947,2.19309389,59973710710.164856,7957935.624780834,16579948.59263472
2017-09-22,3619.2137182934,2.19168978,60012665778.89842,6288383.835534783,16581686.09263471
2017-09-23,3775.60059409702,2.28253357,62613658233.71458,7834371.232751315,16583761.09263469
2017-09-24,3676.89694418469,2.22242941,60983444860.30875,6664375.711334751,16585573.59263468
2017-09-25,3918.73807130333,2.34287282,65000641700.097,6123028.236411453,16587136.09263466
2017-09-26,3890.09093687902,2.32052467,64532178189.60305,6710406.86611631,16588861.09263465
2017-09-27,4207.78748538866,2.4968666,69810133911.94316,7731809.504401662,16590698.59263461
2017-09-28,4187.76979631794,2.47501585,69487291906.724,9265440.67435344,16592911.09263458
2017-09-29,4155.01011981298,2.44954557,68952490965.8071,8777458.87810492,16595023.59260456
2017-09-30,4334.54461250731,2.54204123,71939347197.21225,7477089.456575109,16596748.59260453
2017-10-01,4382.08689801286,2.56194858,72735515448.47491,7120891.209270897,16598373.59260452
2017-10-02,4386.8757150789,2.55136556,72823227415.16937,8225391.965772938,16600248.5926045
2017-10-03,4306.56464202221,2.49742904,71499894904.308,9851266.618625805,16602536.09260447
2017-10-04,4216.68482144944,2.44055834,70014724886.32756,7062947.075927812,16604211.09260444
2017-10-05,4319.42091583869,2.48286744,71727325779.57729,6749095.180997953,16605773.59260441
2017-10-06,4365.91571040327,2.50112549,72508085068.82568,8677257.474426499,16607761.09260439
2017-10-07,4438.85593308007,2.535902,73728225601.55116,8766740.467833137,16609736.09260439
2017-10-08,4600.73979661017,2.61523452,76427540535.47461,10466683.037288137,16612011.09260439
2017-10-09,4777.53465692577,2.68982061,79374073504.64977,9614788.497063112,16614023.59260437
2017-10-10,4741.07791496201,2.65170924,78777862489.38414,9482155.82992402,16616023.59260434
2017-10-11,4814.96711805962,2.68235621,80013973235.21571,8366005.367628588,16617761.0923043
2017-10-12,5393.66898275862,2.9735157,89641017955.68735,10315391.92952586,16619673.59180429
2017-10-13,5614.07751461134,3.05039678,93313679743.7032,9543931.774839278,16621373.59180429
2017-10-14,5785.73831502046,3.12159957,96177115401.57256,10197363.78022356,16623136.09170422
2017-10-15,5689.86505961426,3.05072713,94597270274.9144,13869046.082809756,16625573.59160422
2017-10-16,5756.14881180596,3.05813234,95711795297.99509,12519623.665677965,16627748.59150419
2017-10-17,5590.41632437171,2.95026635,92967497516.90256,11460353.464962004,16629798.59149415
2017-10-18,5583.8704257744,2.93164856,92869180097.05736,10539555.42864918,16631686.09149411
2017-10-19,5708.31299094097,2.96891932,94951570768.59526,12700996.404843658,16633911.09059408
2017-10-20,6000.88313033314,3.09805688,99831583429.81116,13426976.0041204,16636148.59039406
2017-10-21,6030.20789275278,3.09579617,100330967303.17584,11532772.594889691,16638061.08969403
2017-10-22,5996.59813880772,3.04834116,99785408420.9962,13642260.765787564,16640336.08909403
2017-10-23,5888.25001665693,2.93951363,97995045387.60648,12586134.410604188,16642473.58899401
2017-10-24,5517.77535330216,2.73999189,91840948942.27968,11518356.05001826,16644561.088794
2017-10-25,5736.01780157802,2.83167233,95486763245.24232,13264541.166149171,16646873.58867213
2017-10-26,5900.31772910579,2.89701261,98235119083.1354,13275714.890488029,16649123.58847211
2017-10-27,5771.94504617183,2.82258819,96105329948.14418,7503528.560023379,16650423.58847211
2017-10-28,5762.38857685564,2.81072114,95952333223.88206,6122537.862909118,16651486.08847207
2017-10-29,6174.72884482758,2.99284618,102830297805.96764,11886353.026293091,16653411.08737205
2017-10-30,6119.25638398597,2.94639905,101917736242.45706,11244133.60557422,16655248.58693202
2017-10-31,6428.51463705435,3.07051562,107079598512.55585,11089187.748918751,16656973.58692201
2017-11-01,6726.41183459965,3.17194342,112054780764.54352,13116503.077469315,16658923.58659198
2017-11-02,7043.77793892461,3.26783421,117354965529.10275,13207083.635483645,16660798.58659196
2017-11-03,7198.63211075394,3.2996631,119945667659.34982,10707965.264746483,16662286.08629195
2017-11-04,7420.498078609,3.37458714,123654520197.9404,12058309.377739623,16663911.08629192
2017-11-05,7371.13902980713,3.31955857,122844997029.942,12991632.540035063,16665673.5862919
2017-11-06,6985.26384395091,3.12842422,116425740138.29243,11613001.140568389,16667336.08625459
2017-11-07,7118.20254383402,3.16064437,118655354623.07423,13880494.96047634,16669286.08625456
2017-11-08,7451.21278667446,3.2777098,124219809813.65056,13412183.016014028,16671086.08625455
2017-11-09,7117.73804967855,3.10220792,118674036439.62051,13612674.020010224,16672998.58625453
2017-11-10,6620.56733635301,2.86889448,110394640690.22104,9930851.004529515,16674498.58625451
2017-11-11,6346.72144915254,2.7353594,105834744552.69437,6346721.44915254,16675498.58625451
2017-11-12,5829.09782758621,2.4696982,97208941680.88066,5829097.82758621,16676498.58625451
2017-11-13,6519.44517212157,2.72664306,108732927225.10004,11409029.051212749,16678248.58625446
2017-11-14,6592.37439713618,2.74071229,109959806768.1318,10547799.035417888,16679848.58625443
2017-11-15,7257.37321215664,2.97614814,121065675321.61652,13789009.103097616,16681748.58622711
2017-11-16,7833.7044333723,3.15562228,130694771894.75266,14884038.42340737,16683648.58622709
2017-11-17,7729.03327001753,3.06551771,128964609345.18112,16134356.951161591,16685736.08622707
2017-11-18,7796.15424108708,3.06748215,130097825616.5086,13253462.209848035,16687436.08622705
2017-11-19,8018.32068848626,3.12664738,133821250649.36336,16036641.37697252,16689436.08622703
2017-11-20,8269.87425745178,3.18401839,138037628210.81372,18090349.938175768,16691623.58622701
2017-11-21,8091.99808357686,3.07693153,135086085017.39084,17498945.85573496,16693786.08622699
2017-11-22,8249.59733021625,3.11368282,137732274883.20007,15261755.060900062,16695636.08622697
2017-11-23,8071.66982144945,3.0255203,134777502599.12508,15840652.024594544,16697598.58622695
2017-11-24,8232.42233313851,3.04932356,137477016397.63205,15332886.595470471,16699461.08622693
2017-11-25,8760.1654421391,3.19796528,146307124232.52383,17082322.612171244,16701411.08622691
2017-11-26,9319.90331472823,3.34857257,155673360858.2542,17824315.08941774,16703323.58622689
2017-11-27,9730.72857948568,3.43189779,162556185991.12653,20677798.23140707,16705448.58622688
2017-11-28,9932.19418001169,3.42405668,165941127001.25797,19367778.6510228,16707398.58622686
2017-11-29,9800.02755172414,3.31618599,163754159022.23352,21192559.580603447,16709561.08622612
2017-11-30,9996.71497194623,3.33958212,167061587627.63055,20868142.503937755,16711648.5862061
2017-12-01,10808.9583325541,3.55287307,180660238728.77383,24725492.185717504,16713936.08620608
2017-12-02,10934.8599856809,3.54526509,182786557318.004,22006405.72118281,16715948.58620607
2017-12-03,11213.9426554646,3.59996863,187476359551.2513,24670673.84202212,16718148.58620606
2017-12-04,11562.1285669199,3.65371219,193323542670.46704,26159315.88265628,16720411.08620604
2017-12-05,11736.7540672122,3.65310274,196269467099.288,26114277.799547143,16722636.08620602
2017-12-06,13992.1323372297,4.21096815,234018218656.5197,32881510.9924898,16724986.086206
2017-12-07,17032.2933763881,4.7166582,284897231093.6847,32361357.41513739,16726886.086206
2017-12-08,16298.4873386908,4.34686442,272654723142.06207,31782050.31044706,16728836.08620599
2017-12-09,15050.0219541204,3.96460494,251802084162.0313,32733797.75021187,16731011.08620595
2017-12-10,15474.9995432496,4.00840979,258944112666.20456,31723749.06366168,16733061.08620594
2017-12-11,16873.4977849211,4.25607302,282381336274.56067,36067101.51526885,16735198.58620594
2017-12-12,17433.9307381648,4.23927385,291794289206.2871,33996164.93942136,16737148.58620593
2017-12-13,16515.15257218,3.93575963,276454960254.16785,38397729.7303185,16739473.58620592
2017-12-14,16602.8928033314,3.8994793,277962079725.58185,38394189.60770386,16741786.08620591
2017-12-15,17702.0021721216,4.07868942,296400529142.7866,37395479.58860688,16743898.58620511
2017-12-16,19640.5138834015,4.43076633,328900754243.0536,41981598.42577072,16746036.08620509
2017-12-17,19250.467650789,4.25193445,322413542662.8784,44516706.44244956,16748348.58620507
2017-12-18,18982.0250242548,4.12995773,317960756085.2173,43184106.93017967,16750623.58620507
2017-12-19,17653.3260894214,3.80550806,295735113689.0879,30893320.65648745,16752373.58620507
2017-12-20,16453.6272603741,3.49226172,275665281880.29724,27971166.34263597,16754073.58620506
2017-12-21,15633.8336504968,3.30154348,261956195240.43542,25795825.52331972,16755723.58620505
2017-12-22,14305.7183436587,3.01016272,239730379597.7389,27717329.29083873,16757661.08620503
2017-12-23,14910.8581049094,3.11960008,249897014242.522,25907615.95728008,16759398.586205
2017-12-24,14026.3468661601,2.92511724,235099787897.1096,26650059.04570419,16761298.58618499
2017-12-25,14080.9422600818,2.92950297,236038639186.12543,23761590.06388804,16762986.08618499
2017-12-26,15727.1454792519,3.23788307,263661836527.3321,27915683.22567212,16764761.08618497
2017-12-27,15389.0005739334,3.13118795,258022926528.27567,30008551.11917013,16766711.08618495
2017-12-28,14289.4522095266,2.90015736,239613730881.71964,26614104.74024329,16768573.58618493
2017-12-29,14571.7460821157,2.94080172,244377450683.45328,30054226.29436364,16770636.08618492
2017-12-30,12948.7158828171,2.60242905,217181833260.6143,23793265.43467642,16772461.08618491
2017-12-31,13921.4806414378,2.78726716,233525857337.39896,28365016.80692952,16774498.58618491
2018-01-01,13464.6536116306,2.69423548,225889069046.3097,26256074.54267967,16776448.58618491
2018-01-02,14754.322204851,2.92544313,247556665257.40192,31537363.712869007,16778586.0861849
2018-01-03,15010.2861595558,2.96026687,251880836192.9645,29457686.588128258,16780548.58618488
2018-01-04,15070.3007986558,2.94402195,252919562391.94128,31647631.67717718,16782648.58618486
2018-01-05,16997.2274079486,3.26196426,285288877071.04974,30382543.99170812,16784436.08618409
2018-01-06,17103.589279661,3.24692954,287110018646.3004,35917537.4872881,16786536.08618407
2018-01-07,16231.6949994155,3.04278121,272506803029.99527,32869182.37381639,16788561.08618405
2018-01-08,14937.4150894214,2.80152545,250808700833.85272,30995136.310549404,16790636.08612404
2018-01-09,14378.5862174167,2.69017079,241455084711.0604,29476101.74570424,16792686.08610402
2018-01-10,14669.0882656341,2.73334467,246363832772.1497,30438358.15119076,16794761.086094
2018-01-11,13186.7549427236,2.45400706,221500211810.2112,31813046.299320683,16797173.58609399
2018-01-12,13789.4436639392,2.55762013,231654360390.86487,30681512.15226472,16799398.58608398
2018-01-13,14231.2250645821,2.63127775,239102527884.8661,26505656.68278416,16801261.08608397
2018-01-14,13681.0654611338,2.52606465,229885659812.64545,26507064.330946736,16803198.58608395
2018-01-15,13591.6961966686,2.50804935,228409454744.7129,25484430.368753623,16805073.58608393
2018-01-16,11431.0401052016,2.12079726,192122189325.5984,22719192.20908818,16807061.08608391
2018-01-17,11159.6085905903,2.07376393,187583518961.77057,23295682.93285725,16809148.58608389
2018-01-18,11246.0397302747,2.09352287,189060672392.10684,24319560.91671904,16811311.08608388
2018-01-19,11440.2555616598,2.129939,192349290678.46,23595527.09592333,16813373.58608387
2018-01-20,12768.4045856224,2.37080852,214708366096.53857,28409700.20300984,16815598.58608385
2018-01-21,11422.3942589129,2.12617327,192101096596.448,26699846.580208905,16817936.08608383
2018-01-22,10737.3505774401,2.00268788,180602489964.58987,22414219.330406208,16820023.58608351
2018-01-23,10849.3918793103,2.02766184,182511031584.1949,24004279.53297404,16822236.08608349
2018-01-24,11225.8961747516,2.09753554,188869372701.11728,24696971.58445352,16824436.08608348
2018-01-25,11130.4649473992,2.08000559,187285778784.17792,21982668.27111342,16826411.08608316
2018-01-26,11035.5546098773,2.05791562,185710159814.6685,21381387.05663727,16828348.58598315
2018-01-27,11320.9701852718,2.10883443,190535450013.2633,22217403.988595907,16830311.08598303
2018-01-28,11615.95871128,2.15410037,195523140191.2316,22941518.454778,16832286.08598302
2018-01-29,11132.5543138515,2.06552658,187406934303.9712,20595225.48062528,16834136.08598281
2018-01-30,9959.54671537113,1.85916763,167681155315.02603,20790553.768337235,16836223.58598251
2018-01-31,10050.0957971946,1.87794381,169220358167.21472,14698265.1033971,16837686.0859825
2018-02-01,9039.86507510228,1.69691999,152228490124.35712,18079730.15020456,16839686.08598229
2018-02-02,8786.0773798948,1.66151934,147973235767.0758,18450762.49777908,16841786.08598227
2018-02-03,9132.10032232613,1.72878243,153818916042.48285,18035898.136594106,16843761.08598225
2018-02-04,8250.52689596727,1.56184746,138988261291.4844,18357422.34352717,16845986.08598194
2018-02-05,6849.54255932203,1.30831891,115403138216.84258,15839567.168432197,16848298.58598108
2018-02-06,7738.64395967271,1.48101152,130399428701.57736,16444618.414304508,16850423.58598086
2018-02-07,7624.59538953828,1.46484643,128491100334.80914,13438349.374061218,16852186.08598064
2018-02-08,8218.58085184103,1.58085047,138514511804.0463,13457926.144889686,16853823.58598053
2018-02-09,8660.45346785505,1.6660923,145976369437.04575,14614515.227005396,16855511.08598012
2018-02-10,8530.29280479252,1.64139497,143797692836.22003,15247898.388566628,16857298.5859795
2018-02-11,8096.72848129749,1.55971533,136504252153.84456,15282575.008449012,16859186.0859795
2018-02-12,8907.67017913501,1.71364615,150194552558.189,18483415.621705145,16861261.08597948
2018-02-13,8523.96693191116,1.64241903,143742306059.16235,17474132.210417878,16863311.08594926
2018-02-14,9467.3010327294,1.81957973,159671225545.3051,21183086.06073204,16865548.58594924
2018-02-15,10106.7330835769,1.93482187,170472147641.71094,16549775.424357172,16867186.08594922
2018-02-16,10189.3164833431,1.9474862,171885093746.77612,19996533.59856084,16869148.5859492
2018-02-17,11085.5984143776,2.11360732,187025253743.34525,20646927.04677828,16871011.08594919
2018-02-18,10452.0919772063,1.99108492,176358525105.06192,21165486.25384276,16873036.08594919
2018-02-19,11139.3557305669,2.11485368,187977308411.4333,22557195.354397967,16875061.08594907
2018-02-20,11245.9323179427,2.12780635,189795615789.4421,19820955.71037401,16876823.58594906
2018-02-21,10458.8650888369,1.97827013,176534515366.0406,22094352.50016795,16878936.08594893
2018-02-22,9878.15894272355,1.84607258,166751211511.9077,18398071.03082261,16880798.58592881
2018-02-23,10159.0656125073,1.89577059,171511934697.35416,18794271.383138504,16882648.58592879
2018-02-24,9686.60177995325,1.8093287,163553050808.41214,17556965.726165265,16884461.08591877
2018-02-25,9603.22747749854,1.7940982,162165847541.78302,20526898.733153127,16886598.58591876
2018-02-26,10312.3657130333,1.92409125,174158955811.75238,18175544.56922119,16888361.08591856
2018-02-27,10654.1072948568,1.98459986,179951719258.24908,21308214.5897136,16890361.08591844
2018-02-28,10307.0249663939,1.91774992,174109343264.6258,19969860.87238818,16892298.58589749
2018-03-01,10923.6308617767,2.0275908,184547764147.89908,22529988.652414445,16894361.08589657
2018-03-02,11014.0584672706,2.0411051,186096958181.24496,21477414.01117767,16896311.08589546
2018-03-03,11425.6805654588,2.11464502,193077560983.3316,25707781.2722823,16898561.08589524
2018-03-04,11462.5831975453,2.11715719,193722368144.78168,21205778.91545881,16900411.08589442
2018-03-05,11540.6623205728,2.124487,195063431904.7364,21494483.57206684,16902273.5858937
2018-03-06,10677.0352308591,1.96727059,180486990776.89664,20820218.700175244,16904223.58589279
2018-03-07,9903.0850490941,1.82720774,167423398664.39648,19434804.408847168,16906186.08589167
2018-03-08,9330.47545295149,1.72480924,157761648490.23196,18894212.79222677,16908211.0858914
2018-03-09,9278.13918439509,1.72471755,156893668418.03284,16932604.01152104,16910036.0858902
2018-03-10,8786.56042314436,1.6363096,148596430306.95575,15376480.74050263,16911786.085889
2018-03-11,9513.53539976622,1.76958222,160909070237.8204,18194636.45205289,16913698.5858879
2018-03-12,9147.89018059615,1.70331347,154743067340.39536,18410128.988449752,16915711.0858879
2018-03-13,9160.54293278784,1.70702426,154975189713.20355,18092072.292255983,16917686.0858879
2018-03-14,8222.12723904149,1.53691592,139114167417.36237,14799829.030274682,16919486.0858879
2018-03-15,8268.58912244302,1.54749227,139915162067.51663,14883460.420397436,16921286.0858876
2018-03-16,8376.90449824664,1.56958433,141764332492.75833,16334963.771580948,16923236.0858872
2018-03-17,7881.66192051432,1.47896206,133397905025.33792,14679595.32695792,16925098.5858872
2018-03-18,8189.01671917008,1.5372127,138615372062.48877,15456769.057433523,16926986.0858871
2018-03-19,8537.0156233197,1.60262445,144522485138.70352,16540467.77018192,16928923.5858871
2018-03-20,8895.54717913501,1.66984764,150606160131.377,14121681.146876829,16930511.0858871
2018-03-21,8879.5942565751,1.66685407,150352940228.21164,16871229.08749269,16932411.0858871
2018-03-22,8710.66493512566,1.6366036,147508129826.53867,15570313.571537117,16934198.5858868
2018-03-23,8771.74632349503,1.64830412,148557077215.33743,14583028.262810487,16935861.08588536
2018-03-24,8610.9885163647,1.61787156,145851296752.91354,16791427.606911164,16937811.08588536
2018-03-25,8440.61092255991,1.58785272,142979716786.71213,14243530.931819849,16939498.58588536
2018-03-26,8171.18435447107,1.54056226,138431086788.2358,15320970.664633255,16941373.58588535
2018-03-27,7837.26531940386,1.47972397,132788930471.83072,14890804.106867334,16943273.58588535
2018-03-28,7933.64272969024,1.49995286,134435267323.91832,13388022.10635228,16944961.08588535
2018-03-29,7108.5708132671,1.34902071,120467962091.47444,13506284.54520749,16946861.08586535
2018-03-30,6832.14906633548,1.30076662,115797316246.97136,13835101.859329348,16948886.08586535
2018-03-31,6922.2812969024,1.31875342,117336032805.59007,11075650.07504384,16950486.08586535
2018-04-01,6804.52487931035,1.29804435,115353783450.55528,13779162.88060346,16952511.08586535
2018-04-02,7033.25960958504,1.34269917,119245126357.49667,13714856.238690829,16954461.08586515
2018-04-03,7420.80051548802,1.41752889,125830793446.86,15119881.05030684,16956498.58586515
2018-04-04,6780.54360140269,1.29795987,114986737237.44656,12459248.867577445,16958336.08586475
2018-04-05,6798.42261659848,1.30312944,115303192510.12206,13256924.102367036,16960286.08586455
2018-04-06,6610.49234979544,1.26963243,112127244520.25304,11403099.303397134,16962011.08586455
2018-04-07,6886.46947194623,1.32349168,116823866081.93164,15494556.311879016,16964261.08586455
2018-04-08,7009.99610432496,1.34758367,118933511741.82196,14107617.159953982,16966273.58586455
2018-04-09,6736.89282378726,1.29733763,114312345807.45052,12379040.56370909,16968111.08584445
2018-04-10,6816.71861542957,1.3143587,115680812980.71298,13974273.161630616,16970161.08584425
2018-04-11,6944.78585710111,1.33919481,117868111083.23616,13976381.537415983,16972173.58584425
2018-04-12,7904.33027527762,1.52215846,134168881347.63574,15215835.77990942,16974098.58584425
2018-04-13,7919.06469462303,1.52369622,134435317905.14256,16333070.93266,16976161.08584425
2018-04-14,8006.41794330801,1.54037773,135931951716.9185,13710990.727914969,16977873.58584425
2018-04-15,8342.27110140269,1.60406337,141651021555.82565,16997377.36910798,16979911.08584425
2018-04-16,8046.98213354763,1.54777167,136651223943.0264,14182806.010377696,16981673.58584425
2018-04-17,7887.73795791935,1.51791712,133962964001.42488,15972669.364786685,16983698.58584425
2018-04-18,8162.83486177674,1.57002305,138651452568.16132,16325669.72355348,16985698.58584425
2018-04-19,8272.96731589714,1.58612722,140540536590.6476,18407352.277871136,16987923.58584425
2018-04-20,8839.5011320865,1.69131108,150179907414.557,15137645.688698132,16989636.08584415
2018-04-21,8863.54082904734,1.69378446,150605949404.9334,17616287.397731587,16991623.58584415
2018-04-22,8800.95908708358,1.68092587,149560185920.2249,17601918.17416716,16993623.58583415
2018-04-23,8930.78463354763,1.70339486,151783472514.18256,17080125.611659843,16995536.08582415
2018-04-24,9652.21378872005,1.83531084,164063731529.18613,19183774.905081097,16997523.58582415
2018-04-25,8855.50893658679,1.68455575,150535337359.1005,13615344.990002189,16999061.08582415
2018-04-26,9264.72742694331,1.75708104,157507996556.20877,16329082.089987583,17000823.58582405
2018-04-27,8981.33079018118,1.70402847,152705962191.95163,15941862.152571594,17002598.58582395
2018-04-28,9341.82468468732,1.77091583,158850242092.3754,14946919.495499711,17004198.58582395
2018-04-29,9396.99762974869,1.78054751,159806972877.08243,18559070.318753663,17006173.58582395
2018-04-30,9228.7264836353,1.74740041,156963205214.3546,17880657.56204339,17008111.08582395
2018-05-01,9072.16875745178,1.71724649,154318371549.32773,17917533.295967262,17010086.08581849
2018-05-02,9204.12764056108,1.7386519,156579110734.17545,16107223.37098189,17011836.08581839
2018-05-03,9750.70014640561,1.83904816,165895717059.14395,18404446.52634059,17013723.58581839
2018-05-04,9696.64290999416,1.82662477,164992728890.04605,16726709.019739926,17015448.58581839
2018-05-05,9795.92577206312,1.84393794,166701785625.45367,19714300.616277028,17017461.08579839
2018-05-06,9595.08681940386,1.80577797,163300448150.24045,16431586.17822911,17019173.58579839
2018-05-07,9339.5108471654,1.75762436,158968267897.19147,17511582.838435125,17021048.58579819
2018-05-08,9212.36963471654,1.73387152,156820197635.0747,16006492.240319988,17022786.08579735
2018-05-09,9293.04227352425,1.74723256,158212056793.02222,18586084.5470485,17024786.08579735
2018-05-10,9037.53050905903,1.69887071,153879420906.82715,17397246.229938634,17026711.08579735
2018-05-11,8419.75858737581,1.58493865,143374163246.1666,13366366.757459098,17028298.58579735
2018-05-12,8485.77526680304,1.5974431,144515816886.5841,17501911.48778127,17030361.08579735
2018-05-13,8695.83309380479,1.63680889,148109264820.5454,16087291.22353886,17032211.08579735
2018-05-14,8671.07417475161,1.62361239,147701872957.36383,14307272.388340157,17033861.08579735
2018-05-15,8488.463421391,1.58958164,144606798197.35785,15491445.744038576,17035686.08576995
2018-05-16,8327.75620134424,1.56132079,141887673799.42416,18633354.50050773,17037923.58576985
2018-05-17,8050.51623933372,1.50426871,137177363863.56128,13283351.794900635,17039573.58576975
2018-05-18,8233.08645528931,1.5392871,140303513702.62396,15231209.942285225,17041423.58574245
2018-05-19,8229.48293571011,1.53821787,140257946353.72653,15841754.65124196,17043348.58574245
2018-05-20,8511.44883021625,1.59036292,145078909990.97888,15320607.89438925,17045148.58574235
2018-05-21,8398.62312653419,1.56883389,143172261405.31305,16482297.885823349,17047111.08574235
2018-05-22,8007.52653214495,1.49717102,136520308521.8328,15114206.329423591,17048998.58574225
2018-05-23,7520.86767913501,1.40810171,128238492182.17764,15229757.050248396,17051023.58574225
2018-05-24,7575.62448597312,1.41826534,129185693215.82208,13541428.768676952,17052811.08574215
2018-05-25,7425.37567445938,1.39150485,126639864443.70409,16335826.483810635,17055011.08574205
2018-05-26,7326.30318644068,1.37360478,124965017826.20564,14835763.952542376,17057036.08574205
2018-05-27,7338.19304441847,1.37644815,125182866858.52309,15043295.741057863,17059086.08574135
2018-05-28,7110.82388164816,1.33597351,121318022843.95651,13866106.569213912,17061036.08571405
2018-05-29,7453.63372501461,1.40088628,127179664640.76596,12950688.597212885,17062773.58571395
2018-05-30,7374.6690490941,1.38664652,125848348159.24548,16039905.181779668,17064948.58568665
2018-05-31,7478.74186703682,1.40689168,127640237772.8688,15892326.46745324,17067073.58565935
2018-06-01,7519.83573728814,1.41524122,128357193539.52248,15603659.15487289,17069148.58565935
2018-06-02,7637.44825306838,1.43730299,130379250198.58945,14511151.680829922,17071048.58565935
2018-06-03,7702.15793308007,1.44919617,131499605436.82011,15693146.78865064,17073086.08565935
2018-06-04,7486.65319959088,1.40952829,127837400289.0818,17125719.194064137,17075373.58563205
2018-06-05,7611.14985271771,1.43371987,129979876541.47829,16649390.30281999,17077561.08560475
2018-06-06,7650.77580713033,1.44133056,130670649498.86604,14058300.54560198,17079398.58557668
2018-06-07,7665.9478962595,1.44450247,130943482538.13354,13702881.864563856,17081186.08554928
2018-06-08,7622.60233021625,1.43712165,130216857183.81618,13815966.723516952,17082992.33552198
2018-06-09,7556.17169783752,1.42518183,129095529856.95096,13506656.909884568,17084779.83552127
2018-06-10,6744.73580099357,1.27551954,115243033476.8174,10707268.084077291,17086367.33552127
2018-06-11,6849.45268731736,1.29750932,117044251204.78851,11986542.20280538,17088117.33549324
2018-06-12,6526.69968001169,1.23858038,111540839588.5578,11829643.170021188,17089929.83546594
2018-06-13,6306.51316803039,1.20092906,107789140440.19202,11272892.28785432,17091717.33543784
2018-06-14,6629.77012419638,1.2632478,113326836396.87164,12679435.362525577,17093629.83540978
2018-06-15,6399.67404646406,1.22097074,109405898594.1402,12239376.613862514,17095542.33540832
2018-06-16,6495.31530917592,1.23955794,111054415629.10924,13477779.266540034,17097617.33540832
2018-06-17,6450.69397282291,1.23172728,110304156582.06772,12659486.92166496,17099579.83540756
2018-06-18,6703.81258971362,1.28056779,114646121395.04424,13742815.80891292,17101629.83538026
2018-06-19,6732.50880917592,1.28664559,115149917753.77612,13044235.817778343,17103567.33537952
2018-06-20,6753.20682583285,1.29123078,115517012013.59648,13084338.225051146,17105504.83537873
2018-06-21,6720.37323436587,1.28466547,114969657640.7098,14280793.123027472,17107629.83412755
2018-06-22,6059.5758591467,1.16113556,103676418199.36588,11437449.434139395,17109517.33410025
2018-06-23,6174.22577936879,1.18384639,105650371448.31767,12348451.55873758,17111517.33410025
2018-06-24,6146.48719491526,1.17963703,105188860295.9924,13138116.379131367,17113654.83409953
2018-06-25,6243.53544097019,1.19907224,106861963419.53412,12252938.302903997,17115617.33409953
2018-06-26,6096.12876621859,1.17183193,104350132616.99202,11125434.998348923,17117442.33409953
2018-06-27,6139.18968322618,1.19000509,105096510904.95116,9285524.395879596,17118954.83407223
2018-06-28,5858.63577819988,1.13776355,100305218848.83812,11497572.714717263,17120917.33404493
2018-06-29,6220.9137150789,1.20834141,106519491432.55956,11741974.637211423,17122804.83401763
2018-06-30,6375.5412314436,1.23851505,109178385108.65688,11236891.420419345,17124567.33401689
2018-07-01,6361.40253886616,1.23860628,108947955192.75984,11689077.165166568,17126404.83401612
2018-07-02,6608.367157218,1.28633397,113189218473.44632,11647247.114596725,17128167.33401612
2018-07-03,6498.3078591467,1.26579418,111313526945.0988,9422546.395762715,17129617.33390629
2018-07-04,6579.33337638808,1.28137705,112712483433.1309,11020383.405450037,17131292.33390629
2018-07-05,6535.29840268849,1.27324533,111969299124.09875,11191698.51460404,17133004.83387826
2018-07-06,6598.45909585038,1.28661278,113064628503.00925,13196918.19170076,17135004.83379718
2018-07-07,6737.85608036236,1.31378163,115466335325.79546,13138819.356706602,17136954.83379718
2018-07-08,6704.91998012858,1.30865599,114915153080.64851,13242216.960753944,17138929.83379718
2018-07-09,6664.02409351257,1.30098801,114225570190.21756,11328840.958971368,17140629.83376909
2018-07-10,6309.08400409118,1.2330456,108153424172.72511,11750668.957619822,17142492.33368776
2018-07-11,6377.97651139684,1.24746562,109345176286.2498,10762835.362982169,17144179.83366046
2018-07-12,6159.46667621274,1.20621817,105609860436.27876,10856060.016824951,17145942.33363316
2018-07-13,6208.98557188779,1.21722522,106470007126.7994,11098561.709749425,17147729.83349486
2018-07-14,6255.11247866744,1.22667095,107271377986.80742,10399124.49578462,17149392.33349486
2018-07-15,6347.60427381648,1.24480827,108868108961.55276,10552892.1052199,17151054.83349486
2018-07-16,6710.80743746347,1.31568081,115107492547.93408,10066211.156195205,17152554.83346756
2018-07-17,7320.59482787843,1.43309368,125581453880.80434,14549682.22040838,17154542.33344026
2018-07-18,7376.03833927528,1.44339934,126548604827.35182,16042883.387923734,17156717.33341148
2018-07-19,7467.0342980713,1.46018625,128125757556.50096,15960785.812127404,17158854.83338348
2018-07-20,7327.25668293396,1.43265396,125741438718.3174,14104969.114647873,17160779.83335618
2018-07-21,7410.56562039743,1.44833778,127183775645.90376,12690593.624930598,17162492.33335618
2018-07-22,7399.48374693162,1.44583406,127010416903.03185,16833825.524269436,17164767.33335618
2018-07-23,7716.15862741087,1.50619599,132462078575.71776,16011029.151877556,17166842.33332888
2018-07-24,8397.61652162478,1.63581402,144177249065.09137,16690262.83672925,17168829.83330082
2018-07-25,8202.72039538282,1.59635249,140849259157.1186,18148518.87478449,17171042.3332728
2018-07-26,7913.93077819989,1.5404035,135906762897.2909,16322482.230037272,17173104.8332728
2018-07-27,8173.7746113384,1.58953743,140386151038.54663,17062754.50116891,17175192.33327127
2018-07-28,8190.36005669199,1.59195773,140685854280.0243,14845027.602754232,17177004.83327054
2018-07-29,8229.60583869083,1.59809411,141377467178.6177,17487912.407218013,17179129.83316199
2018-07-30,8171.83951928697,1.5863148,140398779908.78973,13687831.194805674,17180804.83316199
2018-07-31,7725.13303594389,1.50002457,132738197932.6344,14194931.953546897,17182642.33315121
2018-08-01,7596.6980119813,1.47548838,130545588661.3127,14243808.772464937,17184517.33311234
2018-08-02,7542.69466189363,1.46550321,129631992555.46358,14425403.540871568,17186429.83261354
2018-08-03,7411.34425014611,1.44098379,127389926459.22607,15378539.31905318,17188504.83253624
2018-08-04,7002.2086528346,1.36290424,120372902126.71085,15404859.03623612,17190704.83253624
2018-08-05,7031.58775102279,1.36894032,120892012705.72456,14063175.50204558,17192704.83229624
2018-08-06,6929.99089421391,1.35040999,119156635794.61504,11347860.089275276,17194342.33226815
2018-08-07,6722.57843278784,1.31126727,115603003795.4852,12688866.791887049,17196229.83224085
2018-08-08,6267.3886735827,1.22457474,107787755829.10542,12299750.271906048,17198192.33222845
2018-08-09,6558.09690794857,1.28263103,112799626411.74744,12214455.491054213,17200054.83222299
2018-08-10,6135.75185856224,1.20148237,105548767057.1032,13498654.088836929,17202254.83203226
2018-08-11,6313.74931180596,1.23709272,108624141324.542,13416717.287587663,17204379.83203226
2018-08-12,6314.69165575687,1.237715,108652588482.88425,12234715.083028937,17206317.33203152
2018-08-13,6265.84804383402,1.22859486,107823918261.57452,11748465.082188789,17208192.33203076
2018-08-14,6184.82908562244,1.21462636,106440242655.57443,10514209.445558148,17209892.33203076
2018-08-15,6270.21479865576,1.23272558,107922340390.84853,12618807.282294717,17211904.83202991
2018-08-16,6290.7504552893,1.23701888,108288222390.63744,12424232.149196368,17213879.83202991
2018-08-17,6563.07828872005,1.28997856,112988510838.94415,12469848.748568095,17215779.83202445
2018-08-18,6399.28744681473,1.25820087,110181522339.75005,12798574.89362946,17217779.83181445
2018-08-19,6490.71612711865,1.27574994,111767485648.88388,11764422.980402552,17219592.33156289
2018-08-20,6272.95272881356,1.23354388,108029450488.81544,11761786.366525425,17221467.33110289
2018-08-21,6473.07603945061,1.27272294,111487842735.81212,11975190.672983628,17223317.33110221
2018-08-22,6365.00983167738,1.25162869,109639314166.21878,12730019.66335476,17225317.33110071
2018-08-23,6516.40902542373,1.28108729,112259350133.79968,12136811.809851697,17227179.83107268
2018-08-24,6697.73187872589,1.31632801,115395254895.615,12223360.678674748,17229004.83104538
2018-08-25,6745.43893921683,1.32478942,116228582999.49832,11382928.2099284,17230692.33104538
2018-08-26,6689.86933313852,1.31333891,115285547056.62408,14466842.432912048,17232854.83104323
2018-08-27,6839.15895236704,1.34163355,117874048946.57243,15815555.07734878,17235167.33088593
2018-08-28,7092.97380829924,1.38993223,122262155771.84335,13565312.408372296,17237079.83085863
2018-08-29,7033.42806808884,1.37670606,121247981675.3254,12220581.26830436,17238817.33083133
2018-08-30,6966.96374371713,1.36359134,120115626733.47554,13411405.206655476,17240742.33080327
2018-08-31,7025.14078024547,1.37493819,121132253239.88936,13611210.261725595,17242679.83077441
2018-09-01,7192.35254734074,1.40711254,124029007769.28424,13575565.433105646,17244567.33077441
2018-09-02,7286.66779105786,1.42507788,125668549341.9008,13116002.023904148,17246367.33077364
2018-09-03,7257.47021391,1.41924297,125178060647.4216,13063446.385038,17248167.33074558
2018-09-04,7358.81147895967,1.43842941,126937601872.3862,11590128.07936148,17249742.33071828
2018-09-05,6790.89732846289,1.32907873,117152434088.97412,11204980.591963768,17251392.3304288
2018-09-06,6488.07593687902,1.27139307,111940508598.91376,12165142.381648162,17253267.33040071
2018-09-07,6408.65362244301,1.25683206,110582390617.65784,12176441.88264172,17255167.33037341
2018-09-08,6187.79050233781,1.21428401,106782962630.32613,11602107.191883393,17257042.33037341
2018-09-09,6249.24631034483,1.22689803,107856240949.9079,12732839.357327592,17259079.83037341
2018-09-10,6295.3886025716,1.23657997,108663237923.10112,10623468.266839577,17260767.33034611
2018-09-11,6278.42463968439,1.23448848,108381492630.1318,11065723.427443735,17262529.83034611
2018-09-12,6327.53636323787,1.24485106,109242573049.2828,13287826.362799527,17264629.8303345
2018-09-13,6490.91231648159,1.27856168,112075206592.99396,12008187.78549094,17266479.8303337
2018-09-14,6494.69547895967,1.27941999,112151244738.97958,10716247.540283456,17268129.8303064
2018-09-15,6524.16566744594,1.28532707,112671557069.80212,11417289.918030396,17269879.8303064
2018-09-16,6497.40470134424,1.28016559,112220687641.74638,11289240.668585615,17271617.33030562
2018-09-17,6258.59487492694,1.23381568,108106617083.93317,10561378.851439212,17273304.8302947
2018-09-18,6340.34779018118,1.25024052,109530014226.91257,11254117.327571591,17275079.8302474
2018-09-19,6383.95187580362,1.25910583,110295726992.9487,12448706.15781706,17277029.8302201
2018-09-20,6498.60711104617,1.28206545,112289138730.93648,12509818.688763876,17278954.8301928
2018-09-21,6741.14289888954,1.3314931,116492037710.81636,12134057.218001172,17280754.83016477
2018-09-22,6705.47605113969,1.32462421,115888679519.1303,12991859.849083148,17282692.330164
2018-09-23,6703.13684950321,1.32411544,115860820198.54164,12568381.592818515,17284567.330164
2018-09-24,6576.5450032145,1.29944603,113684901515.99104,12166608.255946824,17286417.3301367
2018-09-25,6416.44402162478,1.26947306,110930883871.08711,13554737.995682348,17288529.8301094
2018-09-26,6463.25040356517,1.27892467,111751327298.9028,11229897.576194482,17290267.3300821
2018-09-27,6677.90048860316,1.3210537,115474621398.57552,11936747.123378148,17292054.83005479
2018-09-28,6623.12615984804,1.31014502,114540210219.80827,12749517.857707476,17293979.82997749
2018-09-29,6584.49914757452,1.30289231,113884705996.97227,12510548.380391588,17295879.82996749
2018-09-30,6604.485028346,1.3069717,114243836027.3371,13456638.245254977,17297917.32996749
2018-10-01,6561.81383226184,1.29942083,113518672787.24203,12959582.318717131,17299892.32994019
2018-10-02,6508.72093863238,1.28953035,112611317628.39714,11146184.60740795,17301604.82991289
2018-10-03,6464.45684365868,1.2814305,111857194576.8611,11716828.029131357,17303417.32988559
2018-10-04,6545.28566773816,1.29764795,113268081862.64056,12272410.62700905,17305292.32985829
2018-10-05,6585.14957977791,1.30556584,113968639381.96736,10700868.067139104,17306917.32985829
2018-10-06,6550.47831589714,1.298913,113378821806.62976,10235122.36858928,17308479.82985829
2018-10-07,6564.56826008182,1.30175802,113634349430.01115,11652108.66164523,17310254.82985759
2018-10-08,6604.68527410871,1.30960738,114339930572.22964,11145406.400058448,17311942.32985759
2018-10-09,6590.42862215079,1.30696334,114103829682.04836,10709446.510995032,17313567.32983029
2018-10-10,6529.10243600234,1.29493068,113053807013.22676,11752384.384804212,17315367.32979299
2018-10-11,6159.25164260666,1.22741162,106661946180.8367,12241512.639680736,17317354.82976569
2018-10-12,6191.67722326125,1.23438108,107233687733.84276,10216267.41838106,17319004.82973839
2018-10-13,6197.68569637639,1.23595286,107348671929.78308,10923421.039863387,17320767.32973839
2018-10-14,6182.87934424313,1.23348719,107101025152.54628,8810603.06554646,17322192.32973839
2018-10-15,6442.71541408533,1.28526524,111615002027.09384,13046498.713522792,17324217.32971109
2018-10-16,6461.93715926359,1.28989252,111958908236.7982,10904518.956257308,17325904.82968379
2018-10-17,6442.73070017534,1.28666145,111637252664.80186,11113710.45780246,17327629.82965649
2018-10-18,6396.47981209819,1.27802221,110846868324.40938,11033927.675869375,17329354.82962919
2018-10-19,6383.07784015196,1.2749913,110625950760.12843,11329963.166269729,17331129.82960189
2018-10-20,6408.25274634717,1.28642152,111073715079.62976,11454751.784095569,17332917.32960189
2018-10-21,6415.34050292227,1.28793139,111207633040.76584,11066462.367540916,17334642.32960189
2018-10-22,6408.03363559322,1.28689576,111093386674.06094,12415565.168961864,17336579.82957459
2018-10-23,6395.98766686149,1.28492912,110896863051.59772,12312276.258708367,17338504.82954649
2018-10-24,6413.80364114553,1.2887609,111214824905.23264,9059497.64311806,17339917.32951919
2018-10-25,6402.3248591467,1.28694965,111026747755.47588,10963981.321288723,17341629.82949189
2018-10-26,6404.10855230859,1.28863398,111069127245.88118,11447344.037251605,17343417.32946459
2018-10-27,6409.40532758621,1.28980748,111171887419.07825,10895989.056896556,17345117.32946459
2018-10-28,6406.63325306838,1.28937475,111135017069.51332,11211608.192869663,17346867.32946459
2018-10-29,6263.0417346581,1.26107732,108655584101.0086,11430051.165751033,17348692.32943729
2018-10-30,6272.16772822911,1.26329155,108825982078.54932,12073922.876841037,17350617.32943729
2018-10-31,6306.31693132671,1.27073654,109431340954.17642,12849120.747578172,17352654.82940999
2018-11-01,6342.97750058445,1.27883905,110079709390.04428,12210231.688625066,17354579.82940999
2018-11-02,6348.16858270018,1.27995054,110181145790.36432,11347351.341576573,17356367.32940999
2018-11-03,6332.43413296318,1.276901,109920796924.69072,12744023.6925884,17358379.82940925
2018-11-04,6420.42200029223,1.29459494,111457995144.99348,9871398.825449305,17359917.32940925
2018-11-05,6402.94683898305,1.29123581,111166153093.6582,11525304.31016949,17361717.32940925
2018-11-06,6441.14521887785,1.2989943,111839648400.00746,10305832.35020456,17363317.32938195
2018-11-07,6500.86980508475,1.31084446,112887229255.93488,10563913.43326272,17364942.32935391
2018-11-08,6406.75293746347,1.29195817,111262585491.11491,9690213.817913497,17366454.82932661
2018-11-09,6331.37876709527,1.2768824,109963654429.73752,10051063.79276374,17368042.32929931
2018-11-10,6353.11273407364,1.28133653,110351534110.30348,10403222.102045584,17369679.82929931
2018-11-11,6335.41420397428,1.27781403,110055678439.95064,11562130.92225306,17371504.82929931
2018-11-12,6320.65605376972,1.27501457,109810368310.32216,11061148.09409701,17373254.82927201
2018-11-13,6267.9379912332,1.26499475,108903885882.58542,9401906.9868498,17374754.82924471
2018-11-14,5574.25834891876,1.12750028,96860778728.29768,9406560.963800408,17376442.32924471
2018-11-15,5538.56060783168,1.12835655,96249271453.67232,8792464.964932792,17378029.8291894
2018-11-16,5496.01623115137,1.12138354,95518590232.07166,8656225.564063406,17379604.8291621
2018-11-17,5501.09234044418,1.12295891,95616781735.51736,9970729.867055075,17381417.3291621
2018-11-18,5555.3763383986,1.13432294,96568855949.3788,8541391.120287847,17382954.8291621
2018-11-19,4792.20002367037,0.98256686,83310144258.67805,7547715.037280832,17384529.8291348
2018-11-20,4317.53067007598,0.89259762,75065364647.62799,7123925.605625367,17386179.8291075
2018-11-21,4549.32200993571,0.94205218,79101301550.27286,5970985.138040619,17387492.3290802
2018-11-22,4303.61554850964,0.89310508,74835645350.61563,6563013.711477201,17389017.3290529
2018-11-23,4289.89285330216,0.89181194,74603724123.31761,6702957.583284625,17390579.8290256
2018-11-24,3806.31692489772,0.79317203,66200862128.508286,6803791.503254674,17392367.3290256
2018-11-25,3946.85087434249,0.82453777,68651345825.21346,6265625.763018703,17393954.8290256
2018-11-26,3700.28599269433,0.77562836,64367741558.115166,5134146.814863383,17395342.3289983
2018-11-27,3776.55590531853,0.7940544,65700666907.91088,6184110.2949590925,17396979.8289983
2018-11-28,4208.47526914085,0.88549955,73220966864.75833,6207501.021982754,17398454.82796581
2018-11-29,4239.03948831093,0.89130855,73758300790.55371,5563739.328408096,17399767.32793851
2018-11-30,3973.33405230859,0.8373706,69140104360.47708,5016334.241039595,17401029.82791121
2018-12-01,4148.07372559906,0.8734641,72187184141.7987,6429514.274678543,17402579.82791121
2018-12-02,4098.74676388077,0.86368527,71334608466.96637,5840714.138530097,17404004.82791121
2018-12-03,3843.9766659848,0.80763958,66906066119.82159,5477666.74902834,17405429.82788391
2018-12-04,3892.95164699006,0.81335924,67765212056.51536,6715341.591057854,17407154.82785661
2018-12-05,3709.52085827002,0.78473772,64578231888.36319,6027971.394688783,17408779.82782931
2018-12-06,3511.96898158971,0.74841821,61145021210.22174,5926447.656432636,17410467.32780201
2018-12-07,3372.99569257744,0.72100902,58730237821.20627,4806518.861922852,17411892.32777471
2018-12-08,3407.95119462303,0.72908961,59344289381.60886,5410122.52146406,17413479.82777471
2018-12-09,3540.43957597896,0.75773343,61657037841.08643,5664703.321566336,17415079.82777471
2018-12-10,3413.59258416131,0.73200608,59453278421.08123,5291068.505450031,17416629.82774741
2018-12-11,3352.56420017534,0.7222971,58395608029.68063,5238381.562773969,17418192.32771934
2018-12-12,3423.01291788428,0.73845418,59627831863.25954,5134519.37682642,17419692.32769204
2018-12-13,3260.34158240795,0.7044642,56799486057.97928,5338809.341193018,17421329.82766474
2018-12-14,3198.94747369959,0.69277432,55735757119.7476,5838079.139501752,17423154.82763744
2018-12-15,3185.07404383402,0.69048064,55499970403.61605,5932200.406640862,17425017.32763744
2018-12-16,3195.41455523086,0.69338644,55684747402.30576,4593408.423144361,17426454.82763744
2018-12-17,3499.15648188194,0.75972613,60984890679.218605,6998312.96376388,17428454.82761014
2018-12-18,3659.52737931035,0.79650093,63785762864.41992,5855243.80689656,17430054.82758283
2018-12-19,3697.72530333139,0.80573894,64458441787.68284,6887013.377454714,17431917.32755549
2018-12-20,4067.73770777323,0.88611656,70915331739.35384,6864307.381867326,17433604.82752819
2018-12-21,3839.08510841613,0.8376707,66935811078.209946,6718398.939728228,17435354.82750089
2018-12-22,3964.94611630625,0.86519497,69138915729.3505,8673319.629419923,17437542.32750089
2018-12-23,3942.66699590883,0.86090691,68759096491.792,8673867.390999425,17439742.32750089
2018-12-24,4040.04578959673,0.88260111,70465033648.76178,7676087.000233787,17441642.32747359
2018-12-25,3761.58401081239,0.82260882,65615679049.55474,7476148.221489626,17443629.82747359
2018-12-26,3807.65745353594,0.83308567,66426839657.05422,7472527.752564281,17445592.32747359
2018-12-27,3585.46053594389,0.78552581,62558281192.88986,7798376.66567796,17447767.32744629
2018-12-28,3881.05488486265,0.85252346,67723844318.077255,8101702.072150781,17449854.8274135
2018-12-29,3823.13832612507,0.84031284,66719803689.59481,6594913.612565746,17451579.82740804
2018-12-30,3825.4074628872,0.8415034,66767819607.35678,8415896.41835184,17453779.82740804
2018-12-31,3687.19994009351,0.81213582,64362719883.80751,7143949.883931176,17455717.32738074
2019-01-01,3808.11783167738,0.8391035,66480521038.57991,7092619.46149912,17457579.82738074
2019-01-02,3898.1974880187,0.85907301,68060451677.63375,7357847.758635296,17459467.32735344
2019-01-03,3784.38863471654,0.83487141,66080741974.71757,7332252.979763296,17461404.82732614
2019-01-04,3827.52459438925,0.8447265,66841085193.63053,7128764.557049978,17463267.32729884
2019-01-05,3798.61395499708,0.83856669,66343950645.25524,7739675.933306551,17465304.82729884
2019-01-06,4045.99377498539,0.89346662,70671645673.5018,7131064.02841175,17467067.32729884
2019-01-07,4001.01827819988,0.8841578,69893107437.67668,7051794.715327289,17468829.82727154
2019-01-08,3992.6227893045,0.88278743,69754882486.37996,8434415.642405758,17470942.32724424
2019-01-09,4004.25903565167,0.88542141,69966387406.09065,8208731.023085923,17472992.32720693
2019-01-10,3627.90345002922,0.80976747,63397403557.83663,7074411.727556979,17474942.32717963
2019-01-11,3624.16142109877,0.80976244,63338716516.62048,6704698.629032725,17476792.32715233
2019-01-12,3617.02207831677,0.80855945,63220183068.5522,6239363.085096428,17478517.32715233
2019-01-13,3508.6701081239,0.784834,61332359877.66519,6008597.560162178,17480229.82715233
2019-01-14,3666.94519374635,0.82050798,64105874435.58107,6829685.423352577,17482092.32712503
2019-01-15,3581.29301548802,0.80090242,62614404280.62736,5909133.475555233,17483742.32709773
2019-01-16,3606.98657568673,0.80691139,63069620481.69099,5996615.1820791885,17485404.82707043
2019-01-17,3640.12913062536,0.81482992,63654910176.69185,5778704.994867759,17486992.32704313
2019-01-18,3609.42673611923,0.80838072,63124243900.56257,6226261.119805672,17488717.32701583
2019-01-19,3687.30196113384,0.82616434,64492311837.13122,6130139.510385009,17490379.82701583
2019-01-20,3538.31372296903,0.79319975,61893394902.55213,6943940.681326721,17492342.32701583
2019-01-21,3535.623393045,0.79297133,61852964024.41034,6629293.861959375,17494217.32701583
2019-01-22,3577.30834979544,0.80398567,62588022843.13821,5813126.06841759,17495842.32701583
2019-01-23,3551.89382115722,0.79874618,62149856463.492096,6482206.223611928,17497667.32701583
2019-01-24,3567.58893366452,0.80256605,62431708688.39277,7224367.590670653,17499692.32701504
2019-01-25,3561.35049795441,0.80172488,62328681312.47295,6143329.608971356,17501417.32701504
2019-01-26,3557.03991525424,0.8011809,62259909455.55577,6669449.8411017,17503292.32701504
2019-01-27,3537.61413062536,0.79718191,61925952432.71354,6058164.198695929,17505004.82701504
2019-01-28,3435.05251402689,0.77522856,60136836871.77253,6226032.681673737,17506817.32701504
2019-01-29,3395.82376329632,0.76708054,59456263677.06554,6197378.368015784,17508642.32699504
2019-01-30,3437.89586616014,0.77747695,60198733501.02517,5844422.972472238,17510342.32699504
2019-01-31,3410.13161601403,0.77173662,59719179106.520485,6607130.006027184,17512279.82699504
2019-02-01,3445.04989129164,0.78014383,60337481687.79334,6803973.535300989,17514254.82699504
2019-02-02,3461.93511747516,0.78422167,60639445325.19441,6231483.211455288,17516054.82699504
2019-02-03,3413.02161630625,0.77343528,59788561219.22763,5887462.288128281,17517779.82699504
2019-02-04,3411.38796171829,0.77384742,59766211643.222046,6268425.379657358,17519617.32699504
2019-02-05,3426.46501139684,0.77765737,60036651913.46877,6296129.458441693,17521454.82699504
2019-02-06,3367.50636499123,0.76510945,59010514041.86034,6903388.048232022,17523504.82699504
2019-02-07,3358.87359906487,0.76378864,58866543276.55742,7305550.077966093,17525679.82699504
2019-02-08,3612.47961922852,0.8216013,63318521615.34845,7360427.224178108,17527717.32698958
2019-02-09,3621.26812098188,0.82367897,63479353867.535934,6789877.726841025,17529592.32698958
2019-02-10,3642.0223591467,0.8284814,63849540740.75098,6373539.128506725,17531342.32698958
2019-02-11,3590.6184836353,0.81717159,62954869798.22826,6507996.001588981,17533154.82698958
2019-02-12,3587.90246580947,0.81707553,62912990081.10083,5740643.945295152,17534754.82698412
2019-02-13,3576.08537258913,0.81622357,62712619511.97009,6839263.275076712,17536667.32697866
2019-02-14,3561.91638340152,0.81324408,62470420539.833725,6277877.625745179,17538429.8269732
2019-02-15,3565.00692372881,0.81432592,62530283212.96329,5659448.491419486,17540017.32696774
2019-02-16,3584.73600263004,0.81951471,62883052978.740906,6721380.004931325,17541892.32696774
2019-02-17,3622.7574289889,0.82849268,63557220976.43588,7200230.390115439,17543879.82696774
2019-02-18,3866.12921712449,0.88420768,67834397006.09799,7490625.358178699,17545817.32696228
2019-02-19,3895.43521098773,0.89133025,68356190719.64763,7596098.661426074,17547767.32695682
2019-02-20,3931.61382904734,0.89885411,68997433564.01924,6388872.472201928,17549392.32695136
2019-02-21,3892.26179427236,0.89047082,68312619006.28702,5789739.418980136,17550879.8269459
2019-02-22,3948.30051052016,0.90331002,69304143089.32072,7995308.533803324,17552904.82694044
2019-02-23,4110.15112127411,0.94072884,72152438351.19626,7346895.1292774705,17554692.32694044
2019-02-24,3754.18378988895,0.8599356,65909970410.02792,6429039.740184827,17556404.82694044
2019-02-25,3822.01869666861,0.87606044,67107739353.24882,6831858.42029514,17558192.32693498
2019-02-26,3796.17506838106,0.87035678,66661611759.654594,7639802.325116883,17560204.82692952
2019-02-27,3799.3819924021,0.8713884,66724622413.06648,6696410.761608701,17561967.32692331
2019-02-28,3792.94772296902,0.87032071,66618735760.46996,7111776.980566913,17563842.32691785
2019-03-01,3810.63269257744,0.87459349,66937068309.41024,7716531.202469316,17565867.32691239
2019-03-02,3809.64339099942,0.87461492,66925976280.73959,6285911.595149043,17567517.32691239
2019-03-03,3782.38187025132,0.86848471,66453961889.55256,6902846.913208659,17569342.32691239
2019-03-04,3698.16185505552,0.85007558,64980604713.95638,6333102.176782578,17571054.82690693
2019-03-05,3840.1280490941,0.88264283,67482252731.446045,7152238.491437761,17572917.32690147
2019-03-06,3851.99842548218,0.88556451,67697013071.83376,6163197.480771488,17574517.32690147
2019-03-07,3855.92316832262,0.88659022,67772832796.48942,6844263.62377265,17576292.32689601
2019-03-08,3839.23355289304,0.88315552,67486497838.10968,7006601.234029798,17578117.32689601
2019-03-09,3910.36116656926,0.89955742,68743532749.41933,6745373.012331974,17579842.32687417
2019-03-10,3903.9119509059,0.89825462,68636793205.242,6636650.31654003,17581542.32687417
2019-03-11,3851.56892168323,0.88665284,67723358556.261765,6836534.835987733,17583317.32686871
2019-03-12,3858.91482378726,0.88880804,67859421694.25656,6897810.247519727,17585104.82686871
2019-03-13,3851.95746639392,0.88736975,67743576013.3802,6500178.22453974,17586792.32686325
2019-03-14,3853.78326504968,0.88808394,67783152660.22259,7466705.076033755,17588729.82685724
2019-03-15,3901.91420689655,0.89930632,68637177203.57874,7462410.920689651,17590642.32685178
2019-03-16,3989.79607685564,0.92006352,70191204954.5506,8129209.506593366,17592679.82685178
2019-03-17,3967.14349444769,0.91484274,69799925361.87352,7240036.877367034,17594504.82685178
2019-03-18,3969.44014582116,0.91560369,69848322303.81924,7988498.293465084,17596517.32684577
2019-03-19,3996.16790356517,0.92168535,70327329421.23788,8691665.190254243,17598692.32684031
2019-03-20,4030.65527586207,0.92967286,70942373769.17288,8111693.742672416,17600704.82683485
2019-03-21,3976.27385008767,0.91748018,69992329935.54057,7107589.507031711,17602492.32682939
2019-03-22,3983.88764582116,0.9194745,70134369289.92285,8017573.887215084,17604504.82670847
2019-03-23,3981.77603302163,0.91913227,70104412361.26125,7216969.059851704,17606317.32670847
2019-03-24,3970.6669880187,0.91670464,69916267990.3455,7445000.6025350625,17608192.32670847
2019-03-25,3908.23883869082,0.90273487,68824251372.20996,7230241.851578017,17610042.32670301
2019-03-26,3917.76340210403,0.90526912,68998541590.7157,6562253.69852425,17611717.32669209
2019-03-27,4027.00791788428,0.93039612,70930025424.35388,7500302.24705947,17613579.82668663
2019-03-28,4010.93746201052,0.92674903,70654287127.73622,7319960.868169199,17615404.82666117
2019-03-29,4089.46104003507,0.94438915,72045026127.67442,7514384.661064441,17617242.32664571
2019-03-30,4091.89103834015,0.944965,72094945657.34747,7109660.679116011,17618979.82664571
2019-03-31,4094.31781472823,0.94641855,72144816858.77142,7113877.2030903,17620717.32664461
2019-04-01,4138.41780771479,0.95655086,72928925679.54512,7035310.273115143,17622417.32663915
2019-04-02,4903.71946206897,1.12892016,86425014362.75935,9623549.444310352,17624379.82663369
2019-04-03,4960.22760274693,1.14051964,87429739701.33237,8804403.9948758,17626154.82662823
2019-04-04,4911.26970245471,1.12838804,86575394892.77437,8594721.979295742,17627904.82662823
2019-04-05,5033.22548369375,1.15614507,88735160417.78859,9940620.330295157,17629879.82661731
2019-04-06,5044.35684593805,1.15841744,88940169566.48195,8764570.019817363,17631617.32661731
2019-04-07,5189.11195558153,1.19121228,91501582075.61006,9145809.821712447,17633379.82661731
2019-04-08,5283.42302483928,1.21179209,93174379314.25348,9774332.595952667,17635229.82661185
2019-04-09,5195.57790882525,1.19099798,91633783207.72186,8572703.549561663,17636879.82660639
2019-04-10,5311.74160327294,1.21651316,93692375038.22395,9826721.96605494,17638729.82460093
2019-04-11,5050.66600859147,1.15695368,89097245091.85478,9911932.04186076,17640692.32459547
2019-04-12,5082.86143202805,1.16368455,89674788551.88477,9593900.952952944,17642579.82459001
2019-04-13,5074.79069257744,1.16156591,89540963596.17763,8563709.29372443,17644267.32459001
2019-04-14,5156.80404061952,1.18135304,90995893159.3787,7864126.161944768,17645792.32459001
2019-04-15,5042.89773845704,1.15555322,88995066459.08098,9140252.150953384,17647604.82458455
2019-04-16,5205.96295745178,1.19224124,91882212812.36642,9435807.860381352,17649417.32457909
2019-04-17,5226.35221519579,1.1961381,92251086788.76868,9015457.571212737,17651142.32457308
2019-04-18,5278.5023395675,1.20765693,93181427266.90536,9831210.607444469,17653004.82457308
2019-04-19,5289.95121911163,1.20719787,93393585300.0213,10050907.316312095,17654904.82456762
2019-04-20,5313.97326212741,1.21246475,93826393814.37328,8701631.216733634,17656542.32456762
2019-04-21,5295.73382817066,1.20835451,93515072337.7418,10723861.002045589,17658567.32456762
2019-04-22,5383.79997533606,1.22794551,95079212191.436,9017864.9586879,17660242.32456762
2019-04-23,5544.86271186441,1.2632969,97931659198.88657,8040050.932203393,17661692.32456216
2019-04-24,5431.94791963764,1.238908,95948460473.5421,11067593.886261692,17663729.8245567
2019-04-25,5127.67316738749,1.17030753,90582999173.14824,9165715.786705138,17665517.3245567
2019-04-26,5150.16466066628,1.17673094,90990043973.08871,9720935.797007604,17667404.82455124
2019-04-27,5181.80776364699,1.18413668,91557969329.14915,8873845.79524547,17669117.32455124
2019-04-28,5148.66961542957,1.17650667,90982937914.71864,10490414.341437748,17671154.82455124
2019-04-29,5148.80049327878,1.17708337,90995741358.43208,10490681.005055511,17673192.32454578
2019-04-30,5266.61820251315,1.20333737,93087172974.79411,9216581.854398012,17674942.32454032
2019-05-01,5315.17532904734,1.21799733,93956778572.9972,11361187.265838688,17677079.82454032
2019-05-02,5393.12937638808,1.23567987,95347182688.02168,12404197.565692583,17679379.82453486
2019-05-03,5658.43038836938,1.2951638,100048291063.75714,10751017.737901822,17681279.8244194
2019-05-04,5774.71242869667,1.32099457,102113834632.84572,9528275.507349504,17682929.8244194
2019-05-05,5728.35170222092,1.30956777,101303278127.08575,9236967.119831232,17684542.3244194
2019-05-06,5691.68837405026,1.29939268,100665647010.0726,10743061.806019863,17686429.82441394
2019-05-07,5825.744893045,1.32870246,103045876595.76418,9248370.017708937,17688017.32440848
2019-05-08,5931.8005949737,1.35126305,104933062109.9294,11270421.13045003,17689917.32440302
2019-05-09,6150.14044476914,1.39928506,108807007514.73366,11531513.333942136,17691792.32439756
2019-05-10,6357.46349357101,1.44472955,112484857374.906,9933536.708704704,17693354.82439756
2019-05-11,7325.08286031561,1.6543368,129617193425.32507,11903259.648012863,17694979.82439756
2019-05-12,6942.62317451783,1.56569495,122863288682.21556,13711680.769672714,17696954.8243915
2019-05-13,7798.90573600234,1.74753483,138033162705.40247,16280215.723904883,17699042.32438604
2019-05-14,7955.5576823495,1.77133721,140820867693.55133,15115559.59646405,17700942.32438058
2019-05-15,8215.2068383986,1.81667469,145432203252.08707,15300822.736517392,17702804.82438058
2019-05-16,7862.07160233782,1.72799889,139195067372.16577,14348280.67426652,17704629.82438058
2019-05-17,7326.92068188194,1.61073752,129734247988.1042,13829562.78705216,17706517.32438048
2019-05-18,7277.98756341321,1.59950822,128881732029.37624,13919151.215027764,17708429.82437492
2019-05-19,8219.74278696669,1.80201739,145575486043.34,16747725.92844463,17710467.32437492
2019-05-20,7981.13937895967,1.74723194,141365770225.30295,16062043.000156336,17712479.82436936
2019-05-21,7983.80847738165,1.74497388,141428315610.9645,15269033.712992404,17714392.32436936
2019-05-22,7667.90211484512,1.67542929,135848233112.80898,16006745.664739188,17716479.82435844
2019-05-23,7897.4712936879,1.72268374,139930988343.83353,15597505.805033602,17718454.82435298
2019-05-24,7987.10036762127,1.73899884,141534352370.68,15275329.453075675,17720367.32434752
2019-05-25,8061.59176072472,1.75307893,142868475004.5568,14107785.58126826,17722117.32434752
2019-05-26,8731.52495587376,1.89396436,154759118458.68457,18008770.22148963,17724179.82434752
2019-05-27,8816.78670835769,1.90714924,156288718134.0543,18405042.25369668,17726267.32434206
2019-05-28,8719.12584833431,1.88105961,154575429830.0962,17874207.989085335,17728317.3243366
2019-05-29,8655.48850613676,1.84071984,153466072521.39337,18825687.50084745,17730492.32433104
2019-05-30,8271.62196317942,1.75787076,146676472971.8471,16543243.92635884,17732492.32433104
2019-05-31,8556.222185564,1.81476063,151735657705.73096,12513474.94638735,17733954.82433104
2019-06-01,8554.80732963179,1.81246057,151726713913.3333,16147198.834680004,17735842.32432548
2019-06-02,8744.35374547049,1.8504971,155102798137.0,14318879.258207928,17737479.82432002
2019-06-03,8173.40127054354,1.72701182,144987698066.72675,12157934.389933515,17738967.32431992
2019-06-04,7649.93933196961,1.62636908,135716749976.05272,14726133.2140415,17740892.32431992
2019-06-05,7798.54446639392,1.65612566,138368734753.60568,15597088.93278784,17742892.32431446
2019-06-06,7776.71332612507,1.651342,137996648982.4002,15261799.902520448,17744854.82431436
2019-06-07,8023.950093045,1.70183629,142399676820.06097,15847301.433763877,17746829.82431436
2019-06-08,7939.80515488019,1.6835165,140918677619.86273,12306697.990064291,17748379.82431436
2019-06-09,7634.06575073057,1.61842434,135506326143.57268,14027595.816967422,17750217.32431436
2019-06-10,7993.30253857393,1.69111483,141898544054.91287,15686856.231951335,17752179.82431436
2019-06-11,7922.48362711864,1.67511723,140655515443.27985,14161439.483474568,17753967.32431436
2019-06-12,8146.75612507306,1.72008481,144650582356.85977,13340313.154807135,17755604.82431436
2019-06-13,8232.77734137931,1.73649236,146193480447.33228,15539367.231853448,17757492.32431436
2019-06-14,8698.00481502046,1.82901577,154473128274.7469,18374535.17173072,17759604.82431436
2019-06-15,8850.58481601403,1.85878621,157199041113.7754,16152317.289225604,17761429.82431436
2019-06-16,9019.51700672121,1.88896018,160214175079.2246,14656715.135921966,17763054.82431436
2019-06-17,9340.57218877849,1.9511578,165932624581.00214,15528701.26384424,17764717.32431436
2019-06-18,9047.13274447691,1.88755922,160738189334.14664,18433532.966871705,17766754.82431426
2019-06-19,9285.05567656341,1.93150882,164985850921.2929,20543185.684396543,17768967.32431416
2019-06-20,9546.71977819988,1.98086596,169652535888.81815,17184095.600759786,17770767.32431416
2019-06-21,10083.4863136762,2.08422475,179208052894.24255,16763795.996486682,17772429.82431416
2019-06-22,10685.2952327878,2.19688103,189922492509.6476,18832832.847788498,17774192.32431416
2019-06-23,10794.4276963764,2.2136737,191886656298.9596,24422392.663051605,17776454.82431406
2019-06-24,11004.2069094681,2.24706654,195640133811.3516,24346807.787198167,17778667.32431406
2019-06-25,11726.2638308007,2.37982686,208498744036.43344,21400431.49121128,17780492.32431406
2019-06-26,12863.4606849795,2.57176389,228745194861.05643,26530887.66277021,17782554.82431406
2019-06-27,11109.7978418469,2.21524309,197580309100.8578,19719891.16927825,17784329.82431406
2019-06-28,12358.2079582116,2.44168454,219807626215.0128,25179848.714856133,17786367.32431406
2019-06-29,11944.3515473407,2.35329242,212472603036.35617,25978964.615466025,17788542.32431406
2019-06-30,10842.6167109877,2.13021037,192894947241.4694,20600971.75087663,17790442.32431396
2019-07-01,10569.5517282291,2.07558255,188055893488.6259,18893073.71420952,17792229.82431386
2019-07-02,10766.0833162186,2.11000412,191573891684.422,21263014.54953173,17794204.82431386
2019-07-03,11952.0248935126,2.33157806,212702475873.9824,25696853.52105209,17796354.82431386
2019-07-04,11177.0103787551,2.17425127,198933374582.88208,23332009.16565128,17798442.32416642
2019-07-05,10998.3991004676,2.13840364,195780355764.33008,25983717.874854703,17800804.82404084
2019-07-06,11208.225600526,2.17712562,199540374640.74243,24938301.96117035,17803029.82404084
2019-07-07,11456.1836039158,2.22256119,203976688321.2805,21909951.142488968,17804942.32403538
2019-07-08,12319.6228758036,2.37905472,219377585918.44864,27411160.89866301,17807167.32403538
2019-07-09,12579.107616014,2.41917807,224022488886.53967,24214782.16082695,17809092.32395348
2019-07-10,12106.7829313267,2.31328701,215630337157.472,19522187.476764303,17810704.82394802
2019-07-11,11294.678028346,2.15704038,201184389109.26904,18212668.320707925,17812317.32364226
2019-07-12,11813.3237158971,2.24857787,210446887987.892,24217313.617589053,17814367.32362588
2019-07-13,11346.837148159,2.15890911,202156723717.6547,19998800.47363024,17816129.82349484
2019-07-14,10283.0757891292,1.95875859,183223251318.8303,18638074.867796674,17817942.32349484
2019-07-15,10926.3802741087,2.07837284,194705554172.6408,19940644.000248376,17819767.32349484
2019-07-16,9471.14086475745,1.80452153,168792705558.27164,19179060.25113384,17821792.32349474
2019-07-17,9674.88246113384,1.84011447,172439830467.31998,16084492.091635007,17823454.82335824
2019-07-18,10679.8906896552,2.02312657,190368702559.6753,16153334.66810349,17824967.32331456
2019-07-19,10532.2027291058,1.9920017,187751704487.2281,15534999.025431056,17826442.3232545
2019-07-20,10862.6485479252,2.0519756,193666411427.284,24033609.912284505,17828654.8232544
2019-07-21,10589.7064907656,1.99813946,188819945031.7756,19723328.33905093,17830517.3232544
2019-07-22,10318.5609251899,1.94697902,184005658485.4817,20379157.82725005,17832492.3232544
2019-07-23,9866.64894038574,1.86302934,175964578119.57816,17636634.98093951,17834279.82314518
2019-07-24,9792.78753652835,1.84274782,174664328143.39987,17014968.34471801,17836017.32314518
2019-07-25,9897.18678603156,1.86177246,176544952190.2055,18557225.22380917,17837892.32303598
2019-07-26,9836.69678813559,1.84937883,175486349266.7898,20411145.835381348,17839967.3230195
2019-07-27,9446.67205207481,1.7764295,168546269397.19492,17948676.89894214,17841867.32301948
2019-07-28,9529.78879193454,1.79184692,170050073655.0765,20846412.98235681,17844054.82301948
2019-07-29,9504.15891595558,1.75506806,169612691475.5826,19958733.72350672,17846154.82289936
2019-07-30,9589.10920601987,1.76975529,171145748173.16083,17020668.840685267,17847929.82289936
2019-07-31,10059.0040189947,1.85482085,179553898940.3706,21501121.09060117,17850067.32289936
2019-08-01,10400.3070143776,1.91516898,185664640930.41312,18460544.95052024,17851842.32289936
2019-08-02,10529.6944544126,1.93668955,187996689088.01648,22243979.534946617,17853954.82289936
2019-08-03,10810.4216686148,1.98633631,193032157623.26468,23377536.858379506,17856117.3227574
2019-08-04,10986.5089291058,2.0166431,196199326743.02444,22934337.38950836,17858204.8227574
2019-08-05,11790.0239375804,2.15209305,210569737010.31192,21074667.788424965,17859992.3227574
2019-08-06,11423.4970017534,2.07763358,204046558538.0738,22989787.71602872,17862004.82275739
2019-08-07,11967.2735473407,2.16935722,213782385228.5158,22887410.659289088,17863917.32275739
2019-08-08,11938.2346108708,2.15713659,213284826434.711,21190366.43429567,17865692.32275739
2019-08-09,11858.3410984804,2.13982687,211879263223.9084,21789701.768457733,17867529.82262079
2019-08-10,11303.7305618936,2.03923311,201991078712.9396,21335791.43557417,17869417.32262079
2019-08-11,11530.195242256,2.07768124,206059922092.75043,22051498.4008146,17871329.82254971
2019-08-12,11384.6962465809,2.04944243,203478588609.6376,18927057.509940743,17872992.32254415
2019-08-13,10867.05475827,1.95417056,194248112858.1886,21326594.96310488,17874954.82254405
2019-08-14,10024.3795917008,1.8019476,179204378646.9086,19046321.22423152,17876854.82254405
2019-08-15,10310.0858696669,1.85280853,184332141843.5172,20233543.519221287,17878817.32254405
2019-08-16,10373.3219028054,1.86332594,185481788307.1992,19060978.99640492,17880654.82254405
2019-08-17,10207.1555616598,1.83353888,182526956765.83365,16331448.89865568,17882254.82243485
2019-08-18,10331.3099760374,1.85527013,184763389454.2763,16271813.212258903,17883829.82243485
2019-08-19,10884.6297744009,1.95283046,194681043998.75848,22177433.165341835,17885867.32243485
2019-08-20,10771.3923793688,1.92992501,192676295263.2017,20600287.92554283,17887779.82243485
2019-08-21,10096.8302238457,1.80967076,180627040560.038,17164611.38053769,17889479.82243485
2019-08-22,10119.7145248393,1.81392145,181054264797.7083,17835996.850029267,17891242.32242939
2019-08-23,10414.1441725891,1.85888092,186341894023.2376,19917050.73007665,17893154.82242939
2019-08-24,10147.0871548802,1.81099778,181583695633.2657,20294174.3097604,17895154.82242939
2019-08-25,10100.3567783752,1.8021966,180767017751.0464,19569441.25810195,17897092.32232939
2019-08-26,10362.6434723553,1.8474094,185478932955.0732,17746026.94640845,17898804.82232939
2019-08-27,10168.221571654,1.81156248,182016172175.13647,17158873.902166124,17900492.32232939
2019-08-28,9724.79997808299,1.73309226,174097062903.8222,18355559.95863164,17902379.82232939
2019-08-29,9482.31173495032,1.69107373,169775503540.7651,19557267.95333504,17904442.32232939
2019-08-30,9577.67882349503,1.70811556,171502153433.93356,19155357.64699006,17906442.32224839
2019-08-31,9605.02446142607,1.71310224,172011746947.59628,19930425.757459093,17908517.32219925
2019-09-01,9762.93655689655,1.7403943,174857169693.80963,17451249.095452584,17910304.82219925
2019-09-02,10377.3383845704,1.84745992,185880621503.5059,19327792.74126237,17912167.32219925
2019-09-03,10618.7815058445,1.88765943,190227159592.64856,21768502.086981226,17914217.32219925
2019-09-04,10577.2410839275,1.87870879,189500976756.5565,17981309.84267675,17915917.32219379
2019-09-05,10580.1846995909,1.8773914,189575535962.12213,21821630.94290623,17917979.82217195
2019-09-06,10330.8497312098,1.81873604,185128360457.92685,20403428.21913936,17919954.82217195
2019-09-07,10494.5069649328,1.84632204,188080767892.952,19677200.559249,17921829.82215557
2019-09-08,10407.2656573933,1.83013043,186540270101.0337,23026075.26698268,17924042.32215557
2019-09-09,10332.4644424313,1.81652807,185218386705.9136,18856747.60743712,17925867.32215557
2019-09-10,10085.9519243133,1.77328813,180822381553.5077,22945540.62781276,17928142.32215557
2019-09-11,10142.1480603741,1.77786135,181853200818.7927,23326940.53886043,17930442.32210557
2019-09-12,10403.3599707773,1.82231036,186557392548.06653,20546635.94228517,17932417.32210557
2019-09-13,10345.3387469316,1.81108514,185536329258.67664,19397510.15049675,17934292.32210557
2019-09-14,10363.4528963179,1.813611,185881272898.92343,20079189.98661593,17936229.82210557
2019-09-15,10306.1696674459,1.80307986,184872765327.6869,18937586.76393184,17938067.32210557
2019-09-16,10257.822761543,1.79436332,184026415588.66183,20900313.876643863,17940104.82210557
2019-09-17,10195.6111811806,1.78283665,182929195196.4968,18861880.68518411,17941954.82210557
2019-09-18,10161.3188664524,1.77473473,182336024903.4325,22100868.53453397,17944129.82210557
2019-09-19,10268.3926291642,1.79282081,184276366928.3356,18996526.36395377,17945979.82209557
2019-09-20,10170.1251161309,1.77523927,182532056233.3181,19196111.15669708,17947867.32208465
2019-09-21,9986.4061081239,1.74318445,179255413645.73785,20721792.674357086,17949942.32208465
2019-09-22,10047.0134748685,1.7535283,180364159936.0572,20847552.960352138,17952017.32208465
2019-09-23,9692.74104792519,1.69241697,174018067346.8272,13812155.993293395,17953442.32208465
2019-09-24,8613.67124850965,1.5076985,154661954271.248,16904329.82520019,17955404.82207373
2019-09-25,8424.15764640561,1.47778949,151275587933.59106,16427107.41049094,17957354.82207373
2019-09-26,8091.69529924021,1.42454001,145322739599.22046,17295998.702125948,17959492.32206827
2019-09-27,8186.77963927528,1.44132571,147043914260.43405,13508186.404804211,17961142.32206827
2019-09-28,8201.97901344243,1.44491153,147333213816.3458,16301433.289216828,17963129.82206827
2019-09-29,8064.50806236119,1.42120643,144877514939.0163,13709663.706014024,17964829.82206827
2019-09-30,8282.3654541204,1.45994759,148804744751.3131,13458843.86294565,17966454.82206827
2019-10-01,8314.55139012273,1.46687818,149397874177.0148,14862260.60984438,17968242.32206827
2019-10-02,8362.53073232028,1.47560342,150275449305.661,15470681.85479252,17970092.32203627
2019-10-03,8254.33991028638,1.45721375,148346417594.9,15167349.585151223,17971929.82203627
2019-10-04,8165.68615125658,1.44209083,146768142907.41504,15004448.302933965,17973767.32203081
2019-10-05,8141.63371379311,1.43793767,146351909719.45923,16079726.584741391,17975742.32202535
2019-10-06,7854.60981297487,1.38789488,141207071248.86465,14629210.776665697,17977604.82202535
2019-10-07,8226.02342928112,1.45350223,147900136388.732,15937920.39423217,17979542.32202535
2019-10-08,8190.1151207481,1.44711351,147271106418.69086,16584983.1195149,17981567.32200351
2019-10-09,8598.3319207481,1.5187746,154626316412.427,14832122.563290471,17983292.32200351
2019-10-10,8578.09037931034,1.51523934,154279677488.72192,17370633.01810344,17985317.32200351
2019-10-11,8289.85402893045,1.4650268,149111820478.62405,16165215.356414376,17987267.32198713
2019-10-12,8323.7501440678,1.47085893,149735357197.11823,13838234.614512715,17988929.82195437
2019-10-13,8291.25065143191,1.46532541,149165443074.74835,14716969.90629164,17990704.82195437
2019-10-14,8346.36843658679,1.46837588,150171135374.6009,14084496.736740207,17992392.32194891
2019-10-15,8160.71262752776,1.43701211,146846350584.01755,15607362.90014684,17994304.82194345
2019-10-16,8003.85592314436,1.41022441,144038130124.39572,14306892.462620543,17996092.32193794
2019-10-17,8072.48938229106,1.42275851,145288400109.1214,15135917.591795737,17997967.32193248
2019-10-18,7959.33199357101,1.40337963,143267715788.64642,15918663.98714202,17999967.32192702
2019-10-19,7948.47733722969,1.40147566,143086440876.4854,14108547.2735827,18001742.32192701
2019-10-20,8213.70903927528,1.4480022,147876063651.31284,14990018.996677386,18003567.321927
2019-10-21,8211.65455873758,1.44819078,147855396336.03143,16320663.43549094,18005554.82192154
2019-10-22,8029.20537288136,1.41660892,144587259213.96948,16961696.350211874,18007667.32188878
2019-10-23,7458.03585680889,1.31849373,134317490459.43152,15661875.299298668,18009767.32188878
2019-10-24,7454.37113816482,1.32043974,134263882621.12463,12392892.017199012,18011429.82185602
2019-10-25,8656.65517755699,1.53033296,155933669952.472,14932730.181285808,18013154.82182326
2019-10-26,9249.64676095851,1.63052996,166631506034.15335,16186881.831677392,18014904.82182326
2019-10-27,9558.15604400935,1.68313273,172203011254.27643,13739849.31326344,18016342.32182326
2019-10-28,9319.17814167154,1.63844571,167913113181.65033,15609623.387299828,18018017.32180779
2019-10-29,9431.20712390415,1.65571824,169947332705.59653,15679381.843490647,18019679.82177503
2019-10-30,9182.85506516657,1.61181743,165487489406.25067,15381282.234154005,18021354.82176957
2019-10-31,9155.27729877265,1.60646394,165005606900.36697,15106207.542974873,18023004.82176411
2019-11-01,9251.38129345412,1.62077063,166752723154.50375,15033494.601862945,18024629.82176411
2019-11-02,9300.19083752192,1.62876338,167648074937.74777,15577819.652849216,18026304.82176411
2019-11-03,9209.63869608416,1.61294847,166031641060.67795,15886626.750745175,18028029.82176411
2019-11-04,9418.36013062537,1.64848919,169810017601.1924,15540294.21553186,18029679.82175865
2019-11-05,9330.78722296902,1.63757092,168247901531.6903,16795417.001344237,18031479.82171589
2019-11-06,9354.93338229106,1.64148312,168698728156.05194,15435640.080780247,18033129.82168313
2019-11-07,9210.74822238457,1.61571232,166114161586.67303,15543137.62527396,18034817.32167767
2019-11-08,8791.33393495032,1.54350145,158564167664.94266,14066134.295920512,18036417.32167221
2019-11-09,8810.78456195208,1.54712396,158930846702.9261,15859412.211513745,18038217.32167221
2019-11-10,9042.89072320281,1.58742033,163136392079.5165,18763998.25064583,18040292.32167221
2019-11-11,8713.20792957335,1.52978275,157205264288.935,16446179.967069698,18042179.82166675
2019-11-12,8788.95814295734,1.5426696,158586794627.15683,14831366.866240513,18043867.32166129
2019-11-13,8766.72943050848,1.5361222,158200496544.86435,14793855.91398306,18045554.82165583
2019-11-14,8645.43580362361,1.51523438,156029949234.48392,18263483.13515488,18047667.32165037
2019-11-15,8465.87788854471,1.48420069,152806067826.95444,16720108.829875804,18049642.32164491
2019-11-16,8477.69024284044,1.48640991,153034960323.91815,15683726.949254816,18051492.32164491
2019-11-17,8505.16122326125,1.4912036,153547224951.40726,16372435.354777906,18053417.32164491
2019-11-18,8183.53341350088,1.43585132,147755065062.98563,14321183.47362654,18055167.32163945
2019-11-19,8116.82067258913,1.42462588,146565470021.28036,14914657.985882526,18057004.82163399
2019-11-20,8076.55466008182,1.41836156,145852722323.80954,14335884.52164523,18058779.82163399
2019-11-21,7612.2774880187,1.33896278,137481479122.46744,13036025.198232025,18060492.32162853
2019-11-22,7277.52427323203,1.28344958,131447679172.18344,12007915.050832847,18062142.32162307
2019-11-23,7324.83617855056,1.29339001,132318073497.78998,15839958.236115586,18064304.82162307
2019-11-24,6943.38065604909,1.22636138,125438714449.2562,11369785.824280385,18065942.32162307
2019-11-25,7139.04468597312,1.26222308,128984724285.6019,11154757.321833,18067504.82162307
2019-11-26,7165.43773027469,1.26841696,129472508033.31648,10927292.538668904,18069029.82162307
2019-11-27,7526.86381654004,1.33297166,136016204690.15666,13077925.88123832,18070767.32161215
2019-11-28,7436.3363817066,1.31736129,134395456014.39629,15151535.377727196,18072804.82160669
2019-11-29,7747.73804208066,1.37249236,140036528598.13245,13171154.671537122,18074504.82160669
2019-11-30,7556.19372121567,1.33947241,136586360852.21768,11901005.11091468,18076079.82160668
2019-12-01,7417.72720601987,1.31531292,134096317371.93912,12888301.020459523,18077817.32160668
2019-12-02,7318.31252180012,1.29871273,132312381312.93507,13264441.445762716,18079629.82160122
2019-12-03,7306.44623331385,1.29767248,132112273441.0578,14430231.310794853,18081604.82160122
2019-12-04,7215.02034482759,1.28246605,130474208009.91588,15061354.969827594,18083692.32159576
2019-12-05,7404.0867949737,1.31656246,133906647429.96992,13419907.315889832,18085504.8215903
2019-12-06,7534.2083559322,1.34019312,136273617300.68172,13655752.645127112,18087317.32158484
2019-12-07,7512.06140263004,1.33632666,135887592947.56682,14554618.967595702,18089254.82158484
2019-12-08,7528.94026943308,1.33937263,136206847609.76505,13928539.498451198,18091104.82158484
2019-12-09,7340.22745908825,1.30638835,132806403797.40012,13579420.799313262,18092954.82157938
2019-12-10,7232.09178375219,1.28784015,130863289278.46732,13379369.799941553,18094804.82154116
2019-12-11,7200.46444599649,1.28292787,130302879541.04956,11880766.335894208,18096454.8215357
2019-12-12,7192.84902425482,1.28218893,130177025517.01804,11958111.502823638,18098117.32153024
2019-12-13,7244.90372004676,1.29164777,131132882825.62569,13765317.068088844,18100017.32152478
2019-12-14,7071.10709029807,1.26106197,128000507531.31398,13346714.632937608,18101904.82151478
2019-12-15,7111.28666995909,1.26826677,128738856951.94688,11022494.338436589,18103454.82144478
2019-12-16,6882.39579532437,1.22841184,124608648045.667,13506701.748324076,18105417.32143932
2019-12-17,6608.96197983635,1.18120445,119669663001.91632,11648295.489461564,18107179.82143386
2019-12-18,7284.6254836353,1.30300236,131916225311.62927,12201747.685089128,18108854.8214284
2019-12-19,7146.16763763881,1.27839546,129422936633.541,14024353.988866163,18110817.32142294
2019-12-20,7184.21917206312,1.28507153,130126090249.6458,14009227.385523085,18112767.32141748
2019-12-21,7140.29801127995,1.27731542,129346265139.51852,15708655.62481589,18114967.32141748
2019-12-22,7479.40240789012,1.33772206,135504930440.2474,15800237.58666788,18117079.82141748
2019-12-23,7321.7487238457,1.30974111,132661793688.078,13087625.843874188,18118867.32141202
2019-12-24,7235.62908381064,1.29430833,131112709026.91896,11305670.443454124,18120429.82140656
2019-12-25,7191.17416569258,1.28852354,130318672681.60936,11505878.665108128,18122029.82140656
2019-12-26,7194.63975832846,1.28945009,130396495065.20114,15018810.49551066,18124117.32140656
2019-12-27,7237.15044728229,1.29743017,131180081114.36037,13117335.18569915,18125929.8214011
2019-12-28,7306.64330829924,1.30991222,132453312459.40369,13608623.161707334,18127792.3214011
2019-12-29,7391.578521391,1.32663778,134007321546.49026,14321183.385195062,18129729.8214011
2019-12-30,7229.3971006429,1.29751611,131082017205.2206,15000998.983834015,18131804.82139564
2019-12-31,7167.39505464641,1.28681852,129970799112.18243,12990903.536546618,18133617.32139018
2020-01-01,7170.63186879018,1.28743526,130045090385.52066,15596124.31461864,18135792.32139018
2020-01-02,6946.82526914085,1.24755453,125998424153.4144,12243779.536860747,18137554.82135472
2020-01-03,7315.3093603156,1.31328518,132697278148.87724,15453591.023666704,18139667.32134926
2020-01-04,7343.16419438925,1.31850725,133217976217.07286,15420644.808217425,18141767.32134926
2020-01-05,7345.53069181765,1.31891454,133275875181.57004,14966518.78457846,18143804.82134926
2020-01-06,7765.7977346581,1.39343235,140914223163.34763,13104783.677235544,18145492.3213438
2020-01-07,8136.08684190532,1.45871525,147651200706.58707,17899391.052191705,18147692.32133834
2020-01-08,8059.69952887201,1.44434936,146279253219.06857,14305966.663747815,18149467.32133834
2020-01-09,7817.13609322034,1.40023893,141892197199.8546,15341129.582944917,18151429.82132742
2020-01-10,8129.81791992987,1.45520178,147582961219.60855,15141785.875869382,18153292.32132196
2020-01-11,8032.00549503215,1.43755242,145823708888.97903,16365211.196128003,18155329.82132196
2020-01-12,8164.54999316189,1.46084233,148245508556.63815,15410588.112093069,18157217.32132196
2020-01-13,8121.92566762127,1.45276596,147486087356.75323,14517942.13087302,18159004.82132196
2020-01-14,8830.16787346581,1.57463765,160363065666.57037,16004679.27065678,18160817.3213165
2020-01-15,8811.44820251315,1.56868373,160039732750.46997,16631608.48224357,18162704.82130558
2020-01-16,8718.68699801286,1.55078627,158372266764.6234,17328390.40855056,18164692.32130012
2020-01-17,8912.54190414962,1.58368313,161911295166.55798,17713677.03449737,18166679.82129466
2020-01-18,8928.1807565751,1.58583813,162210132689.5925,14731498.248348916,18168329.82129466
2020-01-19,8687.35483664524,1.54314165,157851016737.10883,16288790.318709824,18170204.82129466
2020-01-20,8636.2587862069,1.53413892,156938999926.55887,16408891.69379311,18172104.8212692
2020-01-21,8730.86756019871,1.5503965,158674938268.75873,16697784.208880031,18174017.3212692
2020-01-22,8647.90047399182,1.53544323,157183956412.81653,16863405.92428405,18175967.32126374
2020-01-23,8366.38461396844,1.48547764,152083761530.03436,16628189.420262272,18177954.82126374
2020-01-24,8423.39095815313,1.49494018,153136024721.92358,16004442.820490949,18179854.82125828
2020-01-25,8344.77456896552,1.4807681,151723896967.7877,17106787.866379317,18181904.82125828
2020-01-26,8573.87480958504,1.52095733,155904701538.4813,15325801.22213326,18183692.32125828
2020-01-27,8901.95928486265,1.5779271,161884843101.65765,14354409.346841024,18185304.82125828
2020-01-28,9297.3883176505,1.64585254,169092343462.29312,16502864.263829635,18187079.82125282
2020-01-29,9311.94754354179,1.64528656,169375757160.80072,18623895.08708358,18189079.82125282
2020-01-30,9508.92096493279,1.67702648,172977064840.9766,18542395.88161894,18191029.82124736
2020-01-31,9357.28478240795,1.64732688,170235489635.29547,16843112.60833431,18192829.82124736
2020-02-01,9381.88602863822,1.650978,170700764231.1812,17708309.87905464,18194717.3212419
2020-02-02,9339.38706312098,1.64356756,169944201721.52515,16694154.375328751,18196504.8212419
2020-02-03,9279.81252051432,1.6319591,168877320922.92273,17167653.16295149,18198354.8212419
2020-02-04,9161.62719772063,1.61069803,166741659168.92722,15116684.87623904,18200004.8212409
2020-02-05,9628.13677586207,1.69086813,175251271661.8097,19135921.842025865,18201992.3212109
2020-02-06,9739.2804364699,1.70571675,177290742754.4812,16435035.736542957,18203679.8212109
2020-02-07,9800.27939982466,1.7097118,178418176338.2741,17027985.457195345,18205417.32121089
2020-02-08,9911.29340841613,1.72664271,180456453565.47943,17220872.297123022,18207154.82121089
2020-02-09,10151.0832026885,1.76640757,184841757420.968,19413946.62514176,18209067.32121089
2020-02-10,9872.36187305669,1.71346985,179781557317.70132,15055351.856411451,18210592.32121089
2020-02-11,10272.2225558738,1.7792319,187082260809.49307,19003611.72836653,18212442.32121089
2020-02-12,10360.1352229106,1.79208365,188701754427.22528,18389240.02066632,18214217.32121089
2020-02-13,10235.4973226184,1.76851563,186449612688.87488,18040064.03111493,18215979.82121089
2020-02-14,10361.6156901812,1.7883096,188764467553.96008,17485226.477180775,18217667.32121089
2020-02-15,9911.72432700175,1.71075719,180586089679.5512,17593310.680428106,18219442.32121089
2020-02-16,9952.04661157218,1.71695434,181338404100.2772,17664882.73554062,18221217.32121089
2020-02-17,9683.0796277031,1.67061779,176456501278.73737,19003043.769367334,18223179.82121089
2020-02-18,10195.3037904734,1.75425426,185809970500.2769,19116194.607137624,18225054.82121089
2020-02-19,9636.00229865576,1.65794069,175633653604.36676,16983454.051380776,18226817.32121089
2020-02-20,9614.03012244302,1.65435215,175248312859.8305,15142097.442847757,18228392.32121089
2020-02-21,9701.79750268849,1.66881312,176866847060.14252,18675960.192675345,18230317.32121089
2020-02-22,9675.24905756868,1.66379813,176400759691.95303,17899210.75650206,18232167.32120809
2020-02-23,9972.84242308591,1.71384131,181844233521.0456,17701795.30097749,18233942.32120809
2020-02-24,9648.00788310929,1.65765413,175938223869.06973,17004613.893980123,18235704.82120809
2020-02-25,9344.28714009351,1.60369037,170416481768.15714,16819716.852168318,18237504.82120263
2020-02-26,8798.88894856809,1.51151916,160484737731.94965,14958111.212565752,18239204.82120263
2020-02-27,8779.02948188194,1.50901158,160138648318.09406,16131466.672958065,18241042.32120263
2020-02-28,8750.59344599649,1.50435395,159637227806.11615,17282422.055843066,18243017.32120263
2020-02-29,8582.09029964933,1.47581569,156578133370.52316,14911381.89564071,18244754.8212026
2020-03-01,8541.77389392169,1.46928146,155861469107.4843,18898674.740301736,18246967.32120187
2020-03-02,8906.21475645821,1.53109223,162527997441.39096,16587824.983903416,18248829.82116911
2020-03-03,8768.81061420222,1.50704354,160037302982.88947,16770350.299661744,18250742.32116365
2020-03-04,8756.36957218001,1.50859699,159828523652.16946,18278921.481925767,18252829.82115819
2020-03-05,9062.61580274693,1.56090164,165436849061.72723,18465079.698096868,18254867.32115273
2020-03-06,9147.08505897136,1.57478419,166996546604.07248,17722477.30175701,18256804.82114727
2020-03-07,8898.30695675044,1.53210003,162472116275.45233,17462927.402622737,18258767.32114727
2020-03-08,8109.61454114553,1.39731984,148087581459.68747,16016488.71876242,18260742.32114727
2020-03-09,7896.38531987142,1.36296685,144208663316.8568,14805722.474758912,18262617.32111181
2020-03-10,7909.92787545295,1.3667676,144469037207.9867,13051380.994497368,18264267.32111181
2020-03-11,7939.34133477499,1.37532279,145018062262.11853,11809770.235477796,18265754.82111181
2020-03-12,4959.31341437756,0.87746909,90594963612.14102,9360704.069637643,18267642.32111181
2020-03-13,5627.69238836938,1.00230839,102813464913.33212,8793269.356827155,18269204.82111181
2020-03-14,5145.17250642899,0.91943052,94006442635.74615,8232276.010286384,18270804.82107905
2020-03-15,5358.61066335476,0.9586443,97914100475.66948,7970933.3617402045,18272292.32107905
2020-03-16,5012.92738778492,0.9005596,91605131343.43858,7456729.489330067,18273779.82107905
2020-03-17,5416.7547106955,0.97465625,98992911188.38045,8328260.367694331,18275317.32107359
2020-03-18,5392.48783594389,0.97098752,98556166961.53716,6740609.794929863,18276567.32104359
2020-03-19,6203.5516320865,1.11612479,113387926283.63892,8297250.307915693,18277904.82103267
2020-03-20,6174.14947603741,1.11275432,112858928752.33304,8412278.66110097,18279267.32100537
2020-03-21,6175.83102220924,1.11317824,112899238722.37125,9572538.084424322,18280817.32099991
2020-03-22,5830.56097960257,1.05120625,106596676162.61998,9256015.555119082,18282404.82099991
2020-03-23,6486.40865733489,1.16908967,118596229879.9552,9080972.120268846,18283804.82099991
2020-03-24,6775.05761893629,1.21902362,123885010000.73076,11178845.07124488,18285454.82099991
2020-03-25,6689.96901285798,1.20405859,122336819602.86874,7693464.364786677,18286604.82099991
2020-03-26,6754.46033606078,1.21539093,123529655865.11256,13508920.67212156,18288604.82096715
2020-03-27,6490.79541502046,1.168733,118720168235.13582,12575916.11660214,18290542.32096169
2020-03-28,6231.81989023963,1.12273873,113993881635.10356,10516196.064779377,18292229.82096169
2020-03-29,5904.85758679135,1.06488351,108024157456.33168,11145418.695068672,18294117.32096169
2020-03-30,6436.90570017534,1.16111925,117769335877.16364,11827814.224072188,18295954.82095623
2020-03-31,6432.3832421391,1.16086021,117699377550.73596,12784361.69375146,18297942.32092347
2020-04-01,6643.11000870836,1.20232747,121567948718.78664,12704947.891654735,18299854.82092347
2020-04-02,6792.74222209234,1.2293196,124319187619.56122,12991119.4997516,18301767.32089617
2020-04-03,6751.90255178258,1.22207588,123582890115.26344,11140639.210441256,18303417.32089071
2020-04-04,6859.98916867329,1.24154011,125574707299.76088,13462728.743521333,18305379.82089071
2020-04-05,6790.81247264758,1.22896481,124323256506.53989,14854902.28391658,18307567.32089071
2020-04-06,7298.17374517826,1.31870276,133623484237.36052,11677077.992285216,18309167.32088525
2020-04-07,7187.59333664524,1.29919781,131613942980.88837,15093946.006955003,18311267.32085239
2020-04-08,7372.19476399766,1.33180003,135007499015.4844,13269950.575195787,18313067.32084693
2020-04-09,7299.57918790181,1.3184332,133691736771.83572,14051689.936710984,18314992.32084693
2020-04-10,6859.82267475161,1.24393645,125651576499.1472,13976888.699806403,18317029.82084693
2020-04-11,6883.18222895967,1.24828502,126093134474.85796,13680324.680057343,18319017.32084693
2020-04-12,6978.66628661601,1.26554137,127855655280.20236,13346699.27315312,18320929.82084693
2020-04-13,6863.57553319696,1.24500204,125761756556.48576,14670892.702208502,18323067.32084693
2020-04-14,6875.53850344828,1.24727346,125995393496.61522,14438630.857241388,18325167.32084693
2020-04-15,6625.47577510228,1.20252464,121426948476.36131,13996317.574903566,18327279.82081963
2020-04-16,7127.79228223261,1.29329091,130646764661.29408,13721000.143297777,18329204.82081895
2020-04-17,7081.39519842197,1.28483033,129807584723.91763,11241714.877494875,18330792.32081895
2020-04-18,7262.79234360023,1.31739282,133147082134.64836,14344014.878610454,18332767.32081895
2020-04-19,7150.2442154588,1.29699559,131097348953.0472,13585464.00937172,18334667.32081895
2020-04-20,6853.27341478667,1.24397211,125666280331.4737,13792212.747258171,18336679.82081895
2020-04-21,6870.42369865576,1.2473842,125993555759.75612,12796164.138746353,18338542.32081895
2020-04-22,7123.65691992987,1.29301523,130649148893.33508,11664988.206385162,18340179.82081895
2020-04-23,7488.60516528346,1.35798226,137355657612.58064,13292274.16837814,18341954.82081895
2020-04-24,7506.44331648159,1.3603772,137696355773.91336,13511597.969666865,18343754.82081895
2020-04-25,7537.73820911748,1.36573263,138283235766.52548,12814154.955499716,18345454.82081895
2020-04-26,7684.06852168322,1.39182404,140980890871.95996,13158967.343382511,18347167.32081895
2020-04-27,7777.49151858562,1.40592618,142708646056.54214,13707828.801507156,18348929.82081895
2020-04-28,7769.89969842197,1.40416612,142584301338.06653,14957056.919462292,18350854.82081895
2020-04-29,8761.83716954997,1.57124906,160803082691.93655,15880829.86980932,18352667.32081895
2020-04-30,8652.4109912332,1.54783671,158809421388.64795,14600943.547706025,18354354.82081895
2020-05-01,8855.53525827002,1.58149669,162553244139.45322,15607880.89270091,18356117.32081895
2020-05-02,8977.28170537697,1.60183196,164804644177.09622,16607971.154947396,18357967.32081895
2020-05-03,8896.7956383986,1.58639791,163345766860.5667,18683270.84063706,18360067.32081895
2020-05-04,8881.95430450029,1.58241067,163090820830.57187,17541859.751388073,18362042.32079165
2020-05-05,8985.8795993571,1.59959352,165016848605.14212,17747112.208730273,18364017.32079165
2020-05-06,9266.8130730567,1.64574813,170193754397.31735,17838615.165634148,18365942.32079165
2020-05-07,9993.75317685564,1.76246608,183563057935.82147,18363521.46247224,18367779.82079165
2020-05-08,9859.32360461718,1.73504927,181110769243.21515,16884091.67290692,18369492.32079165
2020-05-09,9577.33892238457,1.68527866,175947135264.4346,16281476.168053769,18371192.32078165
2020-05-10,8715.03329322034,1.53444392,160124072157.514,18519445.748093225,18373317.32078165
2020-05-11,8591.65288433665,1.51427708,157872468635.6263,15303881.700224657,18375098.57078164
2020-05-12,8817.25068112215,1.55398556,162025896130.1576,8045741.246523961,18376011.07078164
2020-05-13,9322.99720204559,1.64026769,171326433776.82504,6933979.169021408,18376754.82078164
2020-05-14,9801.26948772647,1.72149026,180122509712.8674,6983404.51000511,18377467.32078164
2020-05-15,9326.87585891292,1.63770129,171411642923.92416,7286621.764775719,18378248.57078164
2020-05-16,9395.4753893045,1.64923495,172679781082.16855,7398936.869077293,18379036.07078164
2020-05-17,9682.5324811806,1.69855053,177961786342.58984,6172614.456752633,18379673.57078164
2020-05-18,9726.85002209235,1.7030904,178784109758.02524,7781480.01767388,18380473.57078164
2020-05-19,9754.20146201052,1.70545218,179293853008.8648,7010832.300820061,18381192.32078164
2020-05-20,9515.702550263,1.66337697,174916798054.94452,6839411.208001532,18381911.07078164
2020-05-21,9068.80122933957,1.58611169,166709322797.2722,7425081.006521774,18382729.82077618
2020-05-22,9161.81503389831,1.60231403,168425526445.20764,6356009.179766953,18383423.57077071
2020-05-23,9183.66212507305,1.60568496,168833981124.71753,6830348.705523081,18384167.32076525
2020-05-24,8806.23065715956,1.54008682,161901602383.70032,6384517.226440681,18384892.32076525
2020-05-25,8909.19258153127,1.55903037,163801506583.1173,6960306.704321304,18385673.57076525
2020-05-26,8835.13725336061,1.54624899,162446796724.567,6847231.371354473,18386448.57076525
2020-05-27,9169.05743921683,1.60359036,168594311360.4419,7908312.041324515,18387311.07074865
2020-05-28,9568.26185300994,1.67222784,175942441112.01053,7834014.392151888,18388129.82074308
2020-05-29,9432.41333343074,1.64770853,173451927876.11584,7486978.08341065,18388923.57074308
2020-05-30,9691.68049117475,1.69215433,178229021212.69913,9449388.47889538,18389898.57073751
2020-05-31,9433.94384663939,1.64704955,173498114784.08786,8844322.356224429,18390836.07073751
2020-06-01,10199.1350542373,1.77456298,187579162621.1201,8541775.607923737,18391673.57071021
2020-06-02,9512.34653302163,1.65555855,174955641656.20303,7669329.392248689,18392479.82071021
2020-06-03,9642.27340035067,1.67699652,177353695666.68335,8376725.016554643,18393348.57070464
2020-06-04,9813.36067913501,1.70498933,180509824980.4644,9261359.140933665,18394292.32069918
2020-06-05,9641.8916225599,1.67491159,177366559896.12006,10786866.252738887,18395411.07069918
2020-06-06,9668.67053857393,1.67895972,177871013185.53003,11844121.409753064,18396636.07068826
2020-06-07,9747.58011104617,1.69210512,179332370530.26468,9686657.73535213,18397629.82066096
2020-06-08,9769.34236148451,1.6929366,179742635817.0348,9891459.141003065,18398642.32066096
2020-06-09,9779.42216566335,1.69357425,179937869950.94925,9779422.16566335,18399642.32066096
2020-06-10,9888.44417469316,1.71128591,181953971577.1867,10135655.279060489,18400667.32063366
2020-06-11,9277.45116931619,1.60651966,170722019602.6722,10727052.914521843,18401823.57060636
2020-06-12,9456.16153331385,1.63695561,174020249655.49988,9633464.562063484,18402842.32057906
2020-06-13,9461.33379865576,1.63756141,174124777106.15344,9343067.126172565,18403829.82057906
2020-06-14,9342.955635301,1.61687359,171956092423.66223,9926890.362507312,18404892.32057906
2020-06-15,9441.38321127995,1.63326898,173775784553.95013,8143193.019728957,18405754.82057906
2020-06-16,9520.09194827586,1.64602728,175233403355.5358,8925086.201508617,18406692.32057906
2020-06-17,9448.69356060783,1.63347313,173927344699.74097,8149498.196024253,18407554.82057906
2020-06-18,9389.99076639392,1.61930293,172853988352.52893,7218555.401665326,18408323.57057906
2020-06-19,9285.99158293396,1.601515,170947837087.2992,8299354.977247226,18409217.32057906
2020-06-20,9357.29246446522,1.61343538,172268442692.22974,8012181.672698344,18410073.57057906
2020-06-21,9284.76937182934,1.6005863,170941759573.137,8472352.051794272,18410986.07056268
2020-06-22,9684.62018474576,1.66795041,178312062949.33447,8655629.290116522,18411879.82056268
2020-06-23,9611.72599824664,1.65453862,176979435527.31827,9491579.423268557,18412867.32056268
2020-06-24,9292.94354354179,1.60043802,171117809729.41803,8073244.70345193,18413736.07056268
2020-06-25,9247.12143249561,1.59283584,170282202496.18005,8149025.762386755,18414617.32056268
2020-06-26,9159.43777206312,1.57369557,168676929867.51587,9388423.716364698,18415642.32053538
2020-06-27,9002.16561718293,1.5467905,165788426484.10727,7764367.844820277,18416504.82053538
2020-06-28,9108.06567457627,1.56486434,167747274213.1566,8538811.569915254,18417442.32053538
2020-06-29,9184.24736627703,1.57752462,169158669350.11176,8323224.175688558,18418348.57053537
2020-06-30,9143.96758530099,1.56990039,168425183323.96924,8401020.218995282,18419267.32053537
2020-07-01,9241.33961239041,1.5861884,170228061576.57693,9356856.35754529,18420279.82050807
2020-07-02,9094.38728679135,1.56106575,167530480365.48853,9321746.968961133,18421304.82048077
2020-07-03,9066.69069661017,1.5561961,167029509726.42023,9236691.14717161,18422323.57048077
2020-07-04,9126.21955493863,1.56620843,168135124719.26672,8955102.93828353,18423304.82048077
2020-07-05,9079.61401808884,1.55815127,167285746564.34164,9249856.780928005,18424323.57048075
2020-07-06,9338.94259117475,1.60183713,172072688838.19153,8988732.244005697,18425286.07048075
2020-07-07,9252.15873261251,1.58667765,170482981402.3037,9309984.724691335,18426292.32044799
2020-07-08,9434.56795645821,1.61561301,173853010956.3395,8903873.508907435,18427236.07044799
2020-07-09,9231.50234751607,1.58050888,170120535332.4796,9462289.90620397,18428261.07044799
2020-07-10,9285.22101542957,1.58940706,171119820222.7931,9343253.646776004,18429267.32044799
2020-07-11,9237.17100818235,1.58104284,170243300036.21756,9006241.73297779,18430242.32044799
2020-07-12,9289.09797691408,1.58969582,171209151295.98776,8824643.078068376,18431192.32044799
2020-07-13,9236.62250116891,1.58057885,170250451857.34445,8486146.922948936,18432111.07044799
2020-07-14,9260.3569868498,1.58381858,170696262854.64993,8334321.28816482,18433011.07042069
2020-07-15,9196.72555897136,1.57234112,169531276215.83417,7932175.794612798,18433873.57040977
2020-07-16,9132.59231209818,1.56130786,168356814754.77936,7762703.465283453,18434723.57040977
2020-07-17,9156.46870976037,1.56536628,168803722440.9125,6752895.673448273,18435461.07037701
2020-07-18,9175.90530859147,1.56854068,169169500525.0169,7455423.0632305695,18436273.57037155
2020-07-19,9218.84231081239,1.57544863,169968646771.39542,7547927.1419776445,18437092.32037155
2020-07-20,9167.19056750439,1.56656719,169024417398.20532,8078586.687613243,18437973.57037155
2020-07-21,9388.57434979544,1.6036542,173113620548.55356,7334823.710777686,18438754.82035517
2020-07-22,9531.2574301578,1.62670582,175753097015.691,8578131.68714202,18439654.82031695
2020-07-23,9609.16671537113,1.6387837,177197885133.97803,8167791.7080654595,18440504.82031149
2020-07-24,9548.1007270602,1.62771038,176081404997.34537,9607776.356604328,18441511.04295689
2020-07-25,9702.45279047341,1.6530963,178936500441.52332,8610926.851545151,18442398.46415089
2020-07-26,9933.90655423729,1.69125357,183214872171.02325,9809732.722309325,18443385.90973289
2020-07-27,11046.5083295149,1.87222939,203745302795.425,10287060.88186075,18444317.12879289
2020-07-28,10944.6129789012,1.84950049,201875831190.2685,9918555.512129214,18445223.37879289
2020-07-29,11115.7712819988,1.87484925,205043166412.04987,10282088.43584889,18446148.37875467
2020-07-30,11135.3907261835,1.87475515,205414465076.5148,9395485.925217329,18446992.12875467
2020-07-31,11338.1973407949,1.90517626,209166479251.11777,10842151.207135124,18447948.37875467
2020-08-01,11797.5821265342,1.97908671,217651287744.11752,10101679.695844907,18448804.62875467
2020-08-02,11094.0206841321,1.8599879,204681196754.4121,9776605.727891412,18449685.87873375
2020-08-03,11236.0956805377,1.87772343,207313812355.99893,11376546.87654442,18450698.37871637
2020-08-04,11202.651909059,1.87038652,206706903819.0301,10152403.292584715,18451604.62871091
2020-08-05,11721.4384715956,1.95126913,216288798767.41125,9450409.767723951,18452410.87871091
2020-08-06,11769.3091081239,1.95155359,217183602498.0373,11475076.380420802,18453385.87871091
2020-08-07,11598.9690585038,1.91764781,214051270852.34103,11019020.60557861,18454335.87870545
2020-08-08,11743.0086350088,1.93742923,216719847497.1544,10421920.16357031,18455223.37870545
2020-08-09,11680.5173661601,1.92470744,215577945675.7649,11388504.432006096,18456198.37870545
2020-08-10,11870.3695447107,1.95320633,219092059149.64685,10164003.922658537,18457054.62870545
2020-08-11,11392.6440884278,1.87194792,210285619725.4452,10965419.935111756,18458017.12870545
2020-08-12,11575.5124736996,1.89982911,213672365984.7056,11358471.614817731,18458998.37870545
2020-08-13,11773.4481155465,1.92924287,217336876532.05075,10816855.456158346,18459917.12870112
2020-08-14,11774.4082518995,1.9265623,217366890107.603,12289538.612920104,18460960.87865277
2020-08-15,11866.9103613092,1.93989709,219086138168.21063,11570237.60227647,18461935.87865277
2020-08-16,11899.6427535944,1.94366153,219701746156.3508,11304660.61591468,18462885.87865277
2020-08-17,12315.7624166569,2.00437877,227394137696.7252,9621689.388013205,18463667.12865277
2020-08-18,11992.6959962595,1.95013602,221439640459.05893,10493608.996727062,18464542.12865277
2020-08-19,11736.8490645237,1.90751141,216725667041.4704,10123032.318151692,18465404.62862001
2020-08-20,11867.5203439509,1.92666487,219149394201.68213,10829112.313855195,18466317.12861455
2020-08-21,11524.6989491525,1.86965642,212829910158.46448,11164552.106991485,18467285.87857087
2020-08-22,11682.2891503799,1.89433444,215750103401.7776,9929945.777822915,18468135.87855438
2020-08-23,11665.6092735243,1.89095764,215453504048.67047,11446879.09964572,18469117.12855438
2020-08-24,11771.4080537405,1.90603293,217418476236.22745,10962123.75004584,18470048.37854892
2020-08-25,11358.4543202805,1.83853818,209800287564.57504,9086763.4562244,18470848.37854892
2020-08-26,11472.0491204559,1.8556766,211908661338.8008,10181443.594404612,18471735.87854892
2020-08-27,11314.6737410286,1.82960462,209010787351.93704,9122455.703704309,18472542.12854892
2020-08-28,11527.8830322326,1.86186629,212961048996.4253,11744030.83908696,18473560.87852162
2020-08-29,11490.7623477499,1.85563351,212285783092.42407,10485320.642321784,18474473.37852162
2020-08-30,11698.9758329632,1.88762446,216141703644.11383,9286062.06741454,18475267.12852162
2020-08-31,11678.3482268849,1.88187726,215771551563.05804,10948451.462704591,18476204.62852162
2020-09-01,11970.364856166,1.92471346,221178432036.76083,11521476.174059777,18477167.12852162
2020-09-02,11414.5209336645,1.83478767,210918284052.1679,10273068.84029805,18478067.12852162
2020-09-03,10261.4944095266,1.65212902,189620855868.0496,8273329.867680821,18478873.37852162
2020-09-04,10471.9664133255,1.68560929,193518977097.6344,8835721.66124339,18479717.12852162
2020-09-05,10128.64358609,1.63131545,187183394233.4417,8925867.16024181,18480598.37849432
2020-09-06,10253.2998980129,1.65140122,189496729938.0876,9612468.65438709,18481535.87849432
2020-09-07,10367.8783543542,1.67005527,191625655656.81183,11339866.950074906,18482629.62849432
2020-09-08,10108.6354501461,1.62894233,186843957815.11063,9792740.592329033,18483598.37849432
2020-09-09,10223.1114091175,1.64757745,188969405737.1191,9520272.499740671,18484529.6284834
2020-09-10,10334.6307302162,1.66531058,191040993379.8496,10205447.846088495,18485517.12847248
2020-09-11,10387.0207419638,1.67381361,192018408644.76068,8958805.389943779,18486379.62847248
2020-09-12,10436.9778322618,1.68190081,192953023670.0901,11089288.94677816,18487442.12847248
2020-09-13,10322.5236148451,1.66341746,190847509504.3993,10451555.160030665,18488454.62847248
2020-09-14,10662.719912332,1.71735678,197148942307.1638,11728991.9035652,18489554.62847248
2020-09-15,10779.3810249562,1.7348274,199316464218.54663,10509896.499332296,18490529.62847248
2020-09-16,10968.3205465809,1.76292263,202820681601.6072,10625560.529500246,18491498.37846702
2020-09-17,10936.2927505552,1.75667708,202240606289.0171,12166625.68499266,18492610.87846702
2020-09-18,10920.1128439509,1.75269523,201952658938.4508,11261366.370324364,18493642.12846213
2020-09-19,11073.7795478083,1.77573693,204804828423.612,10312457.20389648,18494573.37844029
2020-09-20,10921.2180998247,1.75066035,201992962103.4836,9692581.06359442,18495460.87782331
2020-09-21,10455.3799623027,1.67690819,193386546243.5811,9475188.09083682,18496367.12781785
2020-09-22,10519.8391641146,1.68568673,194587288925.38617,8481620.326067396,18497173.37781785
2020-09-23,10233.2995687317,1.64062817,189296198403.34613,9082053.367249385,18498060.87781785
2020-09-24,10739.0427094097,1.72053475,198660661113.4665,9195305.319932057,18498917.12781785
2020-09-25,10683.6305806546,1.71066582,197646881316.5258,11284584.80081642,18499973.37744111
2020-09-26,10742.0304202221,1.71935636,198737347444.74127,10070653.518958218,18500910.87720381
2020-09-27,10758.8242899474,1.72167524,199058270210.58435,10220883.07545003,18501860.87680381
2020-09-28,10727.3750541204,1.71621999,198485049767.5505,8648946.137384573,18502667.12650381
2020-09-29,10841.1427444769,1.73140353,200599609229.0116,9553757.043570269,18503548.37650381
2020-09-30,10772.351766803,1.71995233,199337235088.7272,10503042.972632924,18504523.37650371
2020-10-01,10606.6173325541,1.69356781,196278618504.30948,8220128.432729427,18505298.37650371
2020-10-02,10570.1056777908,1.68748627,195611944028.4632,8984589.82612218,18506148.37649825
2020-10-03,10555.7054339567,1.68506329,195355412926.41483,9961947.003296636,18507092.12649825
2020-10-04,10665.618622443,1.70216949,197400118730.0376,10532298.38966246,18508079.62649825
2020-10-05,10772.6355995909,1.71835152,199390223520.6277,9426056.149642035,18508954.62649825
2020-10-06,10596.3735493863,1.69012311,196136406784.5261,8609553.508876368,18509767.12649825
2020-10-07,10667.1943941555,1.70039927,197457351293.61536,10067164.709484251,18510710.87649825
2020-10-08,10902.5293637054,1.73638098,201824607685.06384,11038810.980751716,18511723.37649825
2020-10-09,11074.1036797779,1.76179817,205010561255.28888,9828267.015802886,18512609.88549825
2020-10-10,11302.8542864407,1.79700041,209255428096.9055,10101926.018506376,18513503.11999825
2020-10-11,11378.2625284629,1.80770338,210661427269.1565,9955979.712405035,18514375.70034825
2020-10-12,11548.401556692,1.83284911,213822180181.52505,10754448.949669424,18515305.2681668
2020-10-13,11434.9687849211,1.81348383,211733795569.96,11863780.11435564,18516342.24390416
2020-10-14,11417.10811391,1.80880169,211413713271.8805,10632181.931078687,18517273.47788756
2020-10-15,11502.5812390415,1.82050458,213007298065.68048,10855561.044345416,18518217.22786026
2020-10-16,11338.9871765634,1.7940757,209988812323.3502,10984643.827295791,18519185.97786026
2020-10-17,11362.8022174167,1.79732641,210440997243.65863,11149749.675840136,18520167.22786026
2020-10-18,11489.6225650497,1.81665683,212798348506.64096,8617216.923787275,18520917.22786026
2020-10-19,11745.8119675628,1.85166488,217552387640.8408,9176415.599658435,18521698.47786026
2020-10-20,11929.4572507306,1.87699868,220964546714.08163,10736511.52565754,18522598.47786026
2020-10-21,12848.4906177674,2.013415,237997872158.0872,10439398.626936013,18523410.97786026
2020-10-22,12997.4993417884,2.02018679,240769151101.22614,11129108.811406316,18524267.22786026
2020-10-23,12953.4296969608,2.00849858,239963373092.9489,10605620.564386657,18525083.98986026
2020-10-24,13113.8669231444,2.02902772,242947944356.6773,12458173.57698718,18526033.98986026
2020-10-25,13041.6410374635,2.01568826,241619421843.6139,9536700.008645184,18526765.23986026
2020-10-26,13080.6561698422,2.01954164,242351238993.11288,8992951.116766512,18527452.73986026
2020-10-27,13675.5239275278,2.10370037,253381084990.52963,8461730.430157825,18528071.48986026
2020-10-28,13290.3288497954,2.04049323,246252469508.29257,8306455.531122125,18528696.48986026
2020-10-29,13475.2173007013,2.06357066,249687307271.2864,9095771.677973377,18529371.48986026
2020-10-30,13603.2960908825,2.0801745,252069964041.1888,9437286.663049735,18530065.23986026
2020-10-31,13807.2336110462,2.10747626,255858690808.36392,9751358.737801377,18530771.4793548
2020-11-01,13736.89941128,2.09316771,254566075299.392,10731952.6650625,18531552.69451533
2020-11-02,13595.5647603741,2.06586073,251954997135.1448,8072366.576472121,18532146.44451533
2020-11-03,13996.915398597312,2.09497527,259405133239.1944,12247300.973772649,18533021.44450987
2020-11-04,14129.148195499703,2.10823433,261869847340.3332,14040841.019277832,18534015.19447165
2020-11-05,15606.46683372297,2.30749272,289264831869.5576,14338441.403482975,18534933.94446619
2020-11-06,15618.972471361778,2.29919169,289511558679.5521,14935642.4257397,18535890.19446619
2020-11-07,14866.356304500296,2.18711473,275574713602.1555,13565550.12785652,18536802.69446619
2020-11-08,15500.000707188785,2.26976446,287333823623.85486,13368750.609950328,18537665.19446619
2020-11-09,15319.819972530682,2.23751677,284011407032.1132,17713541.8432386,18538821.44446619
2020-11-10,15319.27567621274,2.23228692,284015391004.3896,14074584.527520455,18539740.19446619
2020-11-11,15731.241105786092,2.28563276,291667576115.5471,14453077.765940972,18540658.94446619
2020-11-12,16289.814897720637,2.35643005,302040192101.93146,16289814.897720637,18541658.94446073
2020-11-13,16330.06276797195,2.35455292,302800641127.13446,14186742.029675633,18542527.69444435
2020-11-14,16102.010016949156,2.317866766319,298586257209.3901,14290533.890042376,18543415.19444435
2020-11-15,15986.7549905903,2.29883051,296464022985.17487,14987582.803678406,18544352.69444435
2020-11-16,16743.05393980129,2.39979607,310505840495.72095,16743053.93980129,18545352.69444435
2020-11-17,17682.16918702513,2.51738625,327939414604.2494,17350628.514768407,18546333.94441705
2020-11-18,17804.690023962594,2.51023261,330230533165.07886,18806203.837810487,18547390.19441705
2020-11-19,17818.668662185857,2.504430386254,330505057657.63434,15257235.04199664,18548246.44441705
2020-11-20,18663.78185312683,2.596127396527,346200022367.58093,19596970.945783168,18549296.44441705
2020-11-21,18706.58933541788,2.589987418208,347013829881.6223,19758834.985535134,18550352.69441705
2020-11-22,18482.692631735823,2.55377715,342880566989.43976,20099928.237012707,18551440.19441705
2020-11-23,18373.2577597896,2.52775968,340867272937.9125,16880430.566806693,18552358.94441705
2020-11-24,19150.251048509646,2.61774563,355298609040.9366,16277713.3912332,18553208.94441159
2020-11-25,18748.393713033314,2.555478063978,347861028434.87366,18162506.409501024,18554177.69432969
2020-11-26,17113.716871420223,2.326869284941,317546987940.7591,16044109.56695646,18555115.19365265
2020-11-27,17101.603018059614,2.31953985,317338674284.2633,16460292.90488238,18556077.69336873
2020-11-28,17745.377312448858,2.40313103,329301680033.60706,17079925.663232025,18557040.19336873
2020-11-29,18190.866880420806,2.45853128,337585701789.79,17053937.700394504,18557977.69336327
2020-11-30,19664.407606662764,2.63721867,364945525705.5228,13887987.872205576,18558683.94336327
2020-12-01,18820.60778959673,2.51290662,349303591166.3211,17879577.40011689,18559633.94335235
2020-12-02,19214.87222904733,2.55197705,356636727016.0429,15732176.637532508,18560452.69335235
2020-12-03,19470.31120806546,2.57495934,361396895344.4884,19105242.872914232,18561433.94332505
2020-12-04,18732.967090999413,2.47230116,347727590891.8358,16859670.381899472,18562333.94329229
2020-12-05,19114.633130917588,2.51909742,354829406548.3851,17203169.817825828,18563233.94323769
2020-12-06,19356.3136767972,2.54722977,359332231927.7029,16452866.625277616,18564083.94323769
2020-12-07,19182.176832846293,2.51748691,356117524229.7686,17983290.7807934,18565021.44323769
2020-12-08,18340.97813769725,2.40341294,340517159295.926,16506880.323927524,18565921.44319947
2020-12-09,18574.69673524255,2.422360712922,344872497185.5556,16136767.788741965,18566790.19319947
2020-12-10,18294.84695149036,2.38235433,339691449525.13635,14864563.148085916,18567602.69303395
2020-12-11,18061.760025716,2.34803699,335379162360.3685,15578268.02218005,18568465.19291929
2020-12-12,18813.2837685564,2.43833504,349349325775.85046,15520959.10905903,18569290.19269543
2020-12-13,19156.0825055523,2.46411643,355733532179.7954,18677180.442913488,18570265.19261899
2020-12-14,19286.7512992402,2.474236613553,358177564948.9231,17478618.364936434,18571171.44259715
2020-12-15,19432.5884640561,2.48407194,360902935454.3275,17003514.906049088,18572046.44259715
2020-12-16,21370.7203186441,2.70395115,396917110350.8976,19100081.284788165,18572940.19259715
2020-12-17,22789.2674160725,2.838980097189,423282074598.6717,18373846.85420845,18573746.44259715
2020-12-18,23048.7645610754,2.82221791,428124525372.75903,22616600.22555524,18574727.69259715
2020-12-19,23856.7735192285,2.906877174893,443156630306.5704,23558563.850238144,18575715.19255893
2020-12-20,23528.5506135593,2.850832494921,437081860159.9275,22205069.64154659,18576658.94252071
2020-12-21,22937.4183435418,2.76690892,426120094395.1105,19496805.59201053,18577508.94250433
2020-12-22,23756.8887685564,2.831513764707,441365046263.01465,21232719.33689728,18578402.69249341
2020-12-23,23307.2709018118,2.75180066,433034297725.0093,22433248.242993858,18579365.19248795
2020-12-24,23707.6330440678,2.77320466,440491441936.2526,18669761.0222034,18580152.69248795
2020-12-25,24669.1643220339,2.87742129,458379042147.35565,22202247.88983051,18581052.69248795
2020-12-26,26478.0681052016,3.06732801,492013050503.5615,22671845.81507887,18581908.94247703
2020-12-27,26430.8565971946,3.033869719213,491160219103.0907,24448542.352405004,18582833.94247703
2020-12-28,27039.3490199883,3.03336124,502494772100.1416,27039349.0199883,18583833.94247703
2020-12-29,27231.2034552893,3.00690895,506086032710.1856,25869643.282524835,18584783.94247703
2020-12-30,28844.6136781999,3.14848763,536101921073.2669,31007959.704064887,18585858.94247703
2020-12-31,29022.6714126242,3.140996404211,539441388030.4845,30111021.590597607,18586896.44247703
2021-01-01,29380.6937327878,3.145922773591,546123272590.4994,27360771.03865864,18587827.69247703
2021-01-02,32022.6810578609,3.36183826,595262299159.9148,30221405.248356223,18588771.44247703
2021-01-03,33277.8353050848,3.43360474,618626936448.978,32861862.36377124,18589758.94247703
2021-01-04,31802.1467136178,3.2392637,591228627330.577,34386071.134099245,18590840.19247703
2021-01-05,34013.1741724138,3.40781574,632366860903.1603,33375427.15668104,18591821.44241151
2021-01-06,36643.2777223846,3.60095708,681305813105.2504,40536625.98038796,18592927.69241151
2021-01-07,39215.6511490356,3.742047073313,729174942657.4891,41176433.70648738,18593977.69238421
2021-01-08,40775.4045634132,3.78863874,758214680099.2676,37717249.22115721,18594902.69238421
2021-01-09,40370.6823495032,3.6883279,750723981944.456,35072030.2911309,18595771.44238421
2021-01-10,38329.3401665693,3.47615243,712801739056.71,38089781.79052824,18596765.19238421
2021-01-11,35269.5137177089,3.17723254,655932811964.7596,33946906.95329481,18597727.69238421
2021-01-12,33712.4685452952,3.024579234512,627006493875.7682,31184033.40439806,18598652.69235145
2021-01-13,37296.5475277615,3.31893271605,693700965812.7666,35431720.15137342,18599602.69235145
2021-01-14,39045.518340152,3.43968572,726267001112.6581,35873069.97501465,18600521.44232415
2021-01-15,36710.3174248977,3.21691863,682866609536.3408,35563120.00536965,18601490.19232415
2021-01-16,36177.2610970193,3.16002808,672984205338.4072,33237858.63288648,18602408.94228047
2021-01-17,36069.939466803,3.14208979,671017747596.7164,29983137.18178,18603240.19158081
2021-01-18,36594.2964018118,3.16789734,680805649185.9204,33163581.114141945,18604146.44158081
2021-01-19,36250.1461893629,3.12779915,674436786184.2588,33757948.6388442,18605077.69158081
2021-01-20,35515.480012858,3.05640832,660799562908.8003,31298016.76133111,18605958.94155351
2021-01-21,31022.9510280538,2.671999724485,577236765327.8912,25012254.26636837,18606765.19154805
2021-01-22,32986.4357568673,2.83570647,613799933930.6252,29069296.510739308,18607646.44154805
2021-01-23,32036.2822723553,2.75080418,596151049200.8364,31235375.21554641,18608621.44154805
2021-01-24,32216.1042904734,2.763770318383,599525276803.4537,27987740.602348767,18609490.19154805
2021-01-25,32419.7059462303,2.777191691556,603342567061.9476,28367242.70295152,18610365.19154805
2021-01-26,32640.6391426067,2.79160837,607487059172.2292,32844643.13724799,18611371.44153713
2021-01-27,30358.9347235535,2.58416695,565048354264.0007,26943554.56715373,18612258.94153713
2021-01-28,33511.287595149,2.83537151,623751131789.6173,30369604.38310378,18613165.19153713
2021-01-29,34166.1494259497,2.87127647,635972641065.8976,32457841.954652213,18614115.19153712
2021-01-30,34349.9170952659,2.878188037248,639422511060.5605,29197429.53097601,18614965.19153712
2021-01-31,33157.8325745178,2.77012967,617261741250.7816,29842049.31706602,18615865.19153712
2021-02-01,33570.2718468732,2.798474060738,624964623033.4149,24967889.686111946,18616608.94150982
2021-02-02,35596.1489094097,2.95247741,662713622887.4319,34038817.394623026,18617565.19150436
2021-02-03,37578.3732068966,3.10161426,699653042694.9592,35229724.88146556,18618502.69150435
2021-02-04,37129.2029376972,3.046232040351,691327294031.8641,37129202.9376972,18619502.69150435
2021-02-05,38045.4136084161,3.09428668,708426864829.8851,40185468.12388951,18620558.89630735
2021-02-06,39341.727081239,3.18428793,732604037089.1453,39095841.286981255,18621552.52046635
2021-02-07,39003.0121817651,3.141200247585,726334667736.0048,38027936.877220966,18622527.52046635
2021-02-08,46121.9340724722,3.65741696,858953685019.9965,46698458.2483781,18623540.02046635
2021-02-09,46548.1619912332,3.61855022,866933160142.6617,41602419.77966467,18624433.77046635
2021-02-10,45078.128350263,3.46683384,839594904533.2678,40288577.21304756,18625327.52046635
2021-02-11,47892.8409181765,3.64585169,892058461589.6199,38613602.9902798,18626133.77046635
2021-02-12,47525.2091431911,3.57975153,885253081022.2079,42178623.1145821,18627021.25844379
2021-02-13,47208.6250270602,3.54773666,879402263106.5962,46323463.30780282,18627999.91744133
2021-02-14,48829.8275096435,3.65475277,909647017116.4132,45167590.44642024,18628921.36853781
2021-02-15,48110.2417334892,3.56148121,896287524856.9435,45704729.64681474,18629869.49477421
2021-02-16,49140.3826578024,3.6125173,915516034419.288,37162414.384963065,18630624.85277421
2021-02-17,52224.9391139684,3.79432537,973028220227.9847,45044009.98579776,18631485.96697421
2021-02-18,51650.0699485681,3.70969063,962361657680.0498,44225372.39346144,18632339.87172421
2021-02-19,55820.5044038574,3.90986635,1040119985987.2584,53378357.33618864,18633296.08170618
2021-02-20,55861.8205670953,3.87796973,1040940814716.2908,50973911.26747447,18634208.55512618
2021-02-21,57500.7161102864,3.95810037,1071530978098.8726,50672506.07218989,18635089.27512617
2021-02-22,53952.1533386324,3.68695731,1005448041778.174,44847727.46273818,18635920.52512617
2021-02-23,48560.4890350672,3.28933195,905007959206.9448,38544888.17158459,18636714.27512617
2021-02-24,49567.3456890707,3.32994398,923821685553.8048,49257549.778514005,18637707.40012617
2021-02-25,47568.131170076,3.17682646,886607289246.5886,46378927.8908241,18638682.40012617
2021-02-26,46231.7675784921,3.06572143,861739395614.1508,40163848.08381501,18639551.13009887
2021-02-27,45834.5133611923,3.04478896,854379730435.3794,44975116.23566993,18640532.38009887
2021-02-28,45359.4641642314,3.00886446,845561698558.5696,37138061.284464456,18641351.13009877
2021-03-01,49634.4471092928,3.269931,925293484700.9192,40327988.2763004,18642163.63009877
2021-03-02,48304.7054879018,3.17061495,900547396139.7251,43172330.52981223,18643057.38009877
2021-03-03,50690.4671835184,3.3135168,945073444270.1716,48155943.82434248,18644007.38009877
2021-03-04,48472.7954751607,3.161905493951,903765934807.9712,38778236.38012856,18644807.38007147
2021-03-05,48800.8173594389,3.17106851,909927285417.9524,45445761.16597748,18645738.63007147
2021-03-06,48970.5244868498,3.175929809802,913138122157.5786,46521998.26250731,18646688.63007147
2021-03-07,51086.4681794272,3.30549961,952640081754.0468,46616402.21372732,18647601.13007147
2021-03-08,52088.475131502,3.35002291,971375568436.1802,50460710.28364256,18648569.88007147
2021-03-09,54739.1352542373,3.49855563203,1020854485706.3766,47896743.34745764,18649444.88006601
2021-03-10,56116.040912332,3.56293331,1046585269945.1644,52258063.09960917,18650376.13006601
2021-03-11,57847.2549357101,3.63177042,1078920786628.1328,47723985.32196083,18651201.13006601
2021-03-12,57334.641534775,3.570586382096,1069413682211.764,53751226.43885156,18652138.63006601
2021-03-13,61288.7941276447,3.78957634,1143221861398.156,54776859.75158245,18653032.38006601
2021-03-14,59905.6184704851,3.68484058,1117480223465.9624,58782388.1241635,18654013.630066
2021-03-15,56121.121924021,3.43735753,1046936085343.0632,51912037.77971944,18654938.630066
2021-03-16,56500.4460257159,3.44231318,1054064969221.1396,52616040.36144793,18655869.88006054
2021-03-17,58683.0659824664,3.55383882,1094833523737.9852,49880606.08509644,18656719.88006054
2021-03-18,57731.4798410871,3.48651656,1077134892562.373,54844905.849032745,18657669.88006054
2021-03-19,58168.1219222677,3.50341884,1085335421881.5612,53805512.778097615,18658594.88006054
2021-03-20,58247.8847066043,3.49731896,1086879746950.0336,56063589.03010664,18659557.38006054
2021-03-21,57447.9330198714,3.440164039174,1072009014284.5457,56011734.69437461,18660532.38005508
2021-03-22,54453.1373508475,3.25092326,1016175922879.4512,51390148.37486233,18661476.13005508
2021-03-23,54563.6119458211,3.23614304,1018292446531.0492,54904634.52048248,18662482.38005508
2021-03-24,52595.4113237873,3.11041886,981610902742.6876,49965640.75759794,18663432.38005508
2021-03-25,51547.1248953828,3.03612207,962095893978.6096,49614107.71180595,18664394.88004862
2021-03-26,54817.8571122151,3.20883079,1023188726799.0096,46595178.54538284,18665244.88004862
2021-03-27,56019.8373055523,3.26897077,1045679651161.9392,55669713.3223926,18666238.63004862
2021-03-28,55713.0381396844,3.24472988,1040008229552.0004,55364831.65131137,18667232.38004862
2021-03-29,57571.2333477498,3.33795673,1074749924159.922,54332851.47193887,18668176.13004862
2021-03-30,58684.5483921683,3.38330063,1095587035147.4468,53549650.407853566,18669088.63004316
2021-03-31,58792.1948275862,3.375535019449,1097654385790.0288,57689841.17456896,18670069.87932678
2021-04-01,58818.9770985973,3.35598363,1098207717359.3289,53304697.9956038,18670976.12932678
2021-04-02,59031.5340192285,3.35413045,1102228015142.824,51652592.26682494,18671851.12932678
2021-04-03,57282.3896247808,3.25187507,1069615151362.5052,46899956.50528928,18672669.87932678
2021-04-04,58202.199391993,3.298301283114,1086843565004.3844,53109506.94519361,18673582.37932678
2021-04-05,58755.8525295149,3.32023402,1097239539433.6884,57286956.21627703,18674557.37932678
2021-04-06,58084.0664231444,3.22914317,1084746506903.4188,52275659.78082996,18675457.37932678
2021-04-07,56266.8346762127,3.12214094,1050864084696.7625,55211831.526033714,18676438.62932678
2021-04-08,57963.3445994155,3.2057806,1082597392462.6052,48544301.10201048,18677276.12932678
2021-04-09,58051.7625563998,3.203576140634,1084303948234.4208,55149174.42857981,18678226.12932678
2021-04-10,59651.5589877265,3.27565104,1114243840831.5618,58533092.25670663,18679207.37932132
2021-04-11,59932.9306469901,3.28353702,1119553954624.0093,54314218.39883477,18680113.62932132
2021-04-12,59905.9363744594,3.26759859,1119103609635.15,53915342.73701346,18681013.55832031
2021-04-13,63445.638314436,3.43453079,1185285134032.0027,56308004.00406195,18681901.00252031
2021-04-14,62869.4955873758,3.37622405,1174574736641.0183,53046136.90184833,18682744.71851931
2021-04-15,63231.162987142,3.37419883,1181399636375.8345,67973500.21117765,18683819.50551931
2021-04-16,61571.1100905903,3.27664917,1150423144089.1687,39636402.12081751,18684463.25551931
2021-04-17,60280.8761758036,3.19962738,1126350100665.6367,34284748.3249883,18685032.00551931
2021-04-18,56389.5579812975,2.959841879616,1053684397565.066,43701907.43550556,18685807.00551931
2021-04-19,55798.1370771479,2.92575459,1042667048311.7,33827620.603020914,18686413.25551931
2021-04-20,56474.3737586207,2.95532944,1055348665899.2488,45179499.00689656,18687213.25551931
2021-04-21,54025.7995745178,2.82653587,1009625741734.94,34103785.98141436,18687844.50551931
2021-04-22,51882.0598106371,2.70960708,969610235958.1946,46369590.9557569,18688738.25551931
2021-04-23,50954.9100607832,2.65915763,952325970164.5905,42993205.36378583,18689582.00551385
2021-04-24,50279.9484464056,2.61911452,939756772128.2932,45566203.27955508,18690487.98110839
2021-04-25,48946.9407428404,2.54988868,914885342157.6128,43134491.5296281,18691369.23110839
2021-04-26,53943.3499783752,2.79947785,1008313501251.2382,38434636.85959233,18692081.63110839
2021-04-27,55027.0309848042,2.84255929,1028618591575.4896,48836489.99901373,18692969.13110839
2021-04-28,54787.3787071888,2.82520447,1024187402746.428,48623798.60263006,18693856.63110839
2021-04-29,53567.0811938048,2.75289848,1001416180883.3396,40844899.41027616,18694619.13110839
2021-04-30,57741.44441654,2.9509244,1079506639631.2823,52328184.00248937,18695525.38110838
2021-05-01,57863.5903927528,2.95232813,1081840491823.9226,50268994.153704,18696394.13110838
2021-05-02,56572.5968410286,2.88247785,1057768979625.265,65412065.09743932,18697550.38110838
2021-05-03,57243.0416054939,2.90918692,1070367974740.327,63325114.77607762,18698656.54793575
2021-05-04,53724.10892519,2.72676307,1004629436534.239,60775398.22162119,18699787.79793575
2021-05-05,57342.0256616014,2.90068009,1072339978638.4128,56266862.68044637,18700769.04793575
2021-05-06,56527.3529789597,2.845644398322,1057165033263.2084,60060312.54014468,18701831.54793575
2021-05-07,57341.0684549386,2.86911512,1072444644671.5032,61641648.589059,18702906.54793575
2021-05-08,58736.1258950906,2.93389162,1098599047838.2188,62774234.55037808,18703975.29793575
2021-05-09,58288.4256303916,2.90472472,1090293033441.2048,67760294.79533024,18705137.79793575
2021-05-10,55902.9277399182,2.78208874,1045734857476.9222,62890793.70740797,18706262.79793575
2021-05-11,56612.1026487434,2.81280636,1059061727701.456,60858010.34739916,18707337.79793575
2021-05-12,50972.355081239,2.528710162627,953611860142.777,54795281.71233193,18708412.79793575
2021-05-13,49368.6144739918,2.4489477,923658096009.8988,49677168.31445425,18709419.04793575
2021-05-14,49997.3959011105,2.47934018,935464104038.4888,41872819.06718004,18710256.54793575
2021-05-15,47047.9633331385,2.33381396,880315632142.708,36168121.81235022,18711025.29793575
2021-05-16,46022.5037090006,2.2838578,861166199739.012,37968565.5599255,18711850.29793575
2021-05-17,43492.3954833431,2.16428882,813856084507.0173,32891124.08427821,18712606.54793575
2021-05-18,42789.8093921683,2.13179763,800735611047.6814,26743630.87010519,18713231.54793575
2021-05-19,37642.5200017534,1.88892076,704442601059.3656,29408218.751369845,18714012.79793575
2021-05-20,40799.4021475745,2.05205637,763549093519.3398,28559581.50330215,18714712.79793575
2021-05-21,37174.3311014027,1.87448768,695732487370.7543,25557352.63221436,18715400.29793575
2021-05-22,37643.4197983635,1.90162942,704538961588.9666,27291479.353813536,18716125.29793575
2021-05-23,34774.207221917,1.75890282,650864282818.4021,25863316.621300768,18716869.04793575
2021-05-24,38630.4091186441,1.94867935,723070720338.2714,30421447.180932228,18717656.29293575
2021-05-25,38269.7710747516,1.93329011,716349841273.0485,29419886.51371529,18718425.04293575
2021-05-26,39194.8588980129,1.97886373,733695914430.8075,29886079.90973484,18719187.54293575
2021-05-27,38510.8570417884,1.94636165,720920116468.6366,28161064.21180777,18719918.79293575
2021-05-28,35596.7179510228,1.80279078,666394144397.1613,26475058.97607321,18720662.54293575
2021-05-29,34681.8183670368,1.75819515,649291762343.003,25144318.31610168,18721387.54293575
2021-05-30,35652.1687703098,1.80573948,667490155247.014,32086951.89327882,18722287.54293575
2021-05-31,37312.9748970193,1.88939041,698617127163.4668,32882059.12799825,18723168.79293575
2021-06-01,36661.3781184687,1.85490761,686449707666.8109,32536973.080140967,18724056.29293575
2021-06-02,37639.4556732905,1.905098964141,704802337797.4121,39050935.261038885,18725093.79293575
2021-06-03,39160.1504132086,1.9791401,733313467820.9949,35978388.1921354,18726012.54293575
2021-06-04,36884.3735551724,1.866853639007,690727440913.3344,30199080.8482974,18726831.29293575
2021-06-05,35409.5672366452,1.79378368,663137983379.5408,28991583.175003257,18727650.0429314
2021-06-06,35720.6043546464,1.81038933,668996465742.4116,33488066.582481,18728587.5429314
2021-06-07,33724.9077517826,1.71255578,631647921036.1149,28033829.56866929,18729418.7929314
2021-06-08,33475.0489234366,1.7042113,626999384040.2214,31173639.309950333,18730350.0429314
2021-06-09,37372.9888953828,1.89766024,700038595389.8632,29431228.75511396,18731137.5429314
2021-06-10,36826.0022185856,1.87120729,689820071889.26,27159176.63620688,18731875.0429314
2021-06-11,37185.3931268264,1.88860664,696576540388.2317,24402914.239479825,18732531.2929314
2021-06-12,35669.1712817066,1.81254069,668203294293.8063,29427066.307407945,18733356.2929314
2021-06-13,38925.4194289889,1.976225,729235864486.0723,32113471.02891584,18734181.2929314
2021-06-14,40455.5959833431,2.04984505,757936603874.6478,34134409.11094574,18735025.0429314
2021-06-15,40254.6514679135,2.03798688,754204861841.724,32958495.889354177,18735843.7929314
2021-06-16,38265.5437726476,1.937890111061,716966667412.6796,29416636.77522284,18736612.5429314
2021-06-17,38018.6432346581,1.927486814795,712371477843.3572,30890147.628159706,18737425.0429314
2021-06-18,35714.3120787259,1.812458657444,669221924126.8472,27678591.861012567,18738200.0429314
2021-06-19,35555.9763966686,1.805038478086,666277887602.3289,22889159.805355407,18738843.7929314
2021-06-20,35599.9418784337,1.807459745287,667125112359.2637,23362461.857722115,18739500.0429314
2021-06-21,31715.1598624196,1.615498500377,594347052677.048,20813073.659712862,18740156.2929314
2021-06-22,32394.5555949737,1.651499802307,607097459293.3572,18424403.49464129,18740725.0429314
2021-06-23,33610.4968129749,1.713698226674,629906295954.398,21216626.113190405,18741356.2929314
2021-06-24,34658.972875979,1.766672167447,649578904366.7177,22744950.949861217,18742012.5429314
2021-06-25,31683.5032004676,1.630917169218,593834396795.6212,21782408.45032148,18742700.0429314
2021-06-26,31890.6764465225,1.643033945428,597735121992.122,17739188.77337814,18743256.2929314
2021-06-27,34506.4911975453,1.776255857109,646776516888.432,12508603.059110172,18743618.7929314
2021-06-28,34376.188538983,1.769776037417,644353080432.3312,18906903.69644065,18744168.7929314
2021-06-29,35933.7782178843,1.849675862855,673569017034.0326,20212750.24755992,18744731.2929314
2021-06-30,35065.4661533606,1.805586334557,657312026712.5096,19286006.38434833,18745281.2929314
2021-07-01,33505.0804935126,1.727368166727,628082261641.4985,20103048.29610756,18745881.2929314
2021-07-02,33782.9459464641,1.746141242195,633310097345.0289,19002907.094886057,18746443.7929314
2021-07-03,34588.2242916423,1.787452030946,648433656983.6084,27454403.031491075,18747237.5429314
2021-07-04,35355.6078883694,1.8265447061,662845391401.17,25411843.169765502,18747956.2929314
2021-07-05,33911.7538404442,1.752492211228,635804056014.2148,27977196.918366466,18748781.2929314
2021-07-06,34123.9815680888,1.763785729615,639813352297.7609,30285033.64167881,18749668.7929314
2021-07-07,33931.6186382233,1.753796589122,636232696006.573,26084931.82813416,18750437.5429314
2021-07-08,32819.6595312098,1.697989573018,615411488299.4403,28512079.21773852,18751306.2929314
2021-07-09,33914.8810742256,1.754049012631,635976090720.0261,27767808.87952221,18752125.0429314
2021-07-10,33610.9458386908,1.738516988105,630310480192.5748,33821014.250182614,18753131.2929314
2021-07-11,34258.4413898305,1.771750243299,642479813682.0225,26764407.33580508,18753912.5429314
2021-07-12,33135.2359117475,1.713116506244,621441410376.5197,26093998.28050116,18754700.04292919
2021-07-13,32641.9759610169,1.688811469688,612218213636.9441,27745679.566864364,18755550.04292919
2021-07-14,32798.2845189947,1.697934967437,615184714795.5363,34848177.301431865,18756612.54292919
2021-07-15,31707.6900368206,1.643649164372,594754222803.969,25366152.02945648,18757412.54292917
2021-07-16,31455.7175818819,1.63221452573,590057361252.4622,29489735.23301428,18758350.04292917
2021-07-17,31547.9511990064,1.630400402935,591815707709.5931,28195981.38411197,18759243.79292917
2021-07-18,31707.7038527177,1.639258220118,594841083620.5983,28536933.46744593,18760143.79292917
2021-07-19,30883.4697462303,1.597725750094,579411146950.4635,32813686.60536969,18761206.29292917
2021-07-20,29766.6577182934,1.540648215719,558481103180.4249,22697076.51019872,18761968.79292917
2021-07-21,32119.6572258328,1.661721371109,602657114950.0177,29108439.36091097,18762875.04292917
2021-07-22,32306.9614285798,1.670492594499,606202373832.8649,30893531.866079435,18763831.29292371
2021-07-23,33439.5957028638,1.732406654257,627483146930.4396,28214658.874291327,18764675.04290733
2021-07-24,34166.914654588,1.769606297066,641163936367.4471,32885655.35504095,18765637.54290733
2021-07-25,35119.9374360023,1.81848487747,659081599893.7745,33583440.1731772,18766593.79290733
2021-07-26,37444.7825102279,1.93010945385,702746127516.1979,35104483.60333866,18767531.29289095
2021-07-27,39126.5402881356,2.001791162085,734350141187.4904,41571949.05614408,18768593.79284727
2021-07-28,39939.1940432495,2.033833059073,749641699745.6101,39190334.15493857,18769575.04284727
2021-07-29,40086.1643950906,2.017407304464,752440356957.7415,40086164.3950906,18770575.04284181
2021-07-30,41789.6670981882,2.099162197424,784459439060.8488,43356779.61437026,18771612.54282543
2021-07-31,41793.3137481005,2.098153113059,784569163457.408,41270897.32624924,18772600.04282543
2021-08-01,39968.9689544126,2.006838470091,750359938437.9124,38470132.61862213,18773562.54282542
2021-08-02,39304.1862835769,1.972933571383,737914727506.0829,35128116.49094685,18774456.29282542
2021-08-03,38288.8253975453,1.922865034712,718892321501.2462,40442571.82615722,18775512.5428145
2021-08-04,39773.9113489188,1.995697932518,746809379233.0635,33807824.64658098,18776362.5428145
2021-08-05,40941.650434249,2.052274774394,768776213304.4015,40941650.434249,18777362.54279812
2021-08-06,42790.3573284629,2.140827816615,803532575810.0215,42522917.59516001,18778356.29279812
2021-08-07,44484.9005862069,2.222890074166,835399743972.4839,46431114.98685345,18779400.04279812
2021-08-08,43972.3010181181,2.195821362505,825816854268.8342,43422647.25539161,18780387.54279812
2021-08-09,46265.6424564582,2.303684409546,868930647608.3951,43952360.33363529,18781337.54278174
2021-08-10,45488.7912624196,2.261488524708,854387253428.6327,46910315.989370205,18782368.79278174
2021-08-11,45676.3263611923,2.268172978331,857951571939.967,41965124.84434544,18783287.54277628
2021-08-12,44405.7483483343,2.20343699514,834127847703.9298,41907925.0037405,18784231.29277628
2021-08-13,47717.4853559322,2.362590119037,896378630903.7489,42349268.25338984,18785118.79277628
2021-08-14,47124.2050736411,2.327809478249,885282092633.6992,48302310.20048213,18786143.79277628
2021-08-15,47074.370710111,2.323985756424,884399444211.284,53547096.68275126,18787281.29277628
2021-08-16,45984.7199070719,2.268193061802,863974140187.8444,46272124.40649109,18788287.54277082
2021-08-17,44714.0967982466,2.204708913004,840149375514.8033,48067654.058115095,18789362.54277082
2021-08-18,44954.3637469316,2.213680687968,844701768564.8572,37930244.411473535,18790206.29276536
2021-08-19,46646.8615049679,2.293129661764,876549048192.0912,44897604.1985316,18791168.79275444
2021-08-20,49240.8356049094,2.414499299985,925342094183.73,49240835.6049094,18792168.79275444
2021-08-21,49070.2409701929,2.403261370099,922188388144.0304,52137131.03082996,18793231.29275444
2021-08-22,49363.3160952659,2.414996575605,927746814154.6776,50597398.997647546,18794256.29275444
2021-08-23,49590.8763676213,2.420040085444,932084698996.0748,61058766.52763373,18795487.54263694
2021-08-24,47925.8622127411,2.33794635096,900836074831.828,46128642.379763305,18796450.04263148
2021-08-25,49002.3166049094,2.379019545564,921118598353.728,49002316.6049094,18797450.04262602
2021-08-26,47190.3449929866,2.287786761638,887101213688.728,43061189.80610027,18798362.54260418
2021-08-27,49048.4755891292,2.375147501066,922075783019.9612,44756733.9750804,18799275.04259326
2021-08-28,48852.4687995324,2.363961726236,918434048710.2448,43051238.129587926,18800156.29259326
2021-08-29,48948.3479579193,2.367277866365,920284316512.38,47724639.25897132,18801131.29259326
2021-08-30,47125.7685189947,2.277961082403,886057523557.1654,39762367.18790177,18801975.04259326
2021-08-31,47219.2443424898,2.280110865221,887857550977.5144,42497319.90824082,18802875.04259326
2021-09-01,48688.5375572764,2.346384601556,915526177256.0946,41689560.28341792,18803731.2925878
2021-09-02,49369.5862746932,2.375035051723,928378409762.7802,45975427.21830804,18804662.5425878
2021-09-03,49860.5341635301,2.395390356338,937656640132.1827,46120994.10126534,18805587.54258234
2021-09-04,49919.577563647,2.395772281636,938815345552.6576,48359590.76478303,18806556.29258234
2021-09-05,51747.6438565167,2.480946695916,973248018531.0367,53041334.952929616,18807581.29258234
2021-09-06,52640.5883740503,2.51931377876,990098733766.818,56588632.50210408,18808656.29258234
2021-09-07,46854.4006028638,2.245742480847,881313121254.8044,44804520.5764885,18809612.54258234
2021-09-08,46187.9757306254,2.213572688033,868818919447.7211,40991828.46093004,18810500.04258234
2021-09-09,46448.7748290473,2.222094260363,873764452663.139,39771763.44737175,18811356.29258234
2021-09-10,44765.2755762712,2.142454311237,842133598885.1117,38050484.23983052,18812206.29258234
2021-09-11,45098.5916447691,2.157808262825,848445725719.5256,41716197.27141142,18813131.29249204
2021-09-12,46180.6124563998,2.208217016174,868844353747.6371,42428437.69431732,18814050.04249204
2021-09-13,44991.5221277031,2.151863481078,846517459123.6083,44710325.11440496,18815043.79249204
2021-09-14,47022.6177597896,2.245175277381,884781986136.4463,49373748.64777908,18816093.79248658
2021-09-15,48167.1893676213,2.293761212961,906361101242.1884,42748380.5637639,18816981.29248658
2021-09-16,47797.3283237873,2.273981867172,899442060628.6199,40627729.07521921,18817831.29248658
2021-09-17,47213.7941294565,2.244949537952,888504590279.6621,43377673.35643816,18818750.04248658
2021-09-18,48204.0136519579,2.290426705637,907185981599.0316,46697638.22533422,18819718.79248658
2021-09-19,47218.4739964933,2.242941684172,888685620898.3403,47218473.9964933,18820718.79248658
2021-09-20,42855.5103448276,2.040586287582,806615435806.1354,43926898.10344829,18821743.79247566
2021-09-21,40526.4893760958,1.933233183973,762810354584.0697,31154738.707873646,18822512.54247566
2021-09-22,43577.5724821742,2.075944471859,820275900833.3198,36496216.95382089,18823350.04247566
2021-09-23,44861.2980329047,2.135308888042,844486179446.7863,46263213.59643297,18824381.29247566
2021-09-24,42803.307701052,2.038939778388,805785377803.3861,39593059.6234731,18825306.29247566
2021-09-25,42735.2658240795,2.035666539997,804542930367.9054,38461739.24167155,18826206.29247566
2021-09-26,43131.2941773816,2.040529522117,812036112156.6569,37470311.81660026,18827075.04247566
2021-09-27,42496.7852250146,2.010425564687,800131333256.0073,41168760.68673289,18828043.79247566
2021-09-28,41223.7862743425,1.951689041262,776202415861.9299,39162596.96062537,18828993.79247546
2021-09-29,41453.9470131502,1.962665363543,780569792316.1598,33681331.948184535,18829806.29247546
2021-09-30,43781.546015488,2.069864321133,824444822183.8048,46791527.3040528,18830875.04247
2021-10-01,48078.1315543542,2.26565626698,905395355940.3254,42068365.11005992,18831750.04246454
2021-10-02,47792.4391943308,2.248711046277,900071424943.3763,56156116.05333869,18832925.04246454
2021-10-03,48202.6229177089,2.266397740964,907841574218.3804,45189958.98535209,18833862.54246454
2021-10-04,49288.5013106371,2.31284262096,928340914897.4004,48056288.77787117,18834837.54246454
2021-10-05,51558.0493319112,2.411845063946,971140330173.485,52847000.56520898,18835862.54246454
2021-10-06,55419.800411163,2.572944325306,1043925117637.0728,45374961.5866397,18836681.29246454
2021-10-07,53805.1569125658,2.490026710036,1013558008447.5764,47415794.52919861,18837562.54246454
2021-10-08,53933.5275908825,2.492000787508,1016016649274.3846,40450145.69316188,18838312.54245908
2021-10-09,55010.9224751607,2.538238578635,1036364523575.8844,51572739.82046316,18839250.04245908
2021-10-10,54701.2797022209,2.520123658863,1030585445349.3352,54359396.70408202,18840243.79245908
2021-10-11,57289.1864570426,2.631558646637,1079394515904.9696,52276382.64205137,18841156.29245908
2021-10-12,56196.1812597896,2.574418652958,1058848098456.308,47064301.80507379,18841993.79244924
2021-10-13,57348.8928769725,2.620098281333,1080628058359.8536,60574768.1013022,18843050.04244924
2021-10-14,57384.0369146698,2.613922367304,1081339414302.1724,49135081.608186014,18843906.29244378
2021-10-15,61446.0840073057,2.783786506255,1157938398432.8284,54149361.53143815,18844787.54244378
2021-10-16,60932.0632119228,2.755061819188,1148302435528.9846,50649777.544910826,18845618.79244378
2021-10-17,61462.2223722969,2.775039217832,1158355075187.089,61462222.3722969,18846618.79244378
2021-10-18,61977.0575514319,2.778276503838,1168115306326.819,57328778.235074505,18847543.79243407
2021-10-19,64290.8977574518,2.86843851115,1211787792745.6765,62281807.20253144,18848512.54243407
2021-10-20,66061.7965639977,2.928317326688,1245228121159.928,61520048.05022286,18849443.79242861
2021-10-21,62373.8856206897,2.756592260011,1175770746966.7607,57695844.19913797,18850368.79242861
2021-10-22,60750.9673718293,2.683021944048,1145238131036.059,59991580.27968143,18851356.29242861
2021-10-23,61250.082628872,2.702488997272,1154702638464.941,55507887.38241525,18852262.54242861
2021-10-24,60865.4470523086,2.679080716831,1147509590176.153,58202583.74377009,18853218.79242861
2021-10-25,63031.6729015196,2.761945352578,1188421618593.068,71698527.92547855,18854356.29242861
2021-10-26,60393.9802738165,2.643400963823,1138746241356.948,56619356.50670297,18855293.79242861
2021-10-27,58563.3359899766,2.563731148388,1104286370829.1567,57465273.440164536,18856275.04242861
2021-10-28,60564.5721122151,2.64447556709,1142080144447.0117,57914872.082305685,18857231.29242861
2021-10-29,62230.8055689655,2.709231626512,1173567203301.5886,66509173.45183188,18858300.04242861
2021-10-30,61742.9165321449,2.6854484387,1164426258908.2048,59813450.390515365,18859268.79242861
2021-10-31,61432.9700628287,2.660031269082,1158634265024.8484,53369892.74208243,18860137.54242861
2021-11-01,61092.0950592051,2.639313472843,1152261825759.6611,56510187.92976472,18861062.54242861
2021-11-02,63024.7472296902,2.705646798155,1188775936157.8303,62236937.88931907,18862050.04242861
2021-11-03,62955.9817630041,2.692667749587,1187542227940.6553,63349456.64902288,18863056.29242861
2021-11-04,61393.8899780246,2.624435938698,1158131273454.4736,54870789.16785949,18863950.04240677
2021-11-05,61005.840833723,2.601770640962,1150870233190.3442,59099408.30766916,18864918.79240131
2021-11-06,61455.0536268849,2.617491647791,1159403746542.6316,59150489.11587672,18865881.29239585
2021-11-07,63043.8290590298,2.682304638596,1189437680906.6013,60285661.53769725,18866837.54238493
2021-11-08,67541.7555081824,2.854649564891,1274356316854.726,56988356.2100289,18867681.29235763
2021-11-09,67095.5856706605,2.82534877502,1266001867364.4868,63740806.38712748,18868631.29235763
2021-11-10,64756.0779689071,2.721054645529,1221918863231.726,60304097.60854474,18869562.54235217
2021-11-11,64962.9312939801,2.723236415073,1225886245880.2876,64150894.65280535,18870550.04234217
2021-11-12,64078.968037405,2.650242500833,1209262243095.629,56870084.133196935,18871437.54234217
2021-11-13,64397.7912063121,2.661045965713,1215340475002.5515,61580387.84103595,18872393.79234217
2021-11-14,65032.2256548217,2.684880108371,1227377584620.3755,63812871.42379379,18873375.04232217
2021-11-15,63753.5031592636,2.626068388319,1203303942753.5193,60167368.60655502,18874318.79229487
2021-11-16,60322.4978530099,2.481173720882,1138602607166.9688,56552341.73719678,18875256.29229487
2021-11-17,60154.3083661601,2.470657927214,1135484006196.6753,56018699.66598659,18876187.54229487
2021-11-18,56794.1556271186,2.337640428663,1072108247663.8364,51114740.06440674,18877087.54229487
2021-11-19,58014.0729888954,2.386216999692,1095186409046.4594,49674549.99674169,18877943.79229487
2021-11-20,59749.4738229106,2.455017801074,1128001356408.752,54147960.65201273,18878850.04229487
2021-11-21,59032.6241017534,2.424879879847,1114516759935.048,48701914.88394656,18879675.04229487
2021-11-22,56383.5658760958,2.319018826324,1064553089483.9427,49688017.42830943,18880556.29229487
2021-11-23,57642.2657980713,2.368765838495,1088365599085.1918,47554869.28340881,18881381.29229487
2021-11-24,57141.8303784337,2.346842971087,1078972757535.9036,56070421.05883807,18882362.54229487
2021-11-25,59008.6554792519,2.404923210419,1114270770425.186,47944532.57689217,18883175.04229487
2021-11-26,53800.6178389831,2.198435955413,1015970869546.8468,44385509.71716106,18884000.04229487
2021-11-27,54635.8824628872,2.23272965194,1031792837559.9304,48830819.95120544,18884893.79229487
2021-11-28,57248.5696963764,2.336711996385,1081182893171.7826,49734694.923727,18885762.54229487
2021-11-29,57920.7107299825,2.35943908323,1093928555762.2988,51766635.214921854,18886656.29228941
2021-11-30,57097.0127942724,2.324578694477,1078419474710.0887,47818748.215203136,18887493.79228941
2021-12-01,57180.6098439509,2.324286205718,1080047374364.124,48960897.17888296,18888350.04228941
2021-12-02,56582.8937691408,2.300196624281,1068812318595.5466,54814678.33885515,18889318.79228941
2021-12-03,53671.6160680888,2.184991514137,1013876621204.3636,56355196.87149324,18890368.79228941
2021-12-04,49159.7357983635,2.009166960477,928693162456.653,47623494.05466464,18891337.54228941
2021-12-05,49327.0935999416,2.016818310956,931905952036.2104,51176859.60993941,18892375.04228941
2021-12-06,50535.4252232612,2.067537537544,954788531821.5376,54325582.11500579,18893450.04228941
2021-12-07,50574.4728344828,2.064377234197,955574953843.2509,48677930.1031897,18894412.54228395
2021-12-08,50500.6543513735,2.06171865801,954233222626.9064,53025687.068942174,18895462.54168395
2021-12-09,47937.8228458212,1.960546627964,905856172565.3256,48836657.024180345,18896481.29158394
2021-12-10,47437.2289725307,1.941373722658,896442961101.7401,46251298.24821743,18897456.29157302
2021-12-11,49321.7693252484,2.016910635367,932102527466.7292,46547419.800703175,18898400.04157302
2021-12-12,50136.5722568673,2.049751176277,947544868724.2344,43869500.724758886,18899275.04157302
2021-12-13,46785.3278410286,1.915299897932,884250008347.6675,41229570.15990645,18900156.29156756
2021-12-14,48292.6822501461,1.974877505476,912783912997.8531,44670731.081385136,18901081.29156756
2021-12-15,48830.6223860316,1.995926977652,922994595222.1996,43031985.97769035,18901962.54156756
2021-12-16,47663.4691077148,1.94871973203,900967365793.609,34258118.42117001,18902681.29156756
2021-12-17,46334.4837489772,1.896526938461,875889128104.2239,43148987.99123502,18903612.54156756
2021-12-18,46904.8736753361,1.919525855516,886709082168.6658,37523898.94026888,18904412.54156756
2021-12-19,46876.426924021,1.918249189772,886214966718.6547,43653672.57299456,18905343.7915621
2021-12-20,46954.7634783168,1.922187343668,887738205495.6809,42259287.13048512,18906243.79155118
2021-12-21,49082.0624666277,2.007205377658,928006827611.5642,49388825.35704412,18907250.04155118
2021-12-22,48692.0987391584,1.990870317874,920678726099.7028,45040191.33372152,18908175.0415348
2021-12-23,50712.9707682642,2.070150565572,958937905483.9762,48177322.22985099,18909125.04151842
2021-12-24,50783.8344210988,2.071634649338,960325802399.2275,47927243.73491199,18910068.79150204
2021-12-25,50590.4508976622,2.064057745187,956715386644.6604,46479976.76222714,18910987.54150204
2021-12-26,50798.3065859147,2.071542317446,960688686557.3997,42543581.76570356,18911825.04150204
2021-12-27,50796.3776735827,2.070718360007,960699193954.2043,46986649.348064,18912750.04150204
2021-12-28,47673.0440452367,1.945824586517,901668291917.6448,39926174.38788573,18913587.54146382
2021-12-29,46470.3215751023,1.898459995686,878962608918.0773,42113728.927436456,18914493.79143106
2021-12-30,47102.4630037989,1.923609297095,890954276503.3245,35032456.859075435,18915237.54143106
2021-12-31,46355.1173302747,1.893385603418,876861223766.0674,43168203.01381832,18916168.79143106
2022-01-01,47560.0093816482,1.941966039424,899704292195.3873,51127010.08527181,18917243.79143106
2022-01-02,47352.5577565751,1.933497096507,895826639879.7357,46760650.78461791,18918231.29143106
2022-01-03,46453.432351841,1.897502355497,878857424265.7749,40646753.30786088,18919106.29142014
2022-01-04,45905.9611221508,1.876886228678,868541933980.8007,42176101.78097605,18920025.04140376
2022-01-05,43530.9440388662,1.782277170897,823647361549.9047,40810260.03643706,18920962.541371
2022-01-06,43144.9652928112,1.768057798633,816383641933.4489,39369780.82969022,18921875.04133824
2022-01-07,41512.7845808299,1.704571291459,785536046142.0577,36323686.50822616,18922750.0413164
2022-01-08,41799.8128848627,1.71699299406,791005030825.6498,37619831.59637643,18923650.0413164
2022-01-09,41886.4985569842,1.72082066082,792682352625.3267,36912476.85334232,18924531.2913164
2022-01-10,41816.9510561075,1.718638590786,791403311312.3584,37112544.06229541,18925418.79130548
2022-01-11,42768.1786116306,1.758039861455,809447924741.6742,42233576.37898522,18926406.29127818
2022-01-12,43961.0265441262,1.805597050184,832062440495.9272,38191141.81020964,18927275.04123996
2022-01-13,42626.8653924605,1.752041588022,806858094234.2053,47688805.65781518,18928393.79122904
2022-01-14,43102.6476180596,1.771675205411,815906720814.3414,42833256.07044673,18929387.5412072
2022-01-15,43206.6744812975,1.775752274618,817920712548.0422,44826924.77434616,18930425.0412072
2022-01-16,43168.8596671537,1.774015355513,817252077983.4711,47215940.26094936,18931518.79120174
2022-01-17,42211.270399474,1.73630676024,799165933857.8269,42475090.83947072,18932525.04117444
2022-01-18,42431.2319670368,1.745911520714,803366428290.746,36066547.17198128,18933375.04116898
2022-01-19,41787.722012858,1.721981468557,791227795959.0669,45182974.42640271,18934456.29114714
2022-01-20,40756.1261630625,1.681574639726,771738138088.1324,43048658.259734765,18935512.54111984
2022-01-21,36492.2872241379,1.514790775018,691030724675.9996,30562290.550215486,18936350.04108254
2022-01-22,34996.390965225,1.455165902925,662733218969.3214,29309477.433375936,18937187.54107708
2022-01-23,36271.0502650497,1.508378975549,686903645043.7297,31963863.04607505,18938068.79106616
2022-01-24,36659.7252206312,1.526343091945,694298766581.2903,34368492.39434175,18939006.29103886
2022-01-25,36952.586773232,1.538880544803,699880378324.826,35104957.4345704,18939956.29101156
2022-01-26,36825.8245993571,1.534660000135,697509429274.1655,29920982.486977644,18940768.79099518
2022-01-27,37021.9371332554,1.543763850705,701254263145.7666,30311711.027852856,18941587.54096788
2022-01-28,37768.8474836353,1.576577931046,715438283447.2081,36352515.70299897,18942550.04093512
2022-01-29,38088.2912279953,1.592485103381,721524832280.5933,35469721.206070624,18943481.29091874
2022-01-30,37983.5063845704,1.589486377439,719574502508.9705,34659949.57592049,18944393.79091328
2022-01-31,38462.6724029807,1.609690053329,728686388266.2095,34376013.460164,18945287.54090782
2022-02-01,38787.9640824079,1.61452774476,734886466082.2046,37333415.4293176,18946250.04088598
2022-02-02,36942.3307493279,1.539179072383,699953961572.8492,35326103.77904481,18947206.29086414
2022-02-03,37057.6521879018,1.544771260316,702173027375.5972,34046717.94763478,18948125.04082046
2022-02-04,41079.9060881356,1.709053357873,778420574646.1787,33377423.69661017,18948937.54080408
2022-02-05,41508.5816925774,1.726159971835,786574393907.42,30872007.63385444,18949681.29079862
2022-02-06,42358.2251732905,1.760874145144,802716166347.2819,41299269.54395824,18950656.29079862
2022-02-07,43888.980119813,1.821609827046,831762282836.8923,37305633.10184105,18951506.2907877
2022-02-08,44167.4447945646,1.831529736531,837082119037.3419,42511165.61476842,18952468.79077678
2022-02-09,44405.0732042665,1.840095004198,841624618494.103,38854439.05373319,18953343.79075494
2022-02-10,43614.3426960842,1.806667830508,826677702003.7993,40070677.35202736,18954262.54074948
2022-02-11,42357.3217416715,1.754236923972,802889388936.9894,37592123.04573346,18955150.0407331
2022-02-12,42173.4593962595,1.745950590083,799453385155.5483,49290230.66937829,18956315.09959684
2022-02-13,42195.5947451782,1.746704565079,799914657954.3014,41668149.81086347,18957302.59959684
2022-02-14,42646.1618590883,1.765131690456,808496975465.7014,40780392.27775319,18958258.84958046
2022-02-15,44511.9084880187,1.839746953131,843916967903.3898,48684899.90877045,18959352.59955316
2022-02-16,44065.7092673875,1.820760197081,835500283615.3702,42964066.53570281,18960327.59953132
2022-02-17,40610.024261543,1.680750155719,770019212409.19,39848586.30663906,18961308.84950948
2022-02-18,40044.2204856809,1.658393382535,759324202407.7102,33537034.65675776,18962142.18177205
2022-02-19,40095.887329398,1.660632849962,760341255738.9949,37339295.07550189,18963073.43176113
2022-02-20,38551.6224967855,1.597672365828,731091944780.325,34696460.24710695,18963973.43176113
2022-02-21,37098.0360081824,1.53935959409,703554688344.6675,28519115.18129022,18964742.18175567
2022-02-22,38202.5940818235,1.585255941769,724538639899.3824,36292464.37773233,18965692.18172837
2022-02-23,37308.2687344243,1.548559725335,707612117150.8044,34976501.93852278,18966629.68169015
2022-02-24,38283.790402104,1.589005849792,726146059494.2439,31584127.0817358,18967454.68166434
2022-02-25,39323.7702158387,1.632120546767,745904763136.9403,32933657.55576492,18968292.18162065
2022-02-26,39056.5781523086,1.621580052318,740867098958.1196,30512951.68149109,18969073.43159881
2022-02-27,37664.7792828755,1.564733720961,714497979063.6003,32015062.39044417,18969923.43158243
2022-02-28,43179.2545140269,1.785886675274,819148711995.1912,41560032.46975089,18970885.93155513
2022-03-01,44334.457582408,1.831088158538,841108826271.2916,44888638.3021881,18971898.43154967
2022-03-02,43984.584926768,1.815856076135,834508464680.0197,37386897.1877528,18972748.43151145
2022-03-03,42492.7744552893,1.753487692697,806244025712.1389,39305816.3711426,18973673.43147869
2022-03-04,39106.4052159556,1.617160596022,742026135335.5072,33973689.53136143,18974542.18146231
2022-03-05,39383.8848433665,1.62862859109,747321460590.9252,30276361.473338,18975310.93144047
2022-03-06,38399.3426268264,1.588284555745,728670905368.0938,31439461.775714114,18976129.68142409
2022-03-07,38146.734273232,1.578754463552,723912662220.2532,35285729.2027396,18977054.68140771
2022-03-08,38725.477261543,1.603838311539,734931320621.745,35821066.466927275,18977979.68139133
2022-03-09,41989.4028179427,1.735654059064,796910249370.7688,36215859.93047558,18978842.18134765
2022-03-10,39482.2584672706,1.630630592506,749363333209.5948,35780796.73596398,18979748.43133127
2022-03-11,38825.3644214494,1.605299073538,736929136350.2585,33486876.813500103,18980610.93132035
2022-03-12,38951.1300157802,1.610487025913,739354221515.7125,37977351.765385695,18981585.93129851
2022-03-13,37808.3174004091,1.563583025151,717697507253.0143,35681599.54663609,18982529.68129305
2022-03-14,39649.0453243717,1.638923579978,752677094103.7612,37914399.59143044,18983485.93127667
2022-03-15,39356.8139000584,1.62739184969,747163714202.8488,34191232.07567573,18984354.68125483
2022-03-16,41101.768579135,1.697348146346,780330370069.7833,39817338.31103704,18985323.43121391
2022-03-17,40966.4169324956,1.69308040701,777801385657.9899,40710376.8266675,18986317.18120845
2022-03-18,41826.1160710111,1.727490580808,794161288273.0386,37382091.238466166,18987210.93119753
2022-03-19,42193.1615362361,1.742021306446,801171332567.3827,40874625.23822872,18988179.68118661
2022-03-20,41294.7235129164,1.705071792374,784151376119.5593,39746171.38118204,18989142.18118661
2022-03-21,41064.429648159,1.695351371558,779817561038.1803,39267860.85105204,18990098.43116477
2022-03-22,42383.169518761,1.748109505852,804900030311.0082,39469326.61434618,18991029.68112655
2022-03-23,42734.2000355932,1.761428760821,811605189141.3652,38727868.782256335,18991935.93106649
2022-03-24,43974.5935882525,1.810651634482,835201966315.3181,39302293.01950067,18992829.68105557
2022-03-25,44347.034279661,1.816863848057,842318907291.7148,43238358.42266948,18993804.68105011
2022-03-26,44519.9268641145,1.823441620909,845647593448.0334,44798176.40701522,18994810.93105011
2022-03-27,46777.2056265342,1.912928867709,888562475595.7218,38298837.10672488,18995629.68104465
2022-03-28,47223.6528860316,1.926069685862,897089950913.7915,46928505.05549391,18996623.43103373
2022-03-29,47463.7096770894,1.931857269809,901695013250.8092,44793876.00775312,18997567.18101735
2022-03-30,47123.2971478667,1.916462997871,895267763638.8374,39760281.96851253,18998410.93100097
2022-03-31,45562.2106665693,1.854211355144,865648898574.5215,39297406.69991601,18999273.43099005
2022-04-01,46250.3362878434,1.880179566094,878763543516.0741,40758108.853662,19000154.68097367
2022-04-02,45939.8973489188,1.867666383452,872903917445.8976,38761788.38815024,19000998.43097367
2022-04-03,46440.5438538866,1.886983002157,882457046122.9755,40345222.47306398,19001867.18095729
2022-04-04,46663.0041770894,1.894586551764,886730287350.8207,46079716.62487578,19002854.68088631
2022-04-05,45693.0350619521,1.855218925189,868339514523.9437,41409313.02489409,19003760.93088631
2022-04-06,43304.9371990064,1.760916830916,822997272031.0201,40598378.6240685,19004698.43078085
2022-04-07,43569.0471697837,1.771822948566,828054180680.1997,37578303.18393844,19005560.93075355
2022-04-08,42222.0689772063,1.718699748527,802489465551.0809,35360982.76841028,19006398.43074263
2022-04-09,42680.9947355932,1.737109234767,811252805066.329,40813701.215911,19007354.68074263
2022-04-10,42264.4633909994,1.720498052487,803372627468.9934,36981405.46712448,19008229.68073171
2022-04-11,39544.0251835184,1.612532718343,751695772760.3042,33859571.56338763,19009085.93072625
2022-04-12,40096.3669748685,1.633029961572,762233627485.6914,38342150.919718,19010042.18071533
2022-04-13,41152.7554517826,1.6754481725,782351625651.621,36008661.02030977,19010917.18070441
2022-04-14,39916.4963842782,1.624100214604,758883634883.5314,34427978.13143995,19011779.68070441
2022-04-15,40527.3319567504,1.648615453539,770536726947.4893,40020740.30729102,19012767.18067165
2022-04-16,40439.5881209819,1.645198704281,768902341981.3142,33868155.05132234,19013604.68066619
2022-04-17,39704.7839798364,1.615563193564,754972012082.3364,40945558.47920629,19014635.93066619
2022-04-18,40818.8786025716,1.660587322655,776190301536.566,34185810.82965372,19015473.43066073
2022-04-19,41489.6638011689,1.68715900189,788977754146.4867,32154489.445905898,19016248.43063343
2022-04-20,41395.64458346,1.683056618589,787231256989.412,41395644.58346,19017248.43062251
2022-04-21,40457.4959418469,1.642192379664,769432984435.9886,42733230.08857578,19018304.68059521
2022-04-22,39737.9735040912,1.614479409264,755782416405.1533,33528915.14407695,19019148.43058975
2022-04-23,39582.4548720047,1.608260125691,752864909083.6786,40324625.90085479,19020167.18058975
2022-04-24,39511.6456928697,1.60550883035,751560334690.4332,42228071.33425449,19021235.92958975
2022-04-25,40473.7483176505,1.644601591866,769901695374.375,40979670.17162113,19022248.42957337
2022-04-26,38072.800873758,1.549627067302,724263590330.6515,33313700.76453825,19023123.42956245
2022-04-27,39218.5376174752,1.596095580203,746100751519.959,41669696.2185674,19024185.92955153
2022-04-28,39747.9894270018,1.617507844772,756205933276.4078,32792091.27727648,19025010.92955153
2022-04-29,38609.5059070719,1.572635096383,734582468278.2043,36196411.78787992,19025948.42954607
2022-04-30,37714.0949804208,1.537292898922,717581783127.7089,35356964.0441445,19026885.92952423
2022-05-01,38459.226979135,1.567381909459,731799466487.4058,40141818.15947216,19027929.67951289
2022-05-02,38566.0628877849,1.573983130319,733870898707.1201,38566062.8877849,19028929.67950743
2022-05-03,37704.4053153127,1.540983434257,717509825232.0969,35347879.98310566,19029867.17949105
2022-05-04,39641.852176505,1.618770611892,754415354857.8029,36173190.111060806,19030779.67948559
2022-05-05,36502.0245601403,1.493350506698,694697804870.6023,35817611.599637665,19031760.92948013
2022-05-06,36042.9995584453,1.476077962977,685993738939.4033,31988162.108120203,19032648.42946921
2022-05-07,35508.7110227937,1.454866736249,675856548990.5393,31735910.476621863,19033542.17945829
2022-05-08,34058.9066861484,1.397053307677,648294631562.7058,32994565.852206264,19034510.92945283
2022-05-09,30457.9218194039,1.25746370058,579781151871.626,29506111.762547527,19035479.67945283
2022-05-10,30990.7351659848,1.282199871846,589953144393.2335,29634890.502472963,19036435.92943099
2022-05-11,28796.5568217417,1.198898869373,548209905804.9245,26096879.61970341,19037342.17943099
2022-05-12,29030.7070417884,1.211574517788,552691998324.409,24494659.06650896,19038185.92943099
2022-05-13,29285.9346718293,1.224580870454,557578891036.9143,27821637.938237835,19039135.92941461
2022-05-14,30051.935755114,1.254528110725,572189373051.7065,26483268.384194206,19040017.17940369
2022-05-15,31182.6212460549,1.301371234936,593741420972.2537,23776748.70011686,19040779.67939823
2022-05-16,29889.6124757452,1.248816594441,569152162704.7391,30636852.78763883,19041804.67935455
2022-05-17,30438.1944476914,1.272635339124,579626118555.3054,27965091.14881648,19042723.42932179
2022-05-18,28771.2204786675,1.204897921252,547906490195.5128,24095897.150884032,19043560.92928903
2022-05-19,30257.8852483928,1.268265640482,576240952956.045,23071637.50189951,19044323.42926719
2022-05-20,29224.245998422,1.226785298597,556579372166.2573,23379396.7987376,19045123.42923443
2022-05-21,29420.0782857978,1.235285942059,560333845441.6517,24823191.053641893,19045967.17922897
2022-05-22,30331.87514173,1.273331088604,577723026488.325,23128054.79556913,19046729.67921805
2022-05-23,29088.2515419638,1.22293867204,554065152211.9476,29088251.5419638,19047729.67920167
2022-05-24,29643.6837556984,1.246431579256,564667107636.2924,22232762.8167738,19048479.67917437
2022-05-25,29577.259880187,1.244237310755,563428453326.4861,26619533.8921683,19049379.67914707
2022-05-26,29332.4860467563,1.235100855496,558791512891.2731,25849253.32870399,19050260.92914707
2022-05-27,28612.0413103448,1.20688817198,545091530563.0775,24677885.63017239,19051123.42914161
2022-05-28,29045.5206344243,1.225163407756,553376665776.6837,26867106.58684248,19052048.42914161
2022-05-29,29430.0689800117,1.241234457517,560730506231.738,27406751.73763589,19052979.67913615
2022-05-30,31735.9549719462,1.337557348648,604695051034.4972,30545856.660498217,19053942.17911617
2022-05-31,31831.4095251315,1.340327318645,606542882732.0433,29046161.19168249,19054854.67909193
2022-06-01,29825.9221992987,1.258203816602,568353965210.3951,25352033.86940389,19055704.67905797
2022-06-02,30504.2679997078,1.289506254729,581304153912.1453,23831459.37477172,19056485.92904159
2022-06-03,29662.6709708942,1.255277674265,565292782986.4921,26511012.18023669,19057379.67903067
2022-06-04,29792.4076779077,1.261962571345,567791106824.3273,25882154.17018232,19058248.42902401
2022-06-05,29915.4093009936,1.26746929363,570162600125.2587,27297810.98715666,19059160.92902401
2022-06-06,31333.6770197545,1.32794694055,597222968139.2552,29375322.206019845,19060098.42900763
2022-06-07,31175.0324289889,1.322740859864,594230751341.6133,31564720.33435126,19061110.92891928
2022-06-08,30228.464698422,1.283418736198,576221747994.024,33629166.97699448,19062223.4289029
2022-06-09,30064.4855289305,1.278193263932,573123374270.208,27433843.04514908,19063135.92889198
2022-06-10,29070.4000300994,1.237117043464,554199695710.7606,26708430.027653825,19064054.67888106
2022-06-11,28360.7899231444,1.208249128114,540698947091.3848,27297260.30102649,19065017.17888106
2022-06-12,26830.2839456458,1.144614146671,511541120875.3391,21296537.88185636,19065810.92886106
2022-06-13,22316.2570400351,0.962386955567,425496087752.9045,18550388.66452917,19066642.17881922
2022-06-14,22072.8663085915,0.958749419408,420875585256.8529,20141490.506589744,19067554.67879738
2022-06-15,22520.7910087668,0.982571637347,429439638534.4194,23224565.72779076,19068585.92876462
2022-06-16,20310.1769848042,0.89010384052,387301460756.6234,15105694.132448124,19069329.67873186
2022-06-17,20464.9290873174,0.900449527228,390266293444.72327,13813827.133939244,19070004.67871548
2022-06-18,19013.8672536528,0.839761069586,362613076008.2063,18538520.57231148,19070979.67871548
2022-06-19,20492.2951683226,0.905122908176,390825178945.0636,17034220.35866816,19071810.92868548
2022-06-20,20571.6292247224,0.909413901996,392355194662.6997,16971594.11039598,19072635.9286691
2022-06-21,20688.4651312098,0.916201262025,394602958805.95074,19395436.060509183,19073573.42863818
2022-06-22,20003.1683375219,0.887627935977,381548027644.27856,16127554.472127032,19074379.6785718
2022-06-23,21097.1028331385,0.936392381423,402434191804.38727,20042247.69148157,19075329.67854996
2022-06-24,21299.0769853887,0.946260674502,406304087725.8087,17172380.81946964,19076135.9285445
2022-06-25,21468.3431566335,0.953541799671,409553292964.1447,20260748.854072865,19077079.6784845
2022-06-26,21066.6209430158,0.93595363596,401907776246.90607,18169960.56335113,19077942.1784845
2022-06-27,20751.0516960842,0.92317584654,395905002794.3522,17638393.94167157,19078792.17847358
2022-06-28,20263.2196393922,0.902427057507,386616246554.3172,18490187.920945384,19079704.6784572
2022-06-29,20080.9480864991,0.895265183982,383157510545.3414,18951394.756633524,19080648.42829544
2022-06-30,19332.9121294565,0.865015984997,368905161486.5793,20662049.83835664,19081717.17826714
2022-07-01,19341.8631240795,0.866810006703,369092160644.48914,16198810.36641658,19082554.67825076
2022-07-02,19231.8317083577,0.862322030966,367009067592.396,16587454.848458515,19083417.1782453
2022-07-03,19276.5146639392,0.864908319377,367880445197.9902,18674123.5806911,19084385.92823984
2022-07-04,20226.2984745763,0.907445950743,386024563242.2924,18077254.261652566,19085279.67821254
2022-07-05,20193.3427938048,0.906388103368,385410487447.10046,14892590.31043104,19086017.1781634
2022-07-06,20560.8438126826,0.924592307191,392440938375.9465,16320169.776316812,19086810.92815248
2022-07-07,21651.4191423144,0.973646516264,413277788950.33325,21245455.03339601,19087792.17814156
2022-07-08,21813.7871239042,0.981374953634,416397212991.7956,20177753.089611385,19088717.17811416
2022-07-09,21585.1321922852,0.97256585657,412050561218.7148,18077548.21103885,19089554.67810324
2022-07-10,20831.2733915839,0.938937826789,397679652328.1112,19919905.180702105,19090510.92809232
2022-07-11,19971.3294704851,0.903257154365,381278236463.9223,15352959.53043542,19091279.67807048
2022-07-12,19339.1534734074,0.875464077465,369227439023.51135,18251326.090528235,19092223.42804318
2022-07-13,20155.5278386908,0.91248166822,384827697730.7176,13856925.389099924,19092910.92798858
2022-07-14,20552.8990289304,0.931267482062,392430598967.8341,15928496.74742106,19093685.92797766
2022-07-15,20831.722700526,0.947404727073,397772858736.0078,18488153.896716826,19094573.42795582
2022-07-16,21196.5091428989,0.963942951894,404757907016.37714,19606770.95718148,19095498.42795582
2022-07-17,20827.8886085915,0.947388315858,397735055796.3284,16141613.671658412,19096273.42793944
2022-07-18,22305.7066428989,1.014380417157,425974135852.664,18262797.31387348,19097092.17790122
2022-07-19,23371.2026601403,1.064015965884,446342169170.51056,20157662.29437101,19097954.677863
2022-07-20,23280.9356680304,1.059545792317,444636587982.6189,18333736.83857394,19098742.17784116
2022-07-21,23152.4093112215,1.055572042956,442202009885.6991,20113655.58912368,19099610.9278084
2022-07-22,22706.0835554646,1.037202359622,433696094122.61554,18732518.93325829,19100435.9278084
2022-07-23,22484.4592317358,1.027767986307,429484614219.20026,21641292.01054571,19101398.4278084
2022-07-24,22653.3570260082,1.035693112787,432733026887.7572,22228606.581770543,19102379.6778084
2022-07-25,21510.1255874342,0.984744106523,410913676124.0288,19090236.458847847,19103267.17776472
2022-07-26,21181.6591967855,0.970493939661,404660076563.1692,21181659.1967855,19104267.17773742
2022-07-27,22898.4150683226,1.048530886503,437481053400.6272,23613990.53920768,19105298.42765552
2022-07-28,23838.5568838691,1.090974652069,455463751078.1736,21007728.253909644,19106179.67761184
2022-07-29,23950.7403798948,1.096121570662,457629004159.523,21855050.596654005,19107092.1775627
2022-07-30,23623.4349611338,1.08119685014,451394195746.5754,19046394.43741413,19107898.42752448
2022-07-31,23356.1722215079,1.06930792552,446309554827.0595,22188363.610432506,19108848.42748626
2022-08-01,23331.4426969608,1.068081818605,445856833816.2058,19831726.29241668,19109698.42744804
2022-08-02,23031.4268834015,1.054827227962,440145933788.9064,22311694.793295205,19110667.17738252
2022-08-03,22809.7474418469,1.044976588452,435930163094.0358,20671333.61917376,19111573.4273443
2022-08-04,22628.3320821157,1.037537603272,432481698498.1701,18668373.96774545,19112398.42727878
2022-08-05,23248.9715023378,1.065899475533,444365402286.3903,21795910.78344169,19113335.92721326
2022-08-06,22996.2750452952,1.054367720796,439558670016.2039,23140001.764328294,19114342.17717504
2022-08-07,23153.6584713618,1.061585802404,442589959621.64594,23008948.10591579,19115335.92710952
2022-08-08,23803.6505154296,1.091208903728,455036199177.5948,21423285.46388664,19116235.92703308
2022-08-09,23186.2917464641,1.064322658536,443255346045.0302,20722748.248402286,19117129.6769621
2022-08-10,23923.0584830508,1.097349862382,457362340117.1679,22128829.09682199,19118054.6768802
2022-08-11,23934.4390561075,1.098103095757,457600857167.334,20942634.174094062,19118929.6767983
2022-08-12,24396.3088462887,1.118913448413,466454794651.8447,23481447.26455288,19119892.17675461
2022-08-13,24426.2225748101,1.120303000575,467047962181.5134,21220280.86186628,19120760.92613532
2022-08-14,24314.2021315021,1.1152866103,464926257245.774,20211180.52181112,19121592.1760971
2022-08-15,24083.9539748685,1.105125221321,460545371976.77686,21826083.289724577,19122498.42602066
2022-08-16,23868.8193530099,1.095336349684,456453539165.3713,22078657.90153416,19123423.4259606
2022-08-17,23336.3489310345,1.071575714816,446289696753.9324,18814931.325646564,19124229.67589508
2022-08-18,23221.1706028638,1.066480347068,444107898934.28455,20899053.54257742,19125129.67281305
2022-08-19,20906.7663141438,0.962223516455,399867875573.1264,23258777.524484977,19126242.17273661
2022-08-20,21146.6548021625,0.97348633387,404475733709.97614,19692822.284513827,19127173.42265471
2022-08-21,21553.9961717125,0.99226378976,412286690747.7928,19668021.506687656,19128085.92259465
2022-08-22,21301.0840581531,0.981225385052,407468270214.3305,19304107.42770125,19128992.17250729
2022-08-23,21534.5143521333,0.992293505064,411956706082.80927,23149602.928543296,19130067.17246907
2022-08-24,21424.9728232028,0.987637310218,409880719562.25726,19550287.70117256,19130979.67239263
2022-08-25,21587.8395844535,0.995543286361,413017973174.872,21452915.587050665,19131973.42231073
2022-08-26,20246.1655733489,0.934524032452,387371372434.26,22270782.13068379,19133073.42226705
2022-08-27,20043.9909485681,0.925756657439,383521315360.0218,18164866.79713984,19133979.67221791
2022-08-28,19673.5412188778,0.908751979889,376452934262.3444,19796500.851495784,19134985.92216423
2022-08-29,20270.960383986,0.936300029003,387904432454.7775,19890879.876786266,19135967.17209417
2022-08-30,19825.4632066043,0.91691540216,379399486373.23016,20073281.496686853,19136979.67202319
2022-08-31,20024.6716059614,0.926540201628,383230005973.0957,18272512.840439778,19137892.17192491
2022-09-01,20105.4626072472,0.930819103606,384793516403.9053,17340961.49875071,19138754.67183744
2022-09-02,19948.8567472823,0.924346524698,381812359032.21454,16083765.752496354,19139560.92166686
2022-09-03,19803.8332697253,0.917781321543,379054868118.2932,18194771.81656012,19140479.6715677
2022-09-04,19961.9118907072,0.924996509034,382101528755.6661,20960007.48524256,19141529.67149126
2022-09-05,19797.7967884278,0.917682178845,378979046297.1864,18931643.17893408,19142485.92139844
2022-09-06,18846.150537405,0.874858544608,360778897291.7864,16725958.601946937,19143373.42131108
2022-09-07,19292.9070745178,0.895970446823,369348929285.85046,17604777.705497492,19144285.92120723
2022-09-08,19319.1248512566,0.897686434169,369866184453.4085,15334555.350684926,19145079.67110895
2022-09-09,21363.3136152542,0.991990113442,409021968745.9125,19627430.30587194,19145998.42104343
2022-09-10,21715.2107980713,1.008276774233,415780699701.9083,21308429.803139564,19146979.67098883
2022-09-11,21732.7705686733,1.00926214108,416141773128.1593,24856963.609102905,19148123.42095061
2022-09-12,22365.2145601987,1.038445934441,428273275469.1733,21386266.923721544,19149079.67086225
2022-09-13,20165.0421607247,0.939370352409,386159265218.15247,17266317.350120526,19149935.92080219
2022-09-14,20246.3660424313,0.944134275318,387732682893.1633,16070553.046179844,19150729.67072575
2022-09-15,19696.8698661601,0.919794265144,377227526664.1952,18096499.1895346,19151648.42066023
2022-09-16,19741.5776168907,0.922172305414,378099547048.8818,15793262.09351256,19152448.42060563
2022-09-17,20120.7023459965,0.939999035144,385382092113.0908,21378246.24262128,19153510.92054557
2022-09-18,19427.1002626534,0.907953496893,372115875618.3138,18698584.002803896,19154473.42049643
2022-09-19,19557.9769582116,0.914684111914,374638640658.9953,15890856.278546924,19155285.92039269
2022-09-20,18872.9498667446,0.88338246827,361534680159.2485,17929302.37340737,19156235.92029441
2022-09-21,18506.7607481005,0.86699153682,354536184092.75415,16309082.909263564,19157117.17022889
2022-09-22,19414.5396449445,0.909510592046,371942142414.4877,15531631.7159556,19157917.17015245
2022-09-23,19326.8648199883,0.90563544045,370278782421.1002,16307042.191865128,19158760.92009239
2022-09-24,18924.7677872589,0.886975013788,362592370354.345,17268850.605873745,19159673.42005963
2022-09-25,18793.1561531268,0.881057004179,360088000637.69366,17266212.21568525,19160592.17002687
2022-09-26,19201.1317209234,0.900322536822,367923055167.1001,18001060.988365687,19161529.66995043
2022-09-27,19106.7389135009,0.896561719809,366129749393.5195,15404808.2490101,19162335.91985761
2022-09-28,19454.937210111,0.913487552122,372820281122.77527,18239003.634479064,19163273.41981939
2022-09-29,19540.8664105786,0.917870607279,374484430533.8365,17464649.354454625,19164167.16973749
2022-09-30,19435.1946917008,0.91356153704,372479848471.2685,20528424.39310897,19165223.41967197
2022-10-01,19311.861629398,0.907912672634,370137989320.0386,21846543.46825649,19166354.66963921
2022-10-02,19015.2928050847,0.894190083633,364472504804.0564,18658756.06498936,19167335.91957081
2022-10-03,19633.4325859147,0.923308111571,376339494804.4465,18897178.86394289,19168298.4194235
2022-10-04,20339.9712811221,0.956568501176,389903360703.0178,20721345.742643137,19169317.16933614
2022-10-05,20155.0996987142,0.948163366006,386381543342.8885,22044640.29546865,19170410.91925424
2022-10-06,19950.5477957335,0.938866609583,382480025164.3247,19825856.872010164,19171404.6692051
2022-10-07,19539.1439216832,0.919983246052,374613717471.0005,20882460.06629892,19172473.41912866
2022-10-08,19416.1772291058,0.914595870208,372277378268.7386,21236443.84433447,19173567.16906542
2022-10-09,19428.3671323787,0.915262738221,372530287709.72656,19185512.54322397,19174554.6690272
2022-10-10,19154.4042346581,0.902773565181,367297283273.8121,20112124.446391005,19175604.66898898
2022-10-11,19039.2820683811,0.897697758664,365108428419.0329,18682295.529598955,19176585.91892892
2022-10-12,19156.9115645821,0.904197086018,367380563663.38525,16403105.527173424,19177442.16884156
2022-10-13,19387.8336806546,0.915299590894,371826387064.8481,17327876.352085046,19178335.91877058
2022-10-14,19177.6941031561,0.905697877908,367814957908.2474,18698251.7505772,19179310.91870506
2022-10-15,19069.8749272355,0.900728724487,365765176790.71967,18116381.18087373,19180260.91866684
2022-10-16,19261.7497878434,0.909910910294,369462722255.0901,17335574.80905906,19181160.91863408
2022-10-17,19557.0218106371,0.924678135264,375144717145.4124,18334707.94747228,19182098.41855218
2022-10-18,19341.4075543542,0.91398573907,371025948757.9377,17165499.20448935,19182985.91843752
2022-10-19,19132.1544254822,0.904610705933,367029904902.88257,18055970.739048824,19183929.668372
2022-10-20,19033.3760239626,0.900242542303,365152195991.4868,17248997.021716107,19184835.91832412
2022-10-21,19174.8763487434,0.907143363442,367885552007.7864,18695504.44002481,19185810.91824852
2022-10-22,19207.6285078901,0.909318069409,368530255223.4176,16326484.231706584,19186660.91818846
2022-10-23,19565.4123243717,0.926261633178,375413885984.6,18953993.189235084,19187629.66814478
2022-10-24,19341.460210111,0.915784798173,371133215992.5733,16440241.17859435,19188479.6680738
2022-10-25,20094.9611215663,0.951195313284,385607075318.5567,15322407.855194304,19189242.16801374
2022-10-26,20797.0308258328,0.983939477562,399099408014.4616,20147123.612525523,19190210.91793184
2022-10-27,20280.1751280538,0.959624512348,389197949556.16187,17111397.76429539,19191054.6678554
2022-10-28,20604.6138535944,0.975004031923,395444746708.6104,20475835.01700944,19192048.41781718
2022-10-29,20803.8999205143,0.98443454901,399288048038.69226,18593485.553959653,19192942.16777896
2022-10-30,20616.7033766803,0.975832100659,395712590941.6769,17395343.474074002,19193785.9177462
2022-10-31,20490.8581808884,0.97009674747,393319300934.3833,22155740.408085585,19194867.16770252
2022-11-01,20483.966530976,0.970049689813,393205452198.7317,18435569.8778784,19195767.16765884
2022-11-02,20148.2845537697,0.954490976446,386777142187.55225,15363066.972249396,19196529.66759332
2022-11-03,20198.1111860316,0.956986021054,387754343675.19775,20703063.96568239,19197554.6675551
2022-11-04,21157.2449275278,1.000981821699,406184424138.86646,17058028.722819287,19198360.91751142
2022-11-05,21283.4715999416,1.007111287598,408627855628.67584,20086276.32244488,19199304.66746774
2022-11-06,20946.8030359439,0.991409279364,402181988995.9385,17935700.099526964,19200160.91743498
2022-11-07,20568.5651183518,0.976088727485,394938271820.2412,18511708.60651662,19201060.917364
2022-11-08,18520.971163647,0.880744871078,355641163800.59314,18868239.37296538,19202079.66732578
2022-11-09,15758.2912819988,0.753958696179,302606639525.93427,14674908.756361382,19203010.9172821
2022-11-10,17541.5602866745,0.839903712816,336866889999.11127,16116308.513382196,19203929.66724934
2022-11-11,16916.8506312098,0.811340136624,324884177574.2261,14167862.403638208,19204767.1671729
2022-11-12,16771.2426718293,0.806378353685,322105315599.283,17504984.538721833,19205810.91706008
2022-11-13,16320.4983375219,0.785273663056,313461563543.2652,13158401.784627032,19206617.1669891
2022-11-14,16629.4784146698,0.801361740695,319408809507.6176,12783911.531277409,19207385.91691782
2022-11-15,16855.59378609,0.81368542899,323768223563.2404,16328856.480274688,19208354.66683046
2022-11-16,16659.6063345996,0.806089820633,320019245464.8845,15618380.938687123,19209292.16678132
2022-11-17,16675.1790204559,0.81024033294,320332768078.5876,14382341.905143213,19210154.6667431
2022-11-18,16661.5229576271,0.818509642211,320084907697.1221,14474698.069438543,19211023.4167158
2022-11-19,16696.0040581531,0.820610369081,320762664379.5779,15339453.72842816,19211942.16666119
2022-11-20,16246.8446992987,0.799184425512,312148570627.24646,15129874.126221914,19212873.41662843
2022-11-21,15778.0174047341,0.777592696604,303153772188.1876,12721026.532566868,19213679.66657383
2022-11-22,16172.8893445354,0.79805211183,310753451298.5008,12736150.358821629,19214467.16653015
2022-11-23,16574.0617299825,0.817451445016,318476370818.0587,14605891.899547078,19215348.41649193
2022-11-24,16583.5243445354,0.81837142484,318671568719.49097,13370466.502781669,19216154.66645361
2022-11-25,16522.3887767388,0.816011276502,317509479778.9209,12701586.372117952,19216923.41642085
2022-11-26,16448.6413077148,0.812740435671,316103485950.16534,11205636.890880708,19217604.66634441
2022-11-27,16436.0707688486,0.812332752733,315875880963.40686,13970660.15352131,19218454.66631165
2022-11-28,16212.5814161309,0.802349876662,311594845649.107,14084680.10526372,19219323.41626251
2022-11-29,16443.0368199883,0.814147810046,316037505324.6357,13462736.39636542,19220142.16622429
2022-11-30,17176.8986914085,0.850801464317,330157249897.60547,14815075.121339832,19221004.66615331
2022-12-01,16961.2918042081,0.840529289057,326029288146.94086,16219235.287773997,19221960.91609325
2022-12-02,17075.1091370544,0.84670015577,328230420398.4742,13339929.01332375,19222742.16603319
2022-12-03,16899.5073831093,0.838232388894,324868709629.4161,13836471.66992074,19223560.91598951
2022-12-04,17121.7149824664,0.84968361727,329155312451.6082,14981500.6096581,19224435.91595128
2022-12-05,16961.3517866745,0.84468600446,326087897703.5941,15477233.50534048,19225348.4159076
2022-12-06,17070.5158281707,0.850384196971,328201017682.73834,14403247.730019027,19226192.16585846
2022-12-07,16848.2518243717,0.839503933452,323945839104.30493,18111870.71119957,19227267.1658257
2022-12-08,17231.4563223261,0.858945882155,331331799697.2159,17985332.536427867,19228310.9157711
2022-12-09,17136.1490008767,0.854978591377,329515480228.8269,16279341.550832864,19229260.91573834
2022-12-10,17124.2146797195,0.854415449082,329302474097.54333,16482056.62923002,19230223.4150067
2022-12-11,17094.3606592636,0.853211507586,328744079344.8782,15705443.855698433,19231142.12327845
2022-12-12,17195.5249962011,0.858539391858,330704952984.2636,15368500.465354731,19232035.83823839
2022-12-13,17774.9166320865,0.887729303381,341866163427.8328,18330382.776839204,19233067.05195517
2022-12-14,17809.7240835769,0.890254354657,342552090974.3184,16473994.777308632,19233992.02406511
2022-12-15,17344.0544569258,0.86728278142,333610472205.63245,15067647.309454288,19234860.74344143
2022-12-16,16606.1101750438,0.830992951979,319429708503.9072,13492464.517223088,19235673.20322591
2022-12-17,16774.3853702513,0.839657772493,322681062399.0879,14467907.381841743,19236535.66296085
2022-12-18,16776.1159254822,0.839875774864,322729554932.29346,15203355.057468245,19237441.87068242
2022-12-19,16424.1313857393,0.823536056851,315972232645.3263,13960511.677878404,19238291.82952578
2022-12-20,16901.8169362946,0.847633081501,325176875097.1312,14789089.819257775,19239166.79033799
2022-12-21,16800.5329707773,0.843195618816,323243270748.1628,15015476.342632212,19240060.49750977
2022-12-22,16814.2225791935,0.844194325117,323520845954.7279,14187000.301194515,19240904.20660089
2022-12-23,16780.5169798363,0.842886604017,322886162998.30566,13843926.508364948,19241729.1664071
2022-12-24,16837.612170076,0.84590101132,323994138663.88385,9365921.769604776,19242285.39006796
2022-12-25,16824.8389736996,0.845706555551,323763179790.4042,14826889.345572772,19243166.62385341
2022-12-26,16879.9382273524,0.848591013908,324837072942.0877,13609450.195802871,19243972.84912565
2022-12-27,16698.9112708942,0.8399359586,321365396957.0633,12002342.475955209,19244691.56963517
2022-12-28,16536.2942001753,0.83299277844,318253243893.2231,17363108.910184063,19245741.52108695
2022-12-29,16630.5931551724,0.838526883526,320082752198.536,14655710.217995675,19246622.72788417
2022-12-30,16593.6888287551,0.836965256607,319388854075.39685,16386267.71839566,19247610.18309141
2022-12-31,16524.2178024547,0.835246001939,318067813339.4093,16111112.357393332,19248585.14586753
2023-01-01,16606.7520432496,0.839542831106,319672567829.92584,16087791.04189805,19249553.85600931
2023-01-02,16688.7192729398,0.843780085391,321266671119.1712,16271501.291116305,19250528.80721017
2023-01-03,16670.0773836937,0.843211245785,320923849121.50653,16044949.481805189,19251491.26394741
2023-01-04,16848.3660391584,0.852695347503,324371229130.03345,15058227.14749782,19252384.97170235
2023-01-05,16824.8001826417,0.851818124476,323934038866.73096,16509335.179217167,19253366.18267459
2023-01-06,16957.8622738165,0.858998530318,326515008906.59827,19077595.05804356,19254491.14012137
2023-01-07,16942.6285891292,0.858446501208,326237998585.17,16307280.017036855,19255453.59558269
2023-01-08,17059.2399444769,0.864443193289,328499715753.26697,16312898.196906036,19256409.82965493
2023-01-09,17182.3198521333,0.870777665108,330886115501.8013,16323203.859526636,19257359.79479625
2023-01-10,17433.9146320865,0.883951640903,335749580566.8327,18414572.33014137,19258416.00422303
2023-01-11,17833.7107656341,0.904886150128,343465404948.3947,16384721.765926328,19259334.72075027
2023-01-12,18869.7044842198,0.956915395927,363435762403.209,17808283.606982436,19260278.43770103
2023-01-13,19868.7247454705,1.006737285894,382696914618.5445,19744545.21581131,19261272.15113735
2023-01-14,21010.9227200468,1.063923229924,404719555363.718,22455423.657050017,19262340.86699913
2023-01-15,20876.0085561075,1.056945343653,402142059538.9224,21267433.71653452,19263359.58610591
2023-01-16,21180.4119485681,1.071886746547,408025350489.2305,19459503.47774694,19264278.30960177
2023-01-17,21178.2993962595,1.071274656024,408005301935.65857,20648841.911353007,19265253.28127717
2023-01-18,20709.6686040327,1.047738862359,398995131352.9132,18120960.02852861,19266128.25060941
2023-01-19,21071.8334152542,1.066296173366,405991740732.9317,19096349.03257412,19267034.46881981
2023-01-20,22660.7169421391,1.145445917644,436623508826.3357,18695091.47726476,19267859.43892205
2023-01-21,22803.172761543,1.152147571819,439387994541.3399,19667736.50683084,19268721.90708291
2023-01-22,22716.2771966686,1.147415859687,437735066276.4035,21438486.60435599,19269665.64488826
2023-01-23,22929.0248936295,1.157946337765,441857284818.2415,22642412.08245913,19270653.10749456
2023-01-24,22611.1268787259,1.14168583391,435749412018.2001,18230221.04597276,19271459.3286451
2023-01-25,23109.0845189947,1.166238508234,445371057214.8687,25275561.19265045,19272553.04504998
2023-01-26,23008.6894766219,1.161820741319,443458477430.5372,22289667.930477463,19273521.76581441
2023-01-27,23070.4964582116,1.165635900125,444671920357.2479,22205352.841028664,19274484.23846005
2023-01-28,23008.8094649328,1.162375118008,443507093772.12006,24159249.93817944,19275534.20128317
2023-01-29,23774.9963679135,1.200618353218,458299678267.7888,23923590.09521296,19276540.41143432
2023-01-30,22799.427261543,1.15137768201,439513744530.55255,19664506.01308084,19277402.87019857
2023-01-31,23130.0519132087,1.167609671158,445903953177.8653,16624724.812618751,19278121.59051949
2023-02-01,23727.2026075395,1.196241930423,457436212535.37054,20316417.232705697,19278977.80878799
2023-02-02,23505.6048430742,1.184795889398,453185335299.5718,21301954.389036,19279884.02447344
2023-02-03,23445.8131773816,1.181415746292,452052047565.4157,19489332.203698453,19280715.24520696
2023-02-04,23355.5243863238,1.176437733184,450331066544.2132,19852195.72837523,19281565.21323545
2023-02-05,22957.2251905319,1.156408398602,442673043515.76447,21809363.931005303,19282515.19257359
2023-02-06,22745.1650371128,1.145679319019,438605028941.3012,21039277.65932934,19283440.16082709
2023-02-07,23266.2692036821,1.171652534251,448674357936.5548,20648813.918267865,19284327.62505593
2023-02-08,22937.5799453536,1.154986688723,442355589491.7768,19783662.70286748,19285190.09179011
2023-02-09,21818.1989456458,1.099040577212,420790203963.9413,22090926.43246637,19286202.54184259
2023-02-10,21620.5667837522,1.089446116412,416998493072.5835,19863895.73257233,19287121.25095429
2023-02-11,21864.8626414378,1.101770368949,421730481059.5885,20224997.943329964,19288046.21257187
2023-02-12,21772.1373252484,1.097210551986,419964034322.39526,22044289.041814003,19289058.67387569
2023-02-13,21798.7157168323,1.09866674955,420497959396.1862,21253747.823911488,19290033.6358573
2023-02-14,22222.415043834,1.119923157609,428692521757.3896,21389074.479690224,19290996.09163937
2023-02-15,24304.6129827586,1.22364317031,468884953214.8082,24760324.47618533,19292014.79354679
2023-02-16,23742.4488354763,1.195012046683,458066234824.8328,26561864.63468911,19293133.49263214
2023-02-17,24607.3356054939,1.237767811543,474777985910.941,25376314.843165584,19294164.69635749
2023-02-18,24636.5266127995,1.239058645614,475367066196.61975,25868352.94343948,19295214.52710183
2023-02-19,24366.9907606663,1.225347760367,470190985337.3357,24671578.145174623,19296227.01282949
2023-02-20,24797.8430359439,1.246658143379,478527590358.21405,22783018.289273456,19297145.7099958
2023-02-21,24400.3893898305,1.226544841574,470883335720.716,25467906.425635584,19298189.39352537
2023-02-22,24163.7389812975,1.214898364016,466337552716.1743,21143271.60863532,19299064.31604459
2023-02-23,23910.0342104033,1.20196788302,461466839224.232,25553849.062368527,19300132.95520284
2023-02-24,23175.8242036821,1.165447448567,447316040888.5391,19554601.67185677,19300976.6106817
2023-02-25,23159.8154403857,1.164771417267,447022542624.343,15488126.575757936,19301645.29052475
2023-02-26,23542.0964281122,1.183865293006,454425911741.45215,24719201.24951781,19302695.20087476
2023-02-27,23504.1894178843,1.181751158136,453714768533.1664,20566165.74064876,19303570.11962878
2023-02-28,23145.9491277031,1.165088210397,446819268836.4395,19818718.940595776,19304426.2895077
2023-03-01,23610.6590902981,1.188892073095,455815311827.3252,25086325.28344173,19305488.68136532
2023-03-02,23470.0254815897,1.181929202448,453121431949.6086,21123022.93343073,19306388.58083239
2023-03-03,22350.0962340736,1.126016843463,431523107640.1537,23467601.04577728,19307438.46114988
2023-03-04,22334.2852638808,1.125231451633,431239053644.6866,21217571.00068676,19308388.36119328
2023-03-05,22419.8171390999,1.130220819242,432912254426.8668,21719197.85350303,19309357.06303656
2023-03-06,22414.7033056692,1.130223291427,432831999828.83685,18492130.22717709,19310181.97860168
2023-03-07,22174.6484725307,1.122035533533,428219361920.7399,22867606.237297285,19311213.09324048
2023-03-08,21701.3846227352,1.098460296734,419098099713.9698,18039275.96764864,19312044.23126562
2023-03-09,20349.8141732905,1.031092147146,393013679640.0983,17170155.70871386,19312887.88651131
2023-03-10,20240.406694623,1.026171253096,390917907908.01056,17204345.69042955,19313737.80210951
2023-03-11,20585.2343290473,1.043781214381,397599044509.8048,21228522.90183003,19314768.93361194
2023-03-12,22065.9800359439,1.118453254664,426221507105.4308,22203892.41116855,19315775.07145146
2023-03-13,24154.4290946815,1.222477139001,466585218228.0785,23701533.54915622,19316756.21059554
2023-03-14,24769.0175691409,1.252017069531,478479673367.3146,22601728.53184108,19317668.61691925
2023-03-15,24409.8017518995,1.233259096934,471562885492.7352,22426505.359557662,19318587.27431244
2023-03-16,25043.2388468732,1.264318230866,483820966773.2832,20973712.534256306,19319424.68510582
2023-03-17,27450.6282933957,1.381709504388,530355563505.5659,25220264.74455729,19320343.33921469
2023-03-18,26985.7359915254,1.357927080335,521401004462.5543,27323057.691419467,19321355.72015879
2023-03-19,28185.2043319696,1.41718434858,544602429934.9583,26071314.00707188,19322280.70872038
2023-03-20,27834.3361090006,1.398348824456,537849646186.5744,26790548.50491308,19323243.20868762
2023-03-21,28172.7950558153,1.413889214116,544415302326.4737,25531595.519332614,19324149.4586494
2023-03-22,27341.5571297487,1.371700451034,528379507078.967,27170672.397687767,19325143.20861664
2023-03-23,28387.8897495617,1.421886913625,548632503448.67126,32468648.9010612,19326286.95858388
2023-03-24,27464.1249453536,1.375231386162,530807367185.91296,27807426.50717052,19327299.45855112
2023-03-25,27488.954880187,1.376280144651,531312174636.284,24911865.360169467,19328205.7085129
2023-03-26,28049.3916911163,1.403671575252,542169657055.9983,25244452.52200467,19329105.70847468
2023-03-27,27154.9963702513,1.357098415255,524906913723.9932,25118371.64248245,19330030.70842007
2023-03-28,27283.9634029807,1.363066939643,527422700745.3335,22850319.349996336,19330868.20838185
2023-03-29,28389.2917784921,1.417071461284,548815740560.0656,26082661.821489617,19331786.95834363
2023-03-30,28021.5583009936,1.420441511641,541733941198.0574,27145884.60408755,19332755.70826653
2023-03-31,28514.6813062537,1.443820674085,551292496354.6884,25128562.901136074,19333636.95822831
2023-04-01,28494.5638863238,1.442211549223,550928486203.3832,24932743.40053332,19334511.95818462
2023-04-02,28161.9980362361,1.425206305097,544524713657.5736,26225860.671244867,19335443.2081464
2023-04-03,27850.9799436002,1.409099995135,538533843979.47015,22802989.828822665,19336261.95810817
2023-04-04,28113.9585187025,1.4219430768,543647331979.0974,28465383.00018628,19337274.45807541
2023-04-05,28190.3116063705,1.424960408187,545148282923.0317,24490333.208034366,19338143.20803173
2023-04-06,28049.0744763296,1.41726242259,542445068149.4137,28049074.4763296,19339143.20799351
2023-04-07,27936.8042609585,1.411891341659,540298652289.0736,24793913.78160067,19340030.70795529
2023-04-08,27964.0512498539,1.413111240664,540851301862.0266,25691972.08580327,19340949.45791706
2023-04-09,28357.8072703098,1.432780320048,548492793650.62,25876499.134157687,19341861.9578843
2023-04-10,29687.5651846873,1.498410626119,574235609982.3527,22822315.73572836,19342630.70784062
2023-04-11,30247.0959193454,1.524007596955,585087519181.1974,29112829.822369948,19343593.2078024
2023-04-12,29913.0035463472,1.506773205338,578654885226.6572,29913003.5463472,19344593.20776964
2023-04-13,30370.82207218,1.528589539867,587538152475.136,26954104.58905975,19345480.70772596
2023-04-14,30458.9700414962,1.531450017782,589270068912.4236,26651598.78630917,19346355.70768228
2023-04-15,30342.0591084161,1.525286478334,587038231196.8175,29962783.369560897,19347343.20763314
2023-04-16,30312.9308533022,1.523487449103,586498169368.5076,23492521.411309205,19348118.20760038
2023-04-17,29469.5050727645,1.481199761253,570208016248.9177,28548583.03924061,19349086.95755124
2023-04-18,30366.8723813559,1.524898878521,587602759964.4852,31505630.095656745,19350124.45750755
2023-04-19,28796.7440952659,1.445557031038,557245599384.4084,25017171.432762247,19350993.20745841
2023-04-20,28251.2763790181,1.418296444501,546713741184.974,23483873.490058795,19351824.45742565
2023-04-21,27292.0211052016,1.370138666353,528175134909.0028,24733394.12658895,19352730.70737651
2023-04-22,27827.5475920514,1.396814023725,538564949198.4576,25914403.695097864,19353661.95734374
2023-04-23,27604.6855742256,1.385375480736,534277114846.2925,25361804.87131977,19354580.70731098
2023-04-24,27520.1996729982,1.381178300296,532666177826.6658,24252175.961829662,19355461.95725092
2023-04-25,28302.6942180012,1.420027669157,547833832702.5402,22111479.85781344,19356243.20719632
2023-04-26,28384.2340333139,1.423548393886,549435199387.87,23062190.152067546,19357055.7071581
2023-04-27,29465.5514272355,1.477024680925,570390261178.377,23940760.53462885,19357868.20711442
2023-04-28,29350.811886616,1.470212541775,568196114329.5779,26966058.42082845,19358786.95705436
2023-04-29,29221.5145075979,1.463534273428,565718094832.8191,25020921.7971307,19359643.20691614
2023-04-30,29362.0867974868,1.470402257877,568466684139.17,27159930.28767529,19360568.20688327
2023-05-01,28114.9531873174,1.408272273073,544353449574.5647,31980759.250573546,19361705.70684505
2023-05-02,28690.5809959088,1.436592482997,555521717581.1757,23131780.92795147,19362511.95681229
2023-05-03,29045.0427735243,1.45181633614,562410583931.3228,25595943.94416829,19363393.20677407
2023-05-04,28855.8574465225,1.442232154866,558773645025.0818,26330969.91995178,19364305.70675768
2023-05-05,29552.9695236704,1.476466635695,572294716419.607,21980021.08322986,19365049.45674676
2023-05-06,28899.4629602572,1.443843173393,559666442122.5637,26912624.88173952,19365980.70670801
2023-05-07,28761.738434249,1.429877064919,557024258369.1561,24986760.26475381,19366849.45670255
2023-05-08,27727.2854091175,1.378067479397,537013903849.53534,23741488.131556857,19367705.70670255
2023-05-09,27642.4281092928,1.374090435543,535396500180.69135,26087541.52814508,19368649.45669163
2023-05-10,27646.004902104,1.374436923429,535495151707.0393,29373880.2084855,19369711.95669163
2023-05-11,26986.271065751,1.341912915639,522741765621.6745,25468293.318302505,19370655.70667524
2023-05-12,26773.3443591467,1.331264514159,518640829707.00287,23594009.71649803,19371536.95667524
2023-05-13,26841.3982913501,1.334669775407,519983463986.6365,24325017.20153603,19372443.20666432
2023-05-14,26918.261597896,1.338338944895,521501767636.8612,29273609.4877119,19373530.70666432
2023-05-15,27231.6216052016,1.352469393563,527597676412.83777,25019052.34977897,19374449.45665886
2023-05-16,27025.7181864407,1.341803499909,523634254375.96967,25843343.01578392,19375405.7066534
2023-05-17,27401.0440610754,1.360182926857,530933746512.83374,27401044.0610754,19376405.70663702
2023-05-18,26843.2350938048,1.332798511609,520149069256.5386,23655600.92641548,19377286.95661518
2023-05-19,26889.503631502,1.335285312277,521070836897.92114,25208909.654533125,19378224.45660426
2023-05-20,27100.8582878434,1.345668504663,525188703696.1737,22188827.723171785,19379043.20660416
2023-05-21,26777.0977831677,1.329584607553,518939805773.35767,25270886.03286452,19379986.95659869
2023-05-22,26858.7370637054,1.331796174941,520546146828.68176,24172863.35733486,19380886.95659869
2023-05-23,27226.8558763881,1.349756710174,527706821772.363,26205848.781023543,19381849.45658765
2023-05-24,26341.4306446522,1.306148991112,510568856611.54913,23213385.755599752,19382730.70658765
2023-05-25,26484.8359234366,1.312302574122,513373437575.88806,24995063.902743287,19383674.45658218
2023-05-26,26720.3838071303,1.323951129649,517964772439.35925,25551367.01556835,19384630.70658218
2023-05-27,26854.5403702513,1.330559181986,520589684799.388,24336927.21054024,19385536.95657672
2023-05-28,28097.5211259497,1.391560954233,544713631696.41895,28097521.1259497,19386536.95657672
2023-05-29,27765.0728693746,1.374801000798,538296723420.2816,28112136.280241784,19387549.45657042
2023-05-30,27712.4915844535,1.371662586882,537303974431.53375,26673273.15003649,19388511.95657042
2023-05-31,27217.6832580362,1.347122513076,527734362861.804,23985583.3711444,19389393.20656496
2023-06-01,26825.3713451198,1.32755818548,520149803853.8615,22130931.35972384,19390218.2065595
2023-06-02,27255.2279941555,1.348499664123,528512754630.3877,27936608.69400939,19391243.2045595
2023-06-03,27079.4084643483,1.339845350422,525125397359.78687,22002019.377283,19392055.70354857
2023-06-04,27158.25456955,1.343716524322,526679506782.1844,25121385.47683375,19392980.70254856
2023-06-05,25785.8514842198,1.276417765634,500086760503.23615,22240296.905139577,19393843.2015431
2023-06-06,27213.7705187025,1.3462357416,527805281358.1224,25682995.92702549,19394786.95153218
2023-06-07,26339.5790292227,1.303228127244,510872747611.9035,22224019.805906653,19395630.69877126
2023-06-08,26521.693600526,1.312170481703,514430501556.3999,25527130.090506274,19396593.19290972
2023-06-09,26470.6775780245,1.309627647538,513468924118.93225,27959653.19178837,19397649.4407988
2023-06-10,25863.2138506721,1.279906228962,501710449004.7001,24893343.33127189,19398611.9397788
2023-06-11,25906.8281516657,1.282204028842,502582898459.8311,26392581.17950943,19399630.68877334
2023-06-12,25906.7519354179,1.282415132209,502606840607.85065,25421000.336628813,19400611.92776242
2023-06-13,25880.8599734074,1.281288526881,502128298740.5132,23778040.10056805,19401530.67774604
2023-06-14,25097.5853796026,1.242758133707,486950552678.4583,18980048.943324465,19402286.92574603
2023-06-15,25559.1433293396,1.265794710232,495929474633.9951,23642207.57963913,19403211.92474055
2023-06-16,26331.8200943892,1.303742036635,510947065430.74207,25179802.96525967,19404168.17368485
2023-06-17,26514.1713495032,1.312806147734,514508639698.388,23199899.9308153,19405043.17167839
2023-06-18,26353.962682934,1.304485514887,511424654895.8779,24871552.28201896,19405986.91167839
2023-06-19,26778.0634415547,1.326002267293,519678514144.5061,23765531.3043798,19406874.40967293
2023-06-20,28305.4204573349,1.401058308786,549343799477.71765,24059607.388734665,19407724.40761833
2023-06-21,30099.5153509643,1.487688159529,584185860834.0365,22762758.48416676,19408480.6357296
2023-06-22,29952.5112866745,1.479224774259,581358382042.0336,25646837.78921504,19409336.8825696
2023-06-23,30638.3537644652,1.511461032551,594694065924.9224,23936213.87848844,19410118.13156414
2023-06-24,30549.0162872589,1.506266238891,592987890855.0363,27875977.362123743,19411030.62956414
2023-06-25,30467.4403705435,1.501725462895,591433552695.0343,29134489.85433222,19411986.87851847
2023-06-26,30255.8861241964,1.490477217783,587354472876.4258,27608496.08832921,19412899.37651846
2023-06-27,30667.0762948568,1.508993136561,595363699913.8203,26833691.7579997,19413774.37449651
2023-06-28,30104.0432717709,1.480047953676,584453424037.3441,20320229.20844536,19414449.3734965
2023-06-29,30460.792978083,1.4974352167,591407318592.3457,27795473.59250073,19415361.87248547
2023-06-30,30484.503257744,1.497404119431,591897765637.368,30103446.9670222,19416349.37046277
2023-07-01,30581.6889655172,1.500071404388,593810178287.0383,25421028.952586167,19417180.61931102
2023-07-02,30594.2164736996,1.500295120753,594086124744.982,32697568.856266446,19418249.36931102
2023-07-03,31135.3575993571,1.525922363387,604620797716.763,26659649.94444952,19419105.61930554
2023-07-04,30799.9474558738,1.509148391226,598134575137.0653,27142453.695488784,19419986.86828916
2023-07-05,30497.8221282876,1.494037535141,592297040619.1724,29735376.57508041,19420961.8682837
2023-07-06,29979.7298094681,1.470491737414,582261234281.4344,26044890.27197541,19421830.61628349
2023-07-07,30329.8829786674,1.487208780434,589095022829.2559,33173309.507917468,19422924.35627257
2023-07-08,30263.6196341321,1.483788128844,587841663177.4305,33668276.84297196,19424036.8562671
2023-07-09,30163.2210563998,1.478660537861,585923377405.3176,31859902.24082229,19425093.10626164
2023-07-10,30394.6555806546,1.489525354536,590448269412.5723,29254855.99638005,19426055.60526164
2023-07-11,30616.247094097,1.499536522954,594778750901.7263,25832458.485644344,19426899.35424526
2023-07-12,30385.6087852133,1.487755265888,590325510735.3842,27347047.90669197,19427799.35423434
2023-07-13,31434.7354704851,1.538500113181,610731309494.0143,23576051.602863826,19428549.35322888
2023-07-14,30310.6720204559,1.483457241083,588918530172.9481,26142954.61764321,19429411.85122857
2023-07-15,30290.8905958504,1.482403144167,588560314529.3848,26125893.13892097,19430274.34822311
2023-07-16,30249.7729658095,1.480253300626,587790692134.452,29304467.56062796,19431243.09722311
2023-07-17,30143.7462744009,1.475399676867,585756083872.9222,25622184.33324076,19432093.09621765
2023-07-18,29835.7474076563,1.45985580542,579801229885.0629,30208694.250252005,19433105.59521218
2023-07-19,29913.0294646406,1.463037215762,581330729751.3192,27669552.25479256,19434030.59320671
2023-07-20,29805.6065707189,1.457534391178,579266914318.2406,23844485.25657512,19434830.58946748
2023-07-21,29919.6934921099,1.463442609814,581505118062.6237,20943785.44447693,19435530.58843908
2023-07-22,29726.0096271186,1.453936935337,577765664913.1605,24895533.062711827,19436368.08843907
2023-07-23,30066.5724482759,1.470319604139,584412592865.5505,27623663.436853483,19437286.83643361
2023-07-24,29178.3597042665,1.427138509577,567175501671.5082,27354712.222749844,19438224.3354336
2023-07-25,29221.2548533022,1.42923855151,568034510474.9121,25203332.31097315,19439086.83342257
2023-07-26,29361.5917580362,1.436080716187,570788957155.0269,26425432.58223258,19439986.83241699
2023-07-27,29201.6865175336,1.429632064392,567705587810.3228,25186454.62137273,19440849.33140607
2023-07-28,29316.3130751023,1.440164978549,569959677160.0485,25651773.940714512,19441724.32938379
2023-07-29,29360.376179135,1.442211649973,570840562162.5763,24222310.34778637,19442549.32837833
2023-07-30,29262.8367337814,1.437384415792,568974872634.1339,30725978.57047047,19443599.32737833
2023-07-31,29219.8201887785,1.435482408871,568164226105.1633,25749966.541361053,19444480.57635069
2023-08-01,29499.5875385739,1.449024030947,573629784670.5057,25627766.67413608,19445349.32633966
2023-08-02,29143.1519620105,1.432048628755,566726820626.5154,28050283.763435103,19446311.82533966
2023-08-03,29192.3448617767,1.434367776395,567710991370.1062,27550275.46330176,19447255.57532874
2023-08-04,29057.2532437171,1.427652983063,565105804695.3821,21974547.76556105,19448011.82532874
2023-08-05,29053.0956975453,1.427408392655,565052912292.7183,27963604.608887352,19448974.32532326
2023-08-06,29048.0433275862,1.427044043698,564984423123.5125,29774244.41077585,19449999.32532326
2023-08-07,29164.3585873758,1.432710437146,567273367302.8016,26612477.21098041,19450911.82455677
2023-08-08,29779.511383986,1.46267267691,579261915351.565,23265243.268739063,19451693.07455677
2023-08-09,29582.9442375804,1.452750656477,575468304282.0208,29952731.04055016,19452705.57455131
2023-08-10,29430.1599117475,1.445222004734,572519595905.101,23360189.42994957,19453499.32252903
2023-08-11,29399.784739626,1.443460117805,571956438561.5012,27746046.84802204,19454443.07252357
2023-08-12,29415.733902104,1.444002195989,572297423307.2441,30702672.26032105,19455486.82252357
2023-08-13,29286.1176110462,1.437480909277,569800385426.1592,24710161.73432023,19456330.57251811
2023-08-14,29408.9717127411,1.443311936754,572222106279.2792,31430838.51799205,19457399.32251254
2023-08-15,29167.59721654,1.43140313407,567556759131.4548,31172869.525177125,19458468.07050708
2023-08-16,28754.2924079486,1.411251226179,559543774142.6799,29293435.39059764,19459486.82040961
2023-08-17,26660.5627264757,1.309597789983,518826863048.6306,25994048.658313807,19460461.82038766
2023-08-18,26037.3658474576,1.279955274829,506721783913.4565,22619961.57997879,19461330.56938765
2023-08-19,26093.981808007,1.282875825078,507846438071.15137,22832234.082006123,19462205.56938219
2023-08-20,26176.4721642315,1.287026193244,509478386019.2887,26503678.0662844,19463218.06937219
2023-08-21,26128.9050160725,1.285209423972,508579521674.7416,26945433.297824763,19464249.31936116
2023-08-22,25978.2096914085,1.278234400958,505669568328.7056,23218024.911696345,19465143.06934478
2023-08-23,26452.1935882525,1.301640510691,514919209015.0047,23476321.809574094,19466030.56933932
2023-08-24,26126.7943331385,1.286264498958,508607674820.2922,22697652.576914072,19466899.31933932
2023-08-25,26040.881255114,1.282530939849,506957185572.9049,21971993.55900244,19467743.06930749
2023-08-26,26006.1740800701,1.280910484603,506303782993.0188,22267786.556060024,19468599.31930649
2023-08-27,26086.3612594974,1.284719699038,507883827671.5994,18912611.91313561,19469324.31930082
2023-08-28,26103.2765730567,1.285785965076,508232408563.7208,19251166.47262932,19470061.81930082
2023-08-29,27672.2221306254,1.3631929159,538807201879.9037,27326319.353992585,19471049.31929536
2023-08-30,27298.997779661,1.344866297954,531561630095.86505,21497960.75148304,19471836.81929535
2023-08-31,25954.8665935126,1.279294333561,505412286329.01166,23359379.93416134,19472736.81827897
2023-09-01,25802.7885298071,1.272142442172,502475261599.45935,24351381.675005447,19473680.56824577
2023-09-02,25868.2960976037,1.275429178013,503775509930.82574,24574881.292723514,19474630.56824577
2023-09-03,25962.5475689655,1.280178738226,505636660531.6929,25638015.72435344,19475618.06824031
2023-09-04,25799.5256870251,1.272295663234,502485734430.55206,24025808.29604213,19476549.31824031
2023-09-05,25782.3622200468,1.271797475869,502171430649.91614,19981330.72053627,19477324.31822939
2023-09-06,25754.7902676797,1.270666304167,501656133395.8638,21730604.288354743,19478168.06822939
2023-09-07,26210.6045637054,1.293153415402,510558478038.27527,23917176.664381176,19479080.56822393
2023-09-08,25904.6982127411,1.278230950625,504621236835.8533,21533280.38934104,19479911.81721846
2023-09-09,25894.6205976037,1.277871761676,504449363829.6965,24438048.18898849,19480855.567213
2023-09-10,25831.4647802455,1.274805713565,503242767131.7789,23732658.26685056,19481774.317213
2023-09-11,25135.0393781414,1.240998802155,489700142564.4573,24977945.382028017,19482768.06720754
2023-09-12,25859.7018068381,1.276849786407,503841361451.7037,22788862.21727608,19483649.3171964
2023-09-13,26226.8667524839,1.294929881704,511019169908.62366,24095933.828844585,19484568.04739079
2023-09-14,26556.056943308,1.31072461763,517460186589.9245,26888007.65509935,19485580.54739079
2023-09-15,26672.6160818235,1.316247721823,519762749395.7533,31340323.89614261,19486755.54738533
2023-09-16,26555.6361031561,1.31045230781,517508914919.9982,25725772.47493248,19487724.29738533
2023-09-17,26502.4321189363,1.30778359727,516496770733.76605,24680389.910759427,19488655.54737986
2023-09-18,26764.6319064874,1.320321096515,521632787593.7623,26095516.10882521,19489630.54736894
2023-09-19,27215.0504848042,1.341491282124,530434922294.0389,23643075.108673647,19490499.29524153
2023-09-20,27133.4037235535,1.337531751739,528868345382.3211,24759230.89774257,19491411.79524153
2023-09-21,26571.5952919345,1.310046276386,517940823891.0621,22918000.939293504,19492274.29518607
2023-09-22,26581.1476116306,1.310529519075,518148451376.85046,21431050.261877168,19493080.54518061
2023-09-23,26575.776386616,1.310250960634,518069661036.8464,25911381.9769506,19494055.54517515
2023-09-24,26286.6410488019,1.296058458113,512457226998.516,23986559.95703173,19494968.03517515
2023-09-25,26288.8095005845,1.296187807462,512523325127.045,23824233.609904703,19495874.28505082
2023-09-26,26194.5378880772,1.291644411828,510707682977.8967,22265357.20486562,19496724.28504082
2023-09-27,26336.0825973115,1.298711354638,513493183428.7344,25842281.04861191,19497705.53503481
2023-09-28,27033.4254415546,1.332826815107,527114436863.4653,24668000.71541857,19498618.03503481
2023-09-29,26911.2514739918,1.326653306014,524756938047.9573,24724712.291729968,19499536.78501742
2023-09-30,26977.6933126826,1.329742814001,526075791386.0551,23268260.482188743,19500399.28501742
2023-10-01,27950.1453594389,1.377331393995,545063625648.5012,24631065.59800553,19501280.53500196
2023-10-02,27565.8892954413,1.35843524556,537597189376.07947,27049028.87115177,19502261.78500196
2023-10-03,27439.1422393337,1.351957092666,535153460226.5144,28125120.79531704,19503286.78494104
2023-10-04,27797.251176505,1.369035570095,542160520527.8175,22758999.400763467,19504105.53494104
2023-10-05,27426.3450926359,1.350981968888,534950498590.6463,24169466.612885386,19504986.78492465
2023-10-06,27941.9633760959,1.37581058469,545035568358.9752,27941963.3760959,19505986.78492465
2023-10-07,27972.7515704266,1.376921632645,545666018320.83685,29895878.240893427,19507055.53391919
2023-10-08,27936.3261157218,1.375035048808,544981306054.7192,25841101.657042664,19507980.53391919
2023-10-09,27591.3467618352,1.357643501831,538278357094.6784,26901563.09278932,19508955.53381373
2023-10-10,27419.7971803039,1.349224905545,534959366481.3849,27762544.645057697,19509968.03381373
2023-10-11,26828.1725710111,1.320267435058,523443617438.48944,26828172.5710111,19510968.03380827
2023-10-12,26741.3405990649,1.316151935393,521777018609.8072,27577007.49278568,19511999.28353827
2023-10-13,26842.4467703098,1.321220609655,523772953760.5984,23151610.3393922,19512861.78352188
2023-10-14,26861.9892375804,1.321559699731,524178794761.6759,24511565.17929212,19513774.28252188
2023-10-15,27130.3067092344,1.334644980263,529442998597.0687,28317257.627763405,19514818.03251642
2023-10-16,28506.7936741671,1.401484702482,556330012853.7865,25121611.92535976,19515699.28251642
2023-10-17,28433.2051522501,1.397569787083,554922670009.3156,28788620.216653224,19516711.7825055
2023-10-18,28328.0750195792,1.392147247637,552896547827.5342,25672317.98649365,19517618.0324782
2023-10-19,28690.358041204,1.410163206398,559992553526.0752,25104063.2860535,19518493.03246182
2023-10-20,29704.9853673291,1.458847579295,579821427846.1895,24877925.24513812,19519330.53243997
2023-10-21,29922.5464044418,1.469157536053,584096126027.6635,28052387.25416419,19520268.03243451
2023-10-22,29984.1593196961,1.471860430263,585327499000.0365,28672352.349459395,19521224.28243451
2023-10-23,32954.1690482174,1.613500605985,643338061309.7109,32336278.37856333,19522205.53242902
2023-10-24,33880.9566537113,1.654397557736,661457680682.435,26681253.364797648,19522993.03242901
2023-10-25,34488.6589210988,1.681601781377,673352887607.2732,31039793.02898892,19523893.03242355
2023-10-26,34181.4922521917,1.663662918099,667387843568.6382,32045148.98642972,19524830.53240151
2023-10-27,33896.938528346,1.648793504518,661864606136.3345,32625803.333533023,19525793.03239602
2023-10-28,34091.5890327294,1.65738945553,665699403187.6077,34091589.0327294,19526793.03239598
2023-10-29,34574.3377206312,1.679987904494,675155541179.4105,29604276.673290465,19527649.2823905
2023-10-30,34495.1050207481,1.674700476949,673641945531.777,33632727.3952294,19528624.28239007
2023-10-31,34636.4264736996,1.679986208289,676435313127.4437,33554038.146396488,19529593.03238398
2023-11-01,35431.9794532437,1.715331297044,692005135084.2311,32996030.8658332,19530524.28237621
2023-11-02,34882.9173366452,1.687432786238,681313058707.277,31394625.60298068,19531424.28232469
2023-11-03,34708.2218804792,1.677473281454,677930509621.0774,29501988.59840732,19532274.28231819
2023-11-04,35091.0763062537,1.695198047921,685445372905.6,36845630.12156639,19533324.28231745
2023-11-05,35105.0420265926,1.69531363252,685753933111.1659,35763261.56459121,19534343.03231134
2023-11-06,35017.7151484512,1.690062847822,684075855228.6017,27795311.39908314,19535136.78229968
2023-11-07,35418.4768901227,1.707693280842,691934232277.7666,29441608.914914493,19535968.03228795
2023-11-08,35797.8946090006,1.724477503,699379861493.9697,33336789.354631808,19536899.28228701
2023-11-09,36675.3264333723,1.762200964364,716554937246.1757,32778572.99982649,19537793.03227018
2023-11-10,37367.4943722969,1.792853668717,730114337393.7738,35966213.333335765,19538755.53226972
2023-11-11,36979.9312405026,1.773581111946,722578816039.1404,36979931.2405026,19539755.53225825
2023-11-12,37053.3410514319,1.776498366314,724050510722.7842,37284924.43300335,19540761.78225779
2023-11-13,36543.2680870836,1.751221714879,714110932281.1439,27635846.490856968,19541518.03225147
2023-11-14,35590.6835645821,1.705402061503,695526681621.9908,30696964.57445206,19542380.53225089
2023-11-15,37840.5534894798,1.810152914492,739529498353.9537,35002511.97776881,19543305.53223946
2023-11-16,36160.4044509059,1.729237075753,706727280727.5068,33448374.11708796,19544230.53223902
2023-11-17,36569.7120534775,1.747806543208,714761166975.2008,34284105.05013516,19545168.03222224
2023-11-18,36577.4249617183,1.74769689693,714945979789.7671,34062726.99560017,19546099.28222189
2023-11-19,37442.7285119813,1.78814575059,731899071791.294,39782899.04398013,19547161.7822161
2023-11-20,37516.0503708358,1.789732455017,733371228930.5375,38922902.25974214,19548199.28221029
2023-11-21,36035.0330862069,1.717720966087,704454241190.6842,34233281.43189655,19549149.28218361
2023-11-22,37403.0347168323,1.780655097435,731230704479.3485,33195193.311188664,19550036.78218325
2023-11-23,37311.7192156634,1.775570834214,729479763214.5287,34280142.029390745,19550955.53217752
2023-11-24,37718.7841630625,1.793664605571,737477876623.1957,39604723.37121563,19552005.5321772
2023-11-25,37800.1260932203,1.796938311512,739105838366.7302,37563875.30513767,19552999.28217154
2023-11-26,37482.7055260082,1.781247130023,732933517212.2942,34202968.79248248,19553911.7821613
2023-11-27,37229.2452197545,1.768699884325,728007625505.0597,30248761.741050526,19554724.28215563
2023-11-28,37828.4655911748,1.795694998493,739759969555.1896,34754902.76189185,19555643.03215545
2023-11-29,37846.8531227352,1.794443185541,740151719383.5668,32169825.15432492,19556493.03214977
2023-11-30,37712.7114789597,1.787790724759,737559963657.6083,31584395.86362875,19557330.53214963
2023-12-01,38703.5536820573,1.831958430263,756979072757.1498,40880628.57667302,19558386.78214399
2023-12-02,39462.2799272355,1.866562636124,771849857306.7882,31323184.692243177,19559180.53214366
2023-12-03,39978.2226104617,1.88957149278,781982500933.8688,41227542.06703863,19560211.7821325
2023-12-04,41910.2994815897,1.974157660867,819814934315.0968,40600602.622790016,19561180.53213206
2023-12-05,44067.0054763296,2.070210110876,862040657424.9015,38007792.22333428,19562043.03212622
2023-12-06,43745.8343907072,2.049004981703,855795078786.4973,37183959.23210112,19562893.03212585
2023-12-07,43282.6182261835,2.024192806038,846764339890.7688,31109381.850069392,19563611.78212008
2023-12-08,44205.0522089421,2.063554127808,864847778236.8765,37298012.80129489,19564455.53211968
2023-12-09,43740.0063927528,2.040603828859,855792329926.9049,42919881.27288869,19565436.78211944
2023-12-10,43732.7120900059,2.039126541822,855687879830.6742,38266123.07875516,19566311.7821184
2023-12-11,41209.8947904734,1.920421604102,806366344749.7966,40694771.10559248,19567299.2821182
2023-12-12,41467.2735698422,1.928403638971,811439872900.6285,37320546.21285798,19568199.28211442
2023-12-13,42939.0607583285,1.994507456072,840280084906.0906,39987000.33119342,19569130.53211368
2023-12-14,43033.1371560491,1.997076014934,842160345950.7255,39267737.6548948,19570043.03211355
2023-12-15,41978.0970195792,1.945584187067,821555930265.7354,42765186.33869631,19571061.78211341
2023-12-16,42203.2140450029,1.954587603816,826001802531.8429,40093053.34275276,19572011.78211322
2023-12-17,41428.6657855056,1.918432937883,810881174245.3148,38839374.1739115,19572949.28211309
2023-12-18,42635.7331911163,1.970997560336,834551810875.268,44767519.85067212,19573999.28211291
2023-12-19,42271.863025716,1.952266717846,827472216777.7076,42800261.31353745,19575011.78205268
2023-12-20,43605.1555549386,2.010355157868,853610950918.3718,39517172.22166311,19575918.03205239
2023-12-21,43870.2382340736,2.02055347695,858840219309.1272,40031592.38859216,19576830.53205018
2023-12-22,44009.5016551724,2.024349186253,861612765680.0215,46209976.73793102,19577880.53204999
2023-12-23,43768.8067518995,2.012046953684,856944238425.8184,43768806.7518995,19578880.53204988
2023-12-24,43097.8093258329,1.978993772604,843852920767.2596,46060783.71698392,19579949.28204977
2023-12-25,43623.7504029807,2.002168071468,854188718516.3186,37898133.16258948,19580818.03204967
2023-12-26,42491.1229079486,1.947666354666,832047859801.0199,36914163.02628034,19581686.78204955
2023-12-27,43436.9594269433,1.98454282113,850603955311.5321,35021048.53797304,19582493.03204946
2023-12-28,42670.6797180012,1.948191066046,835630557952.1046,32269701.536738407,19583249.28204935
2023-12-29,41998.6033442431,1.915289168243,822508753451.7498,39636181.90612944,19584192.99589623
2023-12-30,42204.4917744009,1.923525954915,826579160024.2511,38247820.670550816,19585099.24589619
2023-12-31,42217.1587913501,1.923147103068,826868406538.1709,41161729.82156634,19586074.24589616
2024-01-01,44049.4735534775,2.005011405976,862798932438.5515,42672927.50493133,19587042.99589609
2024-01-02,44941.160493571,2.041843744783,880301238448.1906,36795575.15411126,19587861.74589597
2024-01-03,42773.6515423729,1.941607815328,837886611759.9718,42238980.89809324,19588849.24589465
2024-01-04,44250.7452670953,1.991280476371,866868194472.4562,47016416.84628876,19589911.74589451
2024-01-05,44146.3222022209,1.983754393826,864860632050.2275,38076202.89941553,19590774.24589445
2024-01-06,43917.9798147282,1.972626827535,860425656118.4233,38428232.337887175,19591649.24589436
2024-01-07,43844.195949737,1.968589392178,859012443610.0101,32335094.51293104,19592386.74589408
2024-01-08,46981.3242995324,2.105199604079,920512392403.762,36116893.05526553,19593155.49589401
2024-01-09,46084.005795149,2.061111820714,902974871223.5372,43779805.50539155,19594105.49589394
2024-01-10,46818.1592764465,2.090437479903,917398869581.0612,38917594.89854615,19594936.7458919
2024-01-11,46380.8708082992,2.06755309096,908880379024.5656,50149316.56147351,19596017.99589184
2024-01-12,42817.4305356517,1.910157143573,839096097616.4066,44958302.062434286,19597067.99588868
2024-01-13,42846.9544699006,1.911017344621,839717259324.3887,42579161.00446372,19598061.74588858
2024-01-14,41888.1513068381,1.868072683047,820960086253.5798,33510521.04547048,19598861.74588853
2024-01-15,42528.9192489772,1.895817002527,833548710417.6099,30301854.96489625,19599574.24588579
2024-01-16,43171.4472241379,1.915131498731,846175712864.9702,33727693.14385773,19600355.49588569
2024-01-17,42689.304327294,1.892920670298,836757824473.3639,32283786.397516087,19601111.74588458
2024-01-18,41261.9076177674,1.826405496575,808815882007.2329,36619943.01076857,19601999.24588451
2024-01-19,41606.8535330216,1.840326498572,815611837232.0771,34325654.16474282,19602824.24588441
2024-01-20,41668.6904102864,1.842828285649,816861256061.064,37241392.05419347,19603717.99588432
2024-01-21,41537.1123562244,1.836787376079,814318181968.0931,36344973.31169635,19604592.99588423
2024-01-22,39577.0998603156,1.750703117876,775932511818.8115,39577099.8603156,19605592.99588416
2024-01-23,39737.3143617767,1.75685238167,779111859291.3501,38247165.07321008,19606555.49587864
2024-01-24,40101.8568980129,1.769398537471,786296878249.5127,37595490.84188709,19607492.99587857
2024-01-25,39917.6611461134,1.759912897525,782730418148.3042,45156854.17154078,19608624.244873
2024-01-26,41860.7310458796,1.843658004535,820871113388.8333,39767694.49358562,19609574.24487293
2024-01-27,42125.3014155465,1.854538165179,826104247111.5658,45021415.88786532,19610642.9948698
2024-01-28,41983.0202744009,1.847823938144,823356005467.9299,41983020.2744009,19611642.99486977
2024-01-29,43218.3470821157,1.900281404617,847624931690.9917,42137888.40506281,19612617.99486426
2024-01-30,42950.0541277031,1.884454643724,842401659509.7396,38655048.71493279,19613517.99476277
2024-01-31,42589.4708059614,1.865776569305,835364222162.0884,34870129.2223809,19614336.7445918
2024-02-01,43020.3596548802,1.883692689819,843856959361.5793,41138218.91997919,19615292.99455433
2024-02-02,43155.3852030976,1.888479126867,846556232629.2255,50707577.61363968,19616467.99455428
2024-02-03,42982.3789979544,1.880647419447,843203026562.8829,40564620.17931946,19617411.74454332
2024-02-04,42576.2913050847,1.862423695961,835277882869.2004,41245782.2018008,19618380.49453234
2024-02-05,42619.2742738165,1.863325630825,836162692896.9808,41553792.41697109,19619355.4945323
2024-02-06,43102.7062632963,1.881777313878,845693113581.4182,45796625.40475232,19620417.99453229
2024-02-07,44253.0314731151,1.929905898886,868307228059.1835,44253031.4731151,19621417.99453227
2024-02-08,45332.09157218,1.974244701407,889519016233.136,39098928.98100525,19622280.49453222
2024-02-09,47176.9665137347,2.050894304805,925768615916.4116,48946102.75799976,19623317.99453217
2024-02-10,47792.8972156634,2.075743628106,937900623195.3083,45403252.35488023,19624267.99453216
2024-02-11,48200.7986057861,2.091679256465,945946661324.0156,41271933.80620434,19625124.24452782
2024-02-12,49989.80371654,2.163451148703,981112034988.7356,55926092.90787913,19626242.99451125
2024-02-13,49628.0941528346,2.144571750971,974054908900.8116,41873704.441454194,19627086.74447811
2024-02-14,51844.2929193454,2.227481564237,1017597474063.2532,45039729.47368132,19627955.49447146
2024-02-15,51939.1472919345,2.227672856945,1019510236754.0828,50965288.280210726,19628936.74445056
2024-02-16,52157.3123977206,2.233361065632,1023836267564.0166,43681749.133091,19629774.24444057
2024-02-17,51674.8158521333,2.211108586549,1014413414440.1022,48445139.86137497,19630711.74443719
2024-02-18,52148.0645365283,2.229209056718,1023743059920.6989,39436973.80574953,19631467.99443716
2024-02-19,51804.8051537113,2.207720044105,1017048408416.95,44034084.38065461,19632317.99442621
2024-02-20,52308.0531712449,2.226411177484,1026974429999.0884,46096471.85715957,19633199.24442615
2024-02-21,51744.321808007,2.199223255693,1015951209301.8634,44629477.55940604,19634061.7444261
2024-02-22,51292.3252574518,2.176256754311,1007119959019.4268,43277899.43597496,19634905.49442602
2024-02-23,50789.1431759205,2.151044247173,997290498112.2656,50471711.031071,19635899.24440955
2024-02-24,51578.2349164231,2.182874558495,1012829187887.0153,44163863.64718728,19636755.4944095
2024-02-25,51746.4789669784,2.188723304731,1016185995310.12,53040140.94115286,19637780.49437124
2024-02-26,54551.8259184687,2.30035580813,1071322129159.3308,45346205.29472711,19638611.74437117
2024-02-27,57049.888220339,2.39296751458,1120426601291.386,45996472.37764832,19639417.99437111
2024-02-28,62460.740619813,2.578804516452,1226750759834.859,58166564.70220085,19640349.24436558
2024-02-29,61394.7818515488,2.523625575021,1205865991757.463,51034412.41409994,19641180.49434917
2024-03-01,62524.401817066,2.552193764104,1228113241125.587,60179736.74892602,19642142.99432728
2024-03-02,62049.6145637054,2.530515094253,1218836653884.7495,49251881.55994116,19642936.74432721
2024-03-03,62991.4422913501,2.564912446775,1237397939322.0188,61022959.719745405,19643905.49431723
2024-03-04,68091.8388243717,2.751198902437,1337644545844.4673,54899045.05214968,19644711.74430514
2024-03-05,63950.524329924,2.565781926711,1256356364718.29,66748359.76935817,19645755.494305
2024-03-06,66103.7215400351,2.612226371577,1298715391395.494,57840756.34753072,19646630.49430491
2024-03-07,67070.3791484512,2.630694305772,1317782410417.2563,75454176.5420076,19647755.49427749
2024-03-08,68343.7149552893,2.663773784415,1342866381837.3845,65780825.64446595,19648717.99427193
2024-03-09,68502.5053392753,2.664446669894,1346056196239.3835,69786927.31438671,19649736.74426524
2024-03-10,68882.2513395675,2.673324643842,1353579668685.426,61563512.134738445,19650630.49424315
2024-03-11,72198.0875341905,2.776042557045,1418814650993.1611,76710468.0050774,19651692.99423977
2024-03-12,71432.7283018702,2.732831670246,1403836996419.445,62950091.81602311,19652574.24421644
2024-03-13,73081.5759053185,2.746836537171,1436314177938.6284,73081575.9053185,19653574.24420429
2024-03-14,71505.2729076563,2.676637138189,1405397203963.9863,63014021.74987211,19654455.49419763
2024-03-15,69424.9141753361,2.593181988006,1364563991872.797,55106025.62667304,19655249.24419096
2024-03-16,65433.6819006429,2.443363523614,1286174217035.593,58890313.71057861,19656149.24418545
2024-03-17,68285.0891691993,2.541969044316,1342284214005.9248,62310143.86689436,19657061.74418201
2024-03-18,67770.8865245471,2.51875351754,1332237494666.7705,60993797.87209239,19657961.74415137
2024-03-19,61969.3075394506,2.30649799611,1218251084304.752,60807383.02308591,19658942.99414585
2024-03-20,67848.1076396844,2.517432122856,1333885263897.7363,63183550.239456095,19659874.24412035
2024-03-21,65454.7357232612,2.425056482588,1286880964052.164,49091051.7924459,19660624.24410392
2024-03-22,63486.4849997078,2.347242779085,1248237492815.0354,53566721.71850345,19661467.993082
2024-03-23,64361.2429047341,2.355130916016,1265499269578.2336,62752211.83211576,19662442.99308194
2024-03-24,67289.5658310929,2.459089042138,1323148747346.792,71495163.69553621,19663505.49308191
2024-03-25,70042.0204237288,2.531973278125,1377329438014.7815,57784666.84957626,19664330.49307314
2024-03-26,70071.0472144945,2.529858023857,1377958914921.447,58684502.042139135,19665167.9930425
2024-03-27,69267.8879815897,2.497305617703,1362223531385.005,58877704.784351245,19666017.9930282
2024-03-28,70826.8968714202,2.542320039061,1392950313815.1062,67285552.0278492,19666967.99301939
2024-03-29,69917.0430070134,2.50681430136,1375119172323.965,62925338.70631206,19667867.99301605
2024-03-30,69663.0119073641,2.495980095994,1370190408232.7249,67486042.78525896,19668836.74301601
2024-03-31,71227.4517939801,2.54947270434,1401022109461.656,60988505.598595455,19669692.99300506
2024-04-01,69791.6277305669,2.483865174687,1372845320592.963,65429650.99740648,19670630.49299956
2024-04-02,65533.7548351841,2.325824861038,1289150894904.9507,60618723.22254529,19671555.49299954
2024-04-03,66130.2162393337,2.343574739079,1300942909083.0212,58690566.91240866,19672442.99299949
2024-04-04,68438.135024547,2.422340254314,1346404337707.192,59027891.458671786,19673305.49297218
2024-04-05,67904.9094766219,2.401839662162,1335976840644.8728,62812041.26587526,19674230.49293393
2024-04-06,69136.0710783168,2.442327543695,1360265973337.5532,66975568.8571194,19675199.24290541
2024-04-07,69392.6830108124,2.449775072637,1365388593961.6086,73729725.69898817,19676261.74288233
2024-04-08,71712.7972840444,2.52594267686,1411110586059.4548,70816387.31799385,19677249.24284075
2024-04-09,69074.5418638223,2.431151797828,1359260007106.1987,63030519.45073785,19678161.74280136
2024-04-10,70579.4456767972,2.480887886464,1388940357095.897,66609351.85747736,19679105.49278382
2024-04-11,70046.5536057861,2.459930871341,1378511306220.9265,57788406.724773526,19679930.49278382
2024-04-12,67098.113691993,2.355699837214,1320543247051.6003,57033396.63819405,19680780.49277836
2024-04-13,64551.6482875512,2.266724603585,1270492985833.1172,66165439.49473998,19681805.49276744
2024-04-14,65648.8099602572,2.303797513539,1292151526364.2097,64417894.77350238,19682786.74276744
2024-04-15,63393.325166277,2.224653591762,1247813165529.85,55865367.80278161,19683667.99275647
2024-04-16,63784.8203340152,2.235583060627,1255585004528.3423,65778095.96945318,19684699.24275641
2024-04-17,61324.2184286967,2.150115532828,1207201304926.8154,52508862.02957154,19685555.4927367
2024-04-18,63510.14500263,2.223657090198,1250290039869.588,57556068.90863344,19686461.74273122
2024-04-19,63762.6310300994,2.229521797353,1255319975339.04,59378950.14678007,19687392.99271483
2024-04-20,64907.9928366452,2.268874228093,1277895532215.4429,26368872.089887112,19687799.24271483
2024-04-21,64968.192619813,2.270178573833,1279109157045.1768,28423584.271168187,19688236.74271483
2024-04-22,66944.5960911748,2.336371416788,1318052855171.249,31798683.14330803,19688711.74270937
2024-04-23,66385.3002919345,2.315430605828,1307075893683.7517,34852282.65326561,19689236.74270937
2024-04-24,64189.9679064874,2.229186378145,1263882566632.7507,31092015.70470484,19689721.11769845
2024-04-25,64515.3874725307,2.239412644798,1270318817448.1624,28830313.77678716,19690167.99269845
2024-04-26,63777.4715002922,2.213395882136,1255815635501.8833,26507511.592308942,19690583.61769845
2024-04-27,63429.3099649328,2.200293292653,1248987882000.5325,27750323.1096581,19691021.11769845
2024-04-28,62978.5770049678,2.182739504636,1240140042894.858,27553127.43967341,19691458.61769844
2024-04-29,63908.3888766803,2.213049963714,1258475557385.6252,26162496.696391,19691867.99269843
2024-04-30,60636.3261633548,2.099491659604,1194069248252.2043,26717881.21572821,19692308.61769843
2024-05-01,58141.7772799532,2.01516295818,1144969805261.1355,23983483.12798069,19692721.11769297
2024-05-02,59170.1088936295,2.050901531028,1165247264400.3933,26811455.592425868,19693174.24267659
2024-05-03,62983.6554783752,2.180678249434,1240373492062.4695,25390286.11472,19693577.36767659
2024-05-04,63881.1305429573,2.210725676775,1258076134304.8257,28147623.14549056,19694017.99266567
2024-05-05,64067.5959918177,2.216655067084,1261776217571.7017,27829362.00894581,19694452.36766567
2024-05-06,63228.1031341321,2.186202853853,1245266971187.337,24105714.319887865,19694833.61766567
2024-05-07,62396.999720339,2.157205469069,1228922316589.07,23788856.143379245,19695214.86765475
2024-05-08,61079.27442782,2.110540935051,1202993674653.4016,24240837.038541064,19695611.74265472
2024-05-09,62998.4903381064,2.175223560734,1240822352263.6616,28546190.934454463,19696064.8676547
2024-05-10,60896.6418880772,2.102988744981,1199451802640.4268,27593790.85553498,19696517.99264919
2024-05-11,60843.5729240211,2.100448702876,1198436760485.3406,30231650.296622984,19697014.86764918
2024-05-12,61431.2746879018,2.119745795365,1210038071267.0503,25340400.80875949,19697427.36764917
2024-05-13,62886.9394491526,2.168233271084,1238739810860.9,28888687.809454475,19697886.7426437
2024-05-14,61555.5670046756,2.121406641577,1212540748352.6196,26161115.97698713,19698311.74263277
2024-05-15,66281.5322542373,2.275705533512,1305663490423.4849,29205300.14952331,19698752.36763277
2024-05-16,65269.2603246639,2.238813737175,1285751959588.0232,28963234.269069605,19699196.11762728
2024-05-17,66956.4409476914,2.293532882786,1319020493592.986,32432026.08403802,19699680.49262727
2024-05-18,66977.6006914085,2.293351817746,1319464124823.7952,26791040.2765634,19700080.49262727
2024-05-19,66259.4704260666,2.267741433359,1305348788162.1487,31887370.14254456,19700561.74262181
2024-05-20,71202.2025902981,2.430732575262,1402758099414.36,34711073.762770325,19701049.24261848
2024-05-21,70217.2546914085,2.392177115696,1383383873548.006,30281191.08566992,19701480.49261845
2024-05-22,69074.9141350088,2.350508549105,1360911099802.7354,33026443.32080108,19701958.61760751
2024-05-23,67758.7306586791,2.30342600975,1335015492496.5051,35785079.629114896,19702486.74257751
2024-05-24,68608.998279661,2.329942400919,1351802183524.9346,34304499.1398305,19702986.74256659
2024-05-25,69282.7925976037,2.351755247843,1365112585433.804,34641396.29880185,19703486.74255113
2024-05-26,68445.0069532437,2.321857258415,1348641220725.702,35933628.65045294,19704011.74255105
2024-05-27,69347.815260374,2.349289009693,1366456821776.78,26655566.490706258,19704396.11754556
2024-05-28,68342.8204488603,2.276025405912,1346682624470.3232,28618556.06296025,19704814.86754006
2024-05-29,67584.2632402104,2.249666771523,1331764329620.136,28934512.69971508,19705242.99254002
2024-05-30,68375.4760260082,2.274593932765,1347381651646.683,26281823.5974969,19705627.36754001
2024-05-31,67377.7626122151,2.240434640049,1327752245108.245,31162215.208149485,19706089.86751266
2024-06-01,67714.3526399766,2.250811711614,1334414955080.0835,29836636.631989688,19706530.49250719
2024-06-02,67805.4855742256,2.252890611825,1336240533927.6711,29664899.9387237,19706967.99250718
2024-06-03,68833.3028351841,2.282844084426,1356529467104.4695,33771339.2035122,19707458.61712567
2024-06-04,70554.0894330801,2.336035028633,1390471342294.432,29544524.95010229,19707877.36709835
2024-06-05,71087.4433158971,2.350051564625,1401009939445.891,27324236.02454795,19708261.74209288
2024-06-06,70788.5013755114,2.333807126267,1395147734909.9626,29421470.88419692,19708677.36709285
2024-06-07,69338.1573240795,2.283767499815,1366594140735.1128,30768807.31256028,19709121.11707542
2024-06-08,69310.1092618352,2.281753656488,1366078592262.9685,37254183.72823642,19709658.61707541
2024-06-09,69644.0190894214,2.291783692164,1372693139520.204,33298546.627129607,19710136.74207538
2024-06-10,69465.9362478083,2.284430208974,1369213276623.9949,30174266.05764173,19710571.11703716
2024-06-11,67368.263506429,2.210797104332,1327892843551.052,25894676.285283647,19710955.49203714
2024-06-12,68213.8346838106,2.236528862009,1344590981955.8423,31122562.074488584,19711411.74203711
2024-06-13,66783.4902767388,2.189193919128,1316427135683.067,30261269.03164727,19711864.86702071
2024-06-14,65982.1865195792,2.162288948988,1300658337179.108,26392874.60783168,19712264.8670207
2024-06-15,66204.904308007,2.168574282271,1305076332518.8728,27723303.67897793,19712683.6170207
2024-06-16,66622.5999336645,2.181700780897,1313344170121.058,33935886.84121036,19713192.99199885
2024-06-17,66483.8785260082,2.17600767278,1310638614936.662,29086696.855128583,19713630.49199884
2024-06-18,65112.1230020456,2.131170120016,1283627261670.329,30928258.42597166,19714105.49199881
2024-06-19,64878.7141525424,2.122527340691,1279053591186.5366,27776199.496557213,19714533.61697697
2024-06-20,64897.7011542957,2.122824344632,1279454884177.93,26973107.04225416,19714949.24197697
2024-06-21,64086.0489228521,2.094841851078,1263481239279.2856,28037646.4037478,19715386.74197697
2024-06-22,64258.135506429,2.094393635978,1266904515441.6245,30522614.36555377,19715861.74197151
2024-06-23,63345.0218760959,2.064629768046,1248923864108.922,22170757.656633563,19716211.74197148
2024-06-24,60258.9554374635,1.965852605759,1188106947758.8867,28623003.83279516,19716686.74197148
2024-06-25,61739.6658477498,2.013824808421,1217325575193.919,23924120.516003046,19717074.24196055
2024-06-26,60794.4760584454,1.983142815892,1198712185856.7195,22987911.259599663,19717452.36696053
2024-06-27,61569.9234275278,2.00449611147,1214027045201.079,25012781.392433167,19717858.61696053
2024-06-28,60303.3147364115,1.963323618484,1189077674566.551,25440460.9044236,19718280.49194415
2024-06-29,60889.3298430742,1.982090071071,1200662758639.697,29873827.45425828,19718771.11694415
2024-06-30,62763.2796861485,2.04224535277,1237638479045.0432,23732365.1313249,19719149.24194414
2024-07-01,62835.3997647575,2.04314593286,1239088312485.809,27686848.021346275,19719589.86693321
2024-07-02,62028.6170385739,2.017079157971,1223207576249.1216,28688235.380340427,19720052.36693319
2024-07-03,60216.3920859147,1.956495892684,1187497690834.3545,27285552.663930096,19720505.49192773
2024-07-04,57418.2420213326,1.867131113244,1132341877598.4685,25120480.884333007,19720942.99191134
2024-07-05,56720.9881256575,1.84216706331,1118612820894.606,21447623.63501424,19721321.11691133
2024-07-06,58259.221773232,1.891715119434,1148978860522.4868,30039911.22682275,19721836.74191132
2024-07-07,56112.5725587376,1.82212870475,1106667719773.1875,24724602.28369376,19722277.36689043
2024-07-08,56691.9149061952,1.84231499501,1118121839034.7312,28168795.21901574,19722774.2418795
2024-07-09,57981.4320967271,1.882826099963,1143582599028.2349,27903564.19654992,19723255.49186956
2024-07-10,57722.0113527177,1.873671456415,1138490509268.5652,24531854.824905023,19723680.49186079
2024-07-11,57307.712738457,1.860391707754,1130344087896.4204,25072124.323074937,19724117.99185086
2024-07-12,57859.1202819988,1.877696697499,1141247236802.8015,27121462.63218693,19724586.74173565
2024-07-13,59329.0372016365,1.924461076714,1170269292685.8416,28552099.153287563,19725067.99172466
2024-07-14,61015.0339412624,1.978252221421,1203557535228.1936,31842220.83809632,19725589.86670117
2024-07-15,64734.7611697837,2.094337235781,1276962300259.14,30951307.68430284,19726067.99166178
2024-07-16,65118.8266583869,2.10249498714,1284568316160.6465,29913960.99619648,19726527.36664754
2024-07-17,64201.3707805377,2.0722141993,1266501997732.3315,31900056.10657967,19727024.24161113
2024-07-18,63984.3022022209,2.063284607936,1262245674295.565,25793671.8252703,19727427.36657918
2024-07-19,66755.7833828171,2.146794861585,1316950533921.2432,30665937.9914816,19727886.7415737
2024-07-20,67185.4978112215,2.159544550027,1325462534018.3325,34642522.308911085,19728402.36657367
2024-07-21,68056.6201215663,2.186185421436,1342684327868.0134,35942402.5017022,19728930.49154719
2024-07-22,67535.1976738749,2.167482354881,1332434998137.292,37777501.198823765,19729489.86647783
2024-07-23,65916.4081616014,2.109594621683,1300531918961.3372,34812103.06034574,19730017.9914679
2024-07-24,65353.3857784921,2.091076478928,1289452069316.2412,28592106.27809029,19730455.49142156
2024-07-25,65722.0611917007,2.101052278672,1296759680321.8955,33477174.919522543,19730964.8664161
2024-07-26,67912.2433091759,2.167988897972,1340008042854.506,33956121.65458795,19731464.8664161
2024-07-27,68077.3730812391,2.17149524018,1343299057385.0393,32762235.79534632,19731946.11639955
2024-07-28,68170.6691309176,2.173689504641,1345171498943.8967,31528934.47304939,19732408.61638863
2024-07-29,66867.167277031,2.130351323441,1319487462592.1409,37194861.797848485,19732964.866382
2024-07-30,66186.9146861484,2.10753663783,1306095087232.0293,31025116.259132065,19733433.61637869
2024-07-31,64690.6340385739,2.060104597961,1276596836711.3477,28504310.623246625,19733874.24136445
2024-08-01,65178.0554891876,2.073446664875,1286244065719.223,28515399.27651957,19734311.74135899
2024-08-02,61506.7698877849,1.958129492294,1213817797251.566,24026081.987415977,19734702.36635898
2024-08-03,60688.2444272355,1.931910948089,1197690043760.8433,25602853.11773997,19735124.24134891
2024-08-04,58306.2644786675,1.85658107668,1150707429146.879,26055611.93890453,19735571.11634013
2024-08-05,54343.6276773816,1.734614783702,1072529021264.8894,26492518.49272353,19736058.61633134
2024-08-06,56047.4712866744,1.790105908673,1106180699377.314,24520768.68792005,19736496.11628981
2024-08-07,55129.7410376973,1.76102665944,1088088938095.4432,21018213.770622093,19736877.36627343
2024-08-08,61908.7896724138,1.974027468759,1221911146638.464,24956980.83669181,19737280.49125374
2024-08-09,60720.9407594974,1.934847151042,1198490907345.185,24667882.183545817,19737686.74125373
2024-08-10,60871.5550727645,1.937094140148,1201488224323.9707,24538845.63870819,19738089.86623947
2024-08-11,58836.1043722969,1.872742222889,1161341917394.8513,29601915.01231188,19738592.99123943
2024-08-12,59394.1629538282,1.890144044639,1172382636726.98,25428126.014607698,19739021.11623942
2024-08-13,60536.2457846289,1.926417221684,1194954421029.1013,28187189.44346784,19739486.74122304
2024-08-14,58840.6466797195,1.87350048326,1161508436746.0671,24271766.75538429,19739899.24122303
2024-08-15,57644.1876879018,1.835793831991,1137919278895.1729,28822093.8439509,19740399.241223
2024-08-16,58927.2765087668,1.876508258409,1163274113459.3052,26148978.950765267,19740842.99121208
2024-08-17,59414.6743351841,1.891903199321,1172923422382.6035,27664957.73732009,19741308.61621206
2024-08-18,58793.2061458212,1.871999609436,1160683488749.228,28661687.996087834,19741796.11621206
2024-08-19,59411.5190169492,1.891279440638,1172914231316.018,24135929.600635607,19742202.36620113
2024-08-20,59123.3002662186,1.882426600371,1167251872460.36,27714046.999789968,19742671.11620112
2024-08-21,61133.0256493279,1.945233846186,1206957302716.6252,28082983.657660004,19743130.49120111
2024-08-22,60394.4737749854,1.921170694846,1192406173923.517,30197236.8874927,19743630.49119564
2024-08-23,64106.8029152543,2.035903975825,1265733883467.168,32854736.49406783,19744142.99119548
2024-08-24,64023.226703682,2.032046751517,1264114353900.488,30611105.26769796,19744621.11619545
2024-08-25,64498.0183413209,2.046583028581,1273515741882.9749,26806988.873111498,19745036.74118453
2024-08-26,62983.4427729398,1.998001382993,1243636765954.651,26374316.66116854,19745455.49118453
2024-08-27,59548.0076215663,1.891971799295,1175828958505.758,26424428.38207004,19745899.24113451
2024-08-28,59100.7747548217,1.875827072948,1167027678458.671,29735077.298519667,19746402.36612904
2024-08-29,59339.7909947399,1.883349152914,1171771866967.5942,24477663.785330206,19746814.86612355
2024-08-30,59142.9399640561,1.876982694923,1167910930786.7915,26244679.60904989,19747258.61610169
2024-08-31,58959.926273232,1.87073697854,1164323996819.61,27084716.13176595,19747717.99109622
2024-09-01,57349.0807180012,1.820019010688,1132538921721.956,25448654.56861304,19748161.74109074
2024-09-02,59159.0238877849,1.877143284457,1168312845795.648,30873615.591437746,19748683.61607434
2024-09-03,57637.7754444769,1.829729699885,1138297029175.8745,26837589.19133456,19749149.24106341
2024-09-04,58033.3989704851,1.841861370616,1146137641743.4744,27384510.13919765,19749621.11604703
2024-09-05,56112.9529400935,1.781930708989,1108236739981.0042,27179711.580357783,19750105.49104703
2024-09-06,53838.9534623028,1.710811543806,1063349406183.8052,24395775.78760596,19750558.61604639
2024-09-07,54066.4399248977,1.718206634267,1067869086202.0573,26695304.71291824,19751052.36604087
2024-09-08,54859.2584082408,1.743469313486,1083556715258.8136,28629675.481800668,19751574.24104087
2024-09-09,57135.7814371712,1.814072811646,1128547518526.8225,25889650.9637182,19752027.36603539
2024-09-10,57664.4998214494,1.830850569033,1139015466135.6826,24687613.986058023,19752455.49102993
2024-09-11,57409.1950663355,1.822802476165,1133991945926.9812,19375603.33488823,19752792.99102992
2024-09-12,58124.6418065459,1.844923692611,1148151626487.3196,27609204.858109303,19753267.99102987
2024-09-13,60536.8814503215,1.918166417135,1195824511492.5513,23268863.807467327,19753652.36601894
2024-09-14,60007.1702507306,1.901061522523,1185386846216.0225,26065614.577661105,19754086.74101892
2024-09-15,59129.9197536528,1.873189573393,1168085465734.0293,27901930.88375492,19754558.61601892
2024-09-16,58227.46421654,1.844209085413,1150280600030.6746,22745103.20958593,19754949.24101345
2024-09-17,60238.2177255991,1.906555569386,1190031170202.8845,28236664.558874577,19755417.99101343
2024-09-18,61306.2337317358,1.938486988135,1211156711137.1653,26438313.296811063,19755849.24099158
2024-09-19,62994.6096528346,1.989407371018,1244536027989.0344,24016694.930143192,19756230.49095334
2024-09-20,63153.9518270018,1.991251479392,1247712645343.231,28616634.42161019,19756683.61595331
2024-09-21,63367.7296078317,1.997224680189,1251962918584.1355,26733260.928304,19757105.4909533
2024-09-22,63571.9521729983,2.00309504051,1256024783427.4387,27018079.67352428,19757530.4909533
2024-09-23,63336.0126347165,1.993210662996,1251392097859.85,28897055.764589403,19757986.740926
2024-09-24,64342.7891113384,2.02322807255,1271313129462.337,29155326.31607521,19758439.86592598
2024-09-25,63059.6269167154,1.980828516174,1245988223233.761,28376832.11252193,19758889.86592598
2024-09-26,65057.7861461134,2.040909822528,1285496061106.9304,26429725.621858567,19759296.11591505
2024-09-27,65767.7132542373,2.061133588941,1299551877858.9436,28156802.236970343,19759724.24090959
2024-09-28,65770.5276478667,2.059734897491,1299634003244.5647,26513743.958046265,19760127.36590413
2024-09-29,65617.7610689655,2.054377793402,1296647099791.2417,31783603.01778016,19760611.74090413
2024-09-30,63260.0425482174,1.980655974681,1250084222714.1135,27083205.71595557,19761039.8659041
2024-10-01,60858.2487086499,1.906306811115,1202652137478.4417,29858578.27268136,19761530.49089476
2024-10-02,60686.0993135593,1.901135632078,1199279596723.505,29394829.355005283,19762014.86483653
2024-10-03,60765.2367498539,1.903667765594,1200873514750.205,30002835.645240363,19762508.61481409
2024-10-04,62052.5100496785,1.942653036999,1226346035907.7808,32771481.869986456,19763036.73978672
2024-10-05,62030.4538977206,1.941600018448,1225939409986.7307,29270620.432986908,19763508.61478671
2024-10-06,62789.8814555815,1.964736190677,1240978188262.51,29825193.69140121,19763983.61478667
2024-10-07,62416.508829924,1.952455630153,1233629090802.9285,30232996.46449444,19764467.9897812
2024-10-08,62126.3273769725,1.926780183281,1227926230938.8872,32422177.099857524,19764989.86473206
2024-10-09,60615.2581917008,1.880158282942,1198084020487.346,24056680.59483125,19765386.73972658
2024-10-10,60221.1172869667,1.868650690361,1190322842678.6824,29169603.68587449,19765871.11472103
2024-10-11,62462.539962595,1.931911669891,1234653841758.9736,27327361.23363532,19766308.61470463
2024-10-12,63202.8806992987,1.953970337674,1249315889028.0068,28243787.312499102,19766755.48970459
2024-10-13,62759.431113384,1.939547429605,1240577394495.5432,27065004.66764685,19767186.7396991
2024-10-14,66089.7587410871,2.039522213226,1306437310355.3203,28707738.95315971,19767621.11469362
2024-10-15,66933.974833723,2.060181206339,1323158084525.473,32630312.73143996,19768108.61468267
2024-10-16,67662.9534038574,2.079852586869,1337598426066.1377,29813988.843574665,19768549.23967718
2024-10-17,67337.9075482174,2.067823405287,1331205778724.287,33037660.89084416,19769039.8646717
2024-10-18,68390.5375625365,2.097751626956,1352044329417.828,29065978.46407801,19769464.86466077
2024-10-19,68357.8982963179,2.095293659588,1351436024579.4995,36955988.76644687,19770005.48965524
2024-10-20,69012.3532089421,2.110307256847,1364411911597.1309,37309803.45358432,19770546.1146388
2024-10-21,67440.4625058445,2.056928495458,1333370812454.5571,36038497.15156066,19771080.48953557
2024-10-22,67425.7553211572,2.054857304008366,1333109112878.5735,29077356.98224904,19771511.73952461
2024-10-23,66647.2866642315,2.030149964645596,1317749059876.3137,31449188.39468424,19771983.61450366
2024-10-24,68130.9948369374,2.0735534317639304,1347116211228.2568,31297675.75321812,19772442.98945587
2024-10-25,66261.5376861485,2.015882390039284,1310184157590.396,31681297.70618975,19772921.11445039
2024-10-26,67023.3399611338,2.038385405545456,1325277793277.3464,30579398.857267298,19773377.36445039
2024-10-27,68000.1475008767,2.0672450714484363,1344626789947.3325,34212574.21137859,19773880.48945036
2024-10-28,69862.5205470485,2.12079659111609,1381489809812.0127,36677823.28720047,19774405.4894449
2024-10-29,72678.7866201052,2.199387577615285,1437215455136.4832,35658029.68548912,19774896.11444483
2024-10-30,72450.2843819404,2.1895048875101897,1432735109920.4976,38262806.43921227,19775424.23943382
2024-10-31,70367.0819576271,2.1253164193551783,1391573641948.6345,34743746.71657838,19775917.98941723
2024-11-01,69483.5830303916,2.096717117505966,1374134861457.608,33221838.136405986,19776396.11441125
2024-11-02,69241.6794865576,2.088469515716,1369381390768.1792,30509615.02376444,19776836.73940964
2024-11-03,68742.7546227352,2.072996077959187,1359542591577.401,28356386.28187827,19777249.23940946
2024-11-04,67779.0969795441,2.042171591332332,1340516077446.8154,31983261.38722237,19777721.11439293
2024-11-05,69538.0241729982,2.0934035678438234,1375333854518.3318,30205579.25014609,19778155.48938731
2024-11-06,75696.0366192285,2.265383861200003,1497164174352.868,36192167.50856863,19778633.61438602
2024-11-07,75972.2955546464,2.268079148113374,1502665235112.8457,37036494.08289012,19779121.11438028
2024-11-08,76507.4474012273,2.2784564278185018,1513284018479.047,33950179.78429461,19779564.86435818
2024-11-09,76799.2527469316,2.285490807522989,1519089160917.0645,33359675.411948413,19779999.23935142
2024-11-10,80409.2865666277,2.386299165227104,1590532816418.8228,37189295.03706531,19780461.73934022
2024-11-11,88859.998448568,2.614736204421692,1757729564966.6409,37765499.3406414,19780886.73931287
2024-11-12,88048.7488877849,2.574402718870185,1741722501527.2258,40172241.680051856,19781342.98929098
2024-11-13,90369.3819693162,2.6237625094988872,1787666712260.7617,38971795.97426761,19781774.2392854
2024-11-14,87204.2569827586,2.5169171310403327,1725089533526.0042,34609189.49003232,19782171.11427343
2024-11-15,91139.0844427236,2.6166281818489865,1802971685081.548,42721445.83252669,19782639.86418062
2024-11-16,90567.6957568673,2.5963251574245816,1791712543259.298,44434775.73071302,19783130.48914509
2024-11-17,89732.9704292811,2.570045957525609,1775241125510.354,42062329.88872552,19783599.2391384
2024-11-18,90587.6965534775,2.586767436063493,1792194846112.7312,44161502.06982028,19784086.73913822
2024-11-19,92254.1385800701,2.616096692148944,1825214331192.41,50451482.03597584,19784633.61411426
2024-11-20,94160.0406858562,2.6545840511759584,1862965160745.666,43254768.69006519,19785092.98823511
2024-11-21,98545.5688798948,2.7357035205093947,1949777589238.2927,44345505.99595266,19785542.9868657
2024-11-22,98938.3495450029,2.7268624607806946,1957593180961.8809,44213074.95292317,19785989.86100384
2024-11-23,97707.0484590883,2.682475835762373,1933272806307.216,42136164.64798183,19786421.11082408
2024-11-24,97980.2082819988,2.684190145202477,1938718690784.532,41029212.218087,19786839.86060396
2024-11-25,93343.0290745178,2.550936868826198,1847012865185.4243,49296787.22997971,19787367.98557194
2024-11-26,91875.5699593805,2.504171774475637,1818015620103.3584,39908450.70110591,19787802.3603786
2024-11-27,95989.0802273524,2.606953545179931,1899452843747.872,39895461.469493344,19788217.98530596
2024-11-28,95737.9402822911,2.593738763868712,1894525715473.941,42483711.00026668,19788661.73523034
2024-11-29,97398.9417399182,2.6309948422566616,1927431540403.9875,36828974.84540657,19789039.85990686
2024-11-30,96463.6248980129,2.6035102735918114,1908971954209.812,49437607.76023161,19789552.34398553
2024-12-01,97469.6044529515,2.627590012401485,1928927963341.32,48125617.1986448,19790046.07813313
2024-12-02,95726.4417258913,2.572610271286454,1894468683534.5496,37991431.55996312,19790442.94740718
2024-12-03,96010.8774228521,2.5714581344527,1900144891598.9807,47105336.73558681,19790933.51298461
2024-12-04,98920.2528255406,2.637537468218781,1957769580344.108,45441491.14173272,19791392.8080724
2024-12-05,96949.6644117475,2.5624396365200885,1918815845330.0728,46959993.6994402,19791877.12482239
2024-12-06,99953.1056580947,2.619701356628037,1978302063761.216,42480069.90469025,19792302.10743335
2024-12-07,99977.7002282291,2.6172416537051104,1978833208148.32,44365104.47627666,19792745.81862795
2024-12-08,100798.98356429,2.635830347444721,1995134647453.3623,45989536.251207314,19793202.04336046
2024-12-09,97390.1988597311,2.528321562198401,1927714706540.8667,50825510.029922165,19793723.89738428
2024-12-10,96835.5017387493,2.5042559556430377,1916781784711.18,46602085.21177311,19794205.12409209
2024-12-11,101310.201899766,2.607825988676539,2005399870980.495,44956402.09302116,19794648.84459111
2024-12-12,100090.890479544,2.5725090268010704,1981310308332.672,46292036.8467891,19795111.21182003
2024-12-13,101289.823976914,2.5964143923269845,2005097135868.2256,53810218.98773556,19795642.41641123
2024-12-14,101366.87166803,2.5956011229498386,2006672700085.492,50366664.36005241,19796139.18299872
2024-12-15,104551.367141146,2.671579602981782,2069758175682.208,44761054.05730313,19796567.29775711
2024-12-16,105855.672229982,2.6904870242055368,2095627894157.28,48958248.40636668,19797029.76713727
2024-12-17,106115.910582992,2.6825053486643022,2100824937855.996,45099261.9977716,19797454.74843723
2024-12-18,100469.770656926,2.5337669288940026,1989090947935.36,45211396.7956167,19797904.73223539
2024-12-19,97697.045779661,2.449250681750823,1934241071545.3303,44268973.86890889,19798357.83271974
2024-12-20,97617.4422051432,2.438923701718572,1932711114045.7795,46063230.540551946,19798829.70078425
2024-12-21,97093.0190832846,2.4247953422211608,1922372144875.56,43995274.27211333,19799282.82203878
2024-12-22,95149.1058252484,2.3683246829858304,1883930144105.836,46087848.13410469,19799767.19451128
2024-12-23,94800.7562060199,2.3466031181287983,1877074081164.9585,41179078.47698989,19800201.56258799
2024-12-24,98637.7330543542,2.432547289582645,1953087683978.236,40688064.88492111,19800614.0601588
2024-12-25,99235.3678869082,2.4457574461003446,1964968046631.85,46826689.221634805,19801085.92806539
2024-12-26,95628.3030902981,2.3548963638187823,1893583393961.58,39147836.57759079,19801495.29761646
2024-12-27,94219.9821461134,2.316536046291274,1865743053845.5872,46521116.184643485,19801989.04041662
2024-12-28,95123.5811098773,2.3373921900161463,1883678618362.4536,42508350.30847642,19802435.90899522
2024-12-29,93457.5783202806,2.293980618606981,1850733848828.8896,46144679.29563856,19802929.65099519
2024-12-30,92523.163085038,2.264447243535571,1832275661275.792,45972446.65787826,19803426.51700902
2024-12-31,93389.7326016949,2.2808124449322915,1849474353083.6064,37647735.955058254,19803829.6240934
2025-01-01,94455.7965718878,2.3030404933089104,1870627825779.7744,41324411.00020091,19804267.11404725
2025-01-02,96851.393682934,2.3578841474857937,1918121414156.2888,50544321.07828119,19804788.97841898
2025-01-03,98120.6846759205,2.3862905574570155,1943302993109.42,43541053.82493972,19805232.70427525
2025-01-04,98230.0478571011,2.3875160097101222,1945514693256.952,45738366.033462696,19805698.31429955
2025-01-05,98414.8120964348,2.3909658600988406,1949222053431.9248,47977220.897011966,19806185.7957105
2025-01-06,102179.560366745,2.477062799747396,2023829824177.7493,42468379.77742839,19806601.40750046
2025-01-07,96974.9957857978,2.346702783421937,1920785694384.26,40608279.48530282,19807020.1377164
2025-01-08,95039.2809210988,2.298665904666953,1882482074934.784,37124719.10980421,19807410.75363998
2025-01-09,92346.1691589714,2.233820238836667,1829182366534.0864,43864430.35051142,19807885.73248988
2025-01-10,94759.1196358854,2.290082536703305,1877019861807.2344,42049359.33842415,19808329.46759886
2025-01-11,94606.5080099357,2.285501707170164,1874037679375.3152,40799056.579284765,19808760.71631881
2025-01-12,94353.7752586207,2.278657758123868,1869082071182.476,50715154.20150864,19809298.20835871
2025-01-13,94375.7299102864,2.277984508960744,1869554727226.954,37750291.96411456,19809698.20317314
2025-01-14,96569.475726768,2.3280580564665416,1913058643137.184,46474060.1935071,19810179.44583192
2025-01-15,100172.405985096,2.4095410827754344,1984476850035.5469,43512388.84977608,19810613.81645165
2025-01-16,99977.7298234951,2.3989108291075403,1980660186323.2664,39991091.92939804,19811013.81097578
2025-01-17,104296.588034191,2.495913169030756,2066270034307.7468,48889025.64102703,19811482.55425549
2025-01-18,104398.156261251,2.4946785705686336,2068324662803.7656,42411750.981133215,19811888.80029538
2025-01-19,100954.572281999,2.410672870086662,2000148081999.328,47322455.75718703,19812357.54644438
2025-01-20,102588.998699006,2.445056132753733,2032578651970.364,48729774.38202785,19812832.54293092
2025-01-21,105987.888705435,2.5188589005093247,2099964341470.9807,44051216.24319641,19813248.1656208
2025-01-22,103791.128861485,2.459018475131256,2056488045408.3835,48652091.65382109,19813716.91363797
2025-01-23,104184.616743717,2.455447281433525,2064328780521.9456,44278462.116079725,19814141.90542135
2025-01-24,104716.12488194,2.465183210197284,2074905969601.072,45813304.63584875,19814579.38727566
2025-01-25,104866.085348919,2.4670204525538764,2077919319246.3328,41946434.1395676,19814979.38377799
2025-01-26,102833.369273232,2.418361700134125,2037685117515.953,44025536.22010245,19815407.50747697
2025-01-27,101907.44629661,2.3934124984483267,2019387256103.3848,49679880.06959738,19815895.00560923
2025-01-28,101138.144066043,2.373287118165897,2004189620164.2607,46776391.630544886,19816357.50459816
2025-01-29,103918.795458796,2.436318963363576,2059342337478.6729,50335666.55035431,19816841.87530066
2025-01-30,104987.446410871,2.457756213004062,2080567196550.592,47572436.65492592,19817294.99742512
2025-01-31,102263.043670953,2.3926271926371023,2026616849789.96,39946501.43396602,19817685.61779669
2025-02-01,100610.290439801,2.353296238999732,1993920956096.3496,57850917.00288557,19818260.61111899
2025-02-02,97424.7809000584,2.278588298536273,1930841758541.54,52061367.29346872,19818794.97909532
2025-02-03,101582.408702221,2.371727104993572,2013289499842.96,48569089.16074941,19819273.09623779
2025-02-04,97848.1497592051,2.280750094282139,1939319258389.1665,40056586.30767459,19819682.46882179
2025-02-05,96559.3327562829,2.246535583279113,1913818765841.2043,43451699.740327306,19820132.46375376
2025-02-06,96541.3006811806,2.243314171452448,1913505112568.9355,43745276.87115996,19820585.58427882
2025-02-07,96384.1109836353,2.2387599646519223,1910441627490.0967,52107660.00052784,19821126.2000898
2025-02-08,96603.318157218,2.2429885869544703,1914834861591.3328,48301659.078609,19821626.19378163
2025-02-09,96309.7532405026,2.232532160927027,1909058965339.104,43038420.9793496,19822073.06223539
2025-02-10,97375.2253535944,2.256010513438301,1930221128141.7024,42297363.51296757,19822507.43074098
2025-02-11,95806.2580385739,2.2178405166069126,1899157386552.564,37124924.989947386,19822894.92809454
2025-02-12,97756.4976548802,2.261466528982128,1937857410916.4807,40630044.33780959,19823310.54614802
2025-02-13,96534.7406332554,2.2326518009087044,1913685805334.97,47664028.18766985,19823804.28829496
2025-02-14,97414.3589821742,2.25166232416674,1931169458434.916,46271820.51653274,19824279.2809251
2025-02-15,97583.2431767972,2.254483790385446,1934566256851.844,48791621.5883986,19824779.27431535
2025-02-16,96182.2661706604,2.221961475316798,1906837582148.7031,45386006.84928038,19825251.14105045
2025-02-17,95790.5109985389,2.212551004856131,1899111947271.7964,41010312.521249466,19825679.26066042
2025-02-18,95444.031886616,2.2037234329299973,1892284519009.476,41756763.9503945,19826116.7472204
2025-02-19,96647.9132977791,2.2304732158403096,1916190866477.272,38055115.86100052,19826510.48629836
2025-02-20,98392.2197247224,2.269163375900631,1950814347183.5208,39971839.26316848,19826916.72818671
2025-02-21,96048.9937247224,2.2145337837142764,1904394119450.7417,38719750.59527872,19827319.84583575
2025-02-22,96605.7091057861,2.2259723481715947,1915474255560.6936,41963104.89282584,19827754.2113292
2025-02-23,96091.6329774985,2.213616967746432,1905320016311.215,38736939.54405408,19828157.32517917
2025-02-24,91869.6543430742,2.1164194813823665,1821643280725.7832,37322047.07687389,19828563.56379784
2025-02-25,88769.7356265342,2.045057192561317,1760217123608.3984,40778597.30343914,19829022.93427864
2025-02-26,83987.89564173,1.937156888282904,1665439114292.423,41206561.29922377,19829513.54557975
2025-02-27,84625.4191364699,1.951252300853544,1678120562077.0845,39668165.22022026,19829982.28192984
2025-02-28,84243.7779114553,1.9428821960052791,1670593691979.4983,41068841.73183446,19830469.77944628
2025-03-01,85844.3685628288,1.979772195615528,1702372786377.574,38629965.85327296,19830919.77817533
2025-03-02,94328.0094444769,2.1723352788786894,1870648329293.3423,37141653.71876278,19831313.52299381
2025-03-03,86315.9305511397,1.9890487557357124,1711798740468.5625,40460592.44584674,19831782.26242224
2025-03-04,87323.690650789,2.011926611190173,1731824260629.478,39841433.85942248,19832238.51079673
2025-03-05,90619.4090976038,2.085499742580572,1797223681143.754,37946877.5596216,19832657.25345893
2025-03-06,90222.0693275862,2.074588033844596,1789391307662.1536,47930474.33028017,19833188.49809435
2025-03-07,86553.5921937464,1.990605455895191,1716672116469.4514,38408156.53597496,19833632.23824098
2025-03-08,86171.2789362946,1.9817025600012967,1709126347862.4343,36892078.79460113,19834060.3616429
2025-03-09,80647.7964108709,1.8553174468191107,1599613333429.7493,40071873.84165148,19834557.23055726
2025-03-10,79005.9601291642,1.8183074680565463,1567086259002.0354,38021618.31216027,19835038.47608533
2025-03-11,82747.1601917008,1.9029557814450992,1641328790899.5469,35684712.83267097,19835469.72605551
2025-03-12,83630.1581101695,1.921883426993698,1658883454607.8372,39985669.3464248,19835947.84578215
2025-03-13,81110.2890490941,1.864334615532672,1608939764835.8203,40301674.87126863,19836444.71864683
2025-03-14,84105.8335517241,1.932035459333313,1668398039427.7195,37321963.638577566,19836888.46507507
2025-03-15,84352.8773018703,1.937487326084764,1673333414190.8909,34795561.8870215,19837300.96369563
2025-03-16,82492.1028287551,1.894746119450727,1636458050090.93,37379234.09427965,19837754.08766151
2025-03-17,84013.947518118,1.929602895545638,1666684786731.2976,36756102.03917664,19838191.58565153
2025-03-18,82680.8065514319,1.8989060236861497,1640274370270.4656,36689607.90719792,19838635.33370501
2025-03-19,86774.23507218,1.9911932421344407,1721523623549.8943,41217761.6592855,19839110.3317466
2025-03-20,84124.9712878434,1.929826803780836,1669001917236.0315,37330456.008980505,19839554.07872113
2025-03-21,84069.4081800117,1.9281651540140552,1667937663818.345,38093950.5815678,19840007.20270222
2025-03-22,83821.220305377,1.9223588315764384,1663052904959.7424,39291197.01814546,19840475.94273762
2025-03-23,85760.8814506137,1.966380986053732,1701578513423.3577,41808429.707174174,19840963.43976163
2025-03-24,87322.5718568089,2.000879393940828,1732605979469.871,42023987.70608928,19841444.68753153
2025-03-25,87422.8426084161,2.0026741040033817,1734636202172.6843,40706261.08954375,19841910.31104373
2025-03-26,86836.6760955582,1.9885114032158293,1723046786084.8423,41247421.14539015,19842385.30950609
2025-03-27,87211.3240169492,1.9967090941768977,1730521029666.2207,40335237.35783901,19842847.80873067
2025-03-28,84309.0783550555,1.928282346209128,1672972784327.986,40573743.958370455,19843329.05742965
2025-03-29,82497.1792472238,1.8872433668233977,1637055024373.4478,36350319.60580799,19843769.68171961
2025-03-30,82216.4666765049,1.8812161854306808,1631519827648.8333,35198924.79587866,19844197.80611996
2025-03-31,82461.4496279953,1.887088049301776,1636419456087.1692,38138420.45294783,19844660.30453595
2025-04-01,85226.7137936879,1.950076686214192,1691331138973.1042,35955019.88171208,19845082.17772405
2025-04-02,82555.631296318,1.8882773504046595,1638367660664.3127,44373651.82177093,19845619.67412857
2025-04-03,82931.697399474,1.894154261812804,1645870317318.1455,39392556.26475015,19846094.66498855
2025-04-04,83774.1797375804,1.9126673444102584,1662637424311.7046,47122976.10238898,19846657.16238412
2025-04-05,83302.1715756867,1.90168334473338,1653312332259.2837,42692362.93253943,19847169.65940218
2025-04-06,77949.0884926943,1.780124063587888,1547104104705.474,35320680.7232521,19847622.78330522
2025-04-07,79421.8044105786,1.8128169226747144,1576370002657.1194,35988005.12354343,19848075.9075672
2025-04-08,76351.4295303916,1.7439655745926916,1515465474440.192,36505527.24421848,19848554.03181368
2025-04-09,82720.6034891876,1.887230963523962,1641918231600.7288,33863747.053386174,19848963.40626122
2025-04-10,79558.9558252484,1.8147281216378448,1579198604258.992,35801530.12136178,19849413.40516973
2025-04-11,83359.8995157802,1.9005276237422863,1654683660675.4375,38553953.52604833,19849875.90300781
2025-04-12,85269.2495119813,1.9432833469455524,1692622392211.0483,38371162.28039159,19850325.90175683
2025-04-13,83568.9544360023,1.9039218772421995,1658915898888.8325,44918313.00935124,19850863.39879054
2025-04-14,84589.0324135009,1.9262023235820704,1679204714073.2632,39386768.21753636,19851329.02176633
2025-04-15,83671.3439713618,1.907137055165662,1661025030688.434,37652104.78711281,19851779.01835727
2025-04-16,84151.5357562829,1.9172708051026968,1670596611909.0215,38920085.28728084,19852241.51758029
2025-04-17,84940.5838538866,1.9396573992306128,1686301597345.8896,40612216.65513953,19852719.64043287
2025-04-18,84434.7727463472,1.9277993169752448,1676295756003.2063,35884778.41719756,19853144.64028952
2025-04-19,85124.721496201,1.943457271715672,1690030384115.3113,36976050.89991231,19853579.01218784
2025-04-20,85101.7461545879,1.9426378432392224,1689606952070.2014,32710983.678169724,19853963.38402997
2025-04-21,87360.7198933372,1.9927995689339315,1734490932069.791,34398283.45800152,19854357.13198692
2025-04-22,93495.6106890707,2.1282639230663345,1856340531375.4475,45286936.42751862,19854841.50212034
2025-04-23,93695.7404772063,2.1261098636422497,1860347455519.507,33379107.545004744,19855197.75012697
2025-04-24,93849.8817790766,2.126194044694234,1863449313964.0083,41352604.158905625,19855638.37310508
2025-04-25,94771.4128007014,2.1396892285629945,1881789547566.096,42647135.76031563,19856088.37048136
2025-04-26,94694.5111014027,2.1368454882429617,1880301938025.9343,39357406.1765205,19856503.99538397
2025-04-27,93812.876534775,2.116303078347161,1862835334857.328,39577307.2881082,19856925.86845264
2025-04-28,95066.0211867329,2.141459949747909,1887760823772.7727,41888465.58540417,19857366.4933841
2025-04-29,94102.8403024547,2.1164915940420426,1868677522267.0776,42934420.88799496,19857822.7422359
2025-04-30,94236.7325143191,2.117664419217392,1871375202601.8767,38872652.16215664,19858235.24088683
2025-05-01,96411.7422635885,2.1635056908519745,1914607731457.7063,40673703.7674514,19858657.11484803
2025-05-02,96842.1021057861,2.1700257371132774,1923202218396.0427,48118419.48381247,19859153.98960692
2025-05-03,95943.61135301,2.148827641148181,1905408123209.2988,49171100.81841762,19859666.48887791
2025-05-04,94377.7899196376,2.113616046852985,1874352427037.668,40995352.49634258,19860100.86307036
2025-05-05,94853.7298594389,2.1198315170018898,1883856515330.3591,51873133.51688065,19860647.73754278
2025-05-06,96677.9245029223,2.1566030190508583,1920127894786.8728,41692354.94188524,19861078.98632881
2025-05-07,97137.3757086499,2.164177587122982,1929298928069.2737,45836699.162519164,19861550.86025732
2025-05-08,103069.539295733,2.290834563625192,2047172109216.88,51212677.33756733,19862047.7320949
2025-05-09,102940.802949445,2.2831068959043845,2044660177958.4976,45036601.29038218,19862485.22816211
2025-05-10,104582.821806254,2.317993015404475,2077323776439.7463,49023197.72168156,19862953.9781219
2025-05-11,103976.137798948,2.30314847924649,2065321653739.3247,48413889.16263516,19863419.60241787
2025-05-12,102920.074689071,2.276547512358493,2044391264704.0288,46635658.843485296,19863872.72726223
2025-05-13,104145.711825248,2.2970209363653464,2068779473948.4773,42309195.429007,19864278.97693762
2025-05-14,103572.719642022,2.281735209781493,2057444005066.128,46607723.8389099,19864728.9766771
2025-05-15,103716.283947399,2.2793299047250057,2060343191624.3508,47320554.55100079,19865185.22654822
2025-05-16,103566.269191116,2.272925986368772,2057407136238.007,44015664.4062243,19865610.22528842
2025-05-17,103190.041364991,2.263971398372875,2049979253875.9912,46113049.73498035,19866057.09968716
2025-05-18,106015.689848919,2.324070467635384,2106167418322.2625,53670442.98601524,19866563.3485357
2025-05-19,105615.828960257,2.3094629533855167,2098270093600.1555,46536974.63561324,19867003.97333178
2025-05-20,106893.330247516,2.3328187609635207,2123699654870.788,49438165.23947615,19867466.47291531
2025-05-21,109704.855619521,2.387132485847717,2179606908108.4888,49367185.02878445,19867916.47279327
2025-05-22,111477.014787843,2.419114869272548,2214868273238.022,52254850.68180141,19868385.22231008
2025-05-23,107291.888969901,2.325244185229265,2131768550759.8008,51969508.7197958,19868869.59700965
2025-05-24,107917.328289304,2.33752306327879,2144242874092.1272,47551072.777474575,19869310.22183811
2025-05-25,108914.876558445,2.357588378582445,2164114864279.171,51394207.37601624,19869782.09646027
2025-05-26,109371.985172122,2.361540962270688,2173249806239.626,52293480.41042084,19870260.22083733
2025-05-27,109066.345636762,2.3483230152239982,2167224726480.992,48057358.54619826,19870700.84569245
2025-05-28,107895.402399474,2.31956576591406,2144012560051.728,55296393.72973043,19871213.34525168
2025-05-29,105732.957892168,2.269515917375292,2101094699806.1648,52536063.45267098,19871710.21876614
2025-05-30,103981.302957919,2.2301710388100866,2066336686466.584,50365943.620242015,19872194.59351097
2025-05-31,104708.964150205,2.2453195179282552,2080849592954.8127,52681697.58807189,19872697.71831411
2025-06-01,105750.15972443,2.266824485425617,2101584910256.2336,43952410.13546622,19873113.34311615
2025-06-02,105899.696926651,2.2631740322455194,2104600694548.8584,44014561.53513932,19873528.96776052
2025-06-03,105483.98555114,2.249049850630191,2096386510265.2192,47467793.498013,19873978.96763072
2025-06-04,104782.844900351,2.230629538676052,2082493313911.7288,41258245.17951321,19874372.71713886
2025-06-05,101669.190496785,2.164421975716304,2020653959614.7,42573973.52052872,19874791.46574495
2025-06-06,104421.051549094,2.221377259248508,2075390350486.3376,43726315.33618311,19875210.21573494
2025-06-07,105685.250402104,2.246857184421021,2100563796500.3064,47228096.27344024,19875657.09035296
2025-06-08,105727.739632379,2.2465926766265145,2101458848887.0884,50551075.51173121,19876135.21478822
2025-06-09,110198.15871391,2.3383291419548384,2190361714625.06,48211694.437335625,19876572.71399197
2025-06-10,110074.119081824,2.331994320703792,2187954364717.56,58132894.1400883,19877100.8386734
2025-06-11,108645.785558153,2.299464902547621,2159611107259.752,47872049.26156117,19877541.4634359
2025-06-12,105998.985830801,2.2419620475504862,2107048260324.6487,49024530.946745455,19878003.96211326
2025-06-13,106024.822087376,2.239427243662892,2107609876004.3635,48042497.50834225,19878457.08684579
2025-06-14,105467.108742256,2.227143824699812,2096573162440.2551,49767291.93775205,19878928.96129285
2025-06-15,105512.797437756,2.227219971359887,2097526247642.7568,44842938.9110463,19879353.96064281
2025-06-16,107243.933345997,2.2587719122318566,2131989041082.9204,48930044.58911113,19879810.20991244
2025-06-17,104628.396527469,2.203207202646305,2080031247224.1309,38581721.21950419,19880178.95961965
2025-06-18,104813.367028638,2.20581725377894,2083754349621.352,45855848.07502913,19880616.45850964
2025-06-19,104709.720767095,2.202308074044105,2081735354703.7275,41556670.429440826,19881013.33336677
2025-06-20,103274.958839567,2.1712340906871987,2053259566502.6687,48732871.20242068,19881485.20777738
2025-06-21,101548.196381648,2.134108804756884,2018973708893.9512,44744674.03066365,19881925.8325973
2025-06-22,100899.234151958,2.119915228385861,2006104828133.744,33738181.41956096,19882260.2073716
2025-06-23,105496.947495324,2.2134869832042123,2097553036699.808,35275541.81874896,19882594.58211129
2025-06-24,105964.065136762,2.220349702793955,2106879290466.0903,38743111.31562861,19882960.20681027
2025-06-25,107305.065199591,2.2450664068043222,2133590293279.7937,47951951.01106723,19883407.08158785
2025-06-26,107012.822824079,2.234143825279254,2127832022275.34,52503166.19806376,19883897.70610327
2025-06-27,107090.95905114,2.2307257878946083,2129424160829.714,38485813.40900344,19884257.08105605
2025-06-28,107357.617171245,2.2355962704995864,2134775105838.6936,48646420.28072039,19884710.20583045
2025-06-29,108360.901696376,2.255148786868358,2154782355944.3955,57228101.20839857,19885238.33053762
2025-06-30,107153.101135885,2.224449219216365,2130813507683.6453,48553748.95219789,19885691.45545754
2025-07-01,105566.356597896,2.190371437932748,2099304201259.452,44205911.82536895,19886110.20512658
2025-07-02,108927.13451841,2.2572933277993874,2166189082105.556,52080786.191614784,19886588.32973747
2025-07-03,109632.159126826,2.268221095554169,2180261348919.5588,51732675.08797102,19887060.20463724
2025-07-04,108081.395758621,2.215345083660493,2149474927394.7644,53702943.51756481,19887557.07962176
2025-07-05,108244.788813852,2.218074557692169,2152777523697.9248,53107599.51179614,19888047.70454165
2025-07-06,109180.005545587,2.2363339967768048,2171431748655.077,54590002.7727935,19888547.70435433
2025-07-07,108249.401004091,2.2137003448829926,2152974456003.6628,51080186.09880544,19889019.57916882
2025-07-08,108956.631703098,2.2241472452865456,2167088930706.0293,48349505.31824974,19889463.3289624
2025-07-09,111416.806720047,2.268230580456622,2216077592572.9414,57101113.444024086,19889975.8287024
2025-07-10,115873.903783752,2.354601798397052,2304791065533.212,61920117.33444248,19890510.20352689
2025-07-11,117618.605087084,2.38212290459618,2339549198318.03,55133721.13457063,19890978.9534219
2025-07-12,117382.372540912,2.37341147249211,2334904957865.9663,54656167.21436215,19891444.57829192
2025-07-13,118899.737107832,2.4017092198498973,2365138434871.7783,50903949.94929057,19891872.70218098
2025-07-14,119871.096197838,2.4125084332311304,2384514902802.1846,54316590.46464534,19892325.82695938
2025-07-15,117710.89100789,2.364195114922196,2341603724126.479,60326831.64154363,19892838.32682504
2025-07-16,118730.187791642,2.3688751245334454,2361929035400.302,48605170.62720344,19893247.70163102
2025-07-17,119501.663770894,2.374985804949236,2377326986317.6006,50788207.10262995,19893672.70128858
2025-07-18,117958.511213033,2.340384009446915,2346681095678.7046,53081330.04586485,19894122.70082487
2025-07-19,117908.52473232,2.336414214135971,2345738980388.479,52321907.849967,19894566.45067739
2025-07-20,117305.680953828,2.323370138320552,2333800285213.437,54620457.69412616,19895032.07548858
2025-07-21,117432.435634717,2.3218439654227243,2336377120095.0483,55046454.2037736,19895500.82536427
2025-07-22,120068.00578872,2.3670956161477066,2388869390105.647,56281877.7134625,19895969.57501957
2025-07-23,118650.587165693,2.334400354595592,2360720381637.463,51909631.884990685,19896407.07248054
2025-07-24,118377.081936879,2.3257901969225423,2355332989715.154,54379472.01475379,19896866.44726607
2025-07-25,117520.17335038,2.304027155259395,2338341954061.0576,58760086.67519,19897366.4469454
2025-07-26,117983.204598773,2.3118305041157874,2347611467186.512,56410719.69878834,19897844.57177667
2025-07-27,119438.164235535,2.338853962335245,2376613162340.8374,51134464.063338414,19898272.69660724
2025-07-28,118022.637320281,2.308482108720689,2348500100757.2607,53479007.535752326,19898725.82142083
2025-07-29,117871.370895383,2.3014237166265827,2345531346596.1094,41254979.81338405,19899075.82120082
2025-07-30,117732.643660725,2.2955727612124828,2342821207080.475,50404288.06724789,19899503.94583748
2025-07-31,115848.339985096,2.2576734658479,2305380250657.825,55752013.61782745,19899985.19576901
2025-08-01,113282.144336061,2.2070884136924738,2254366450229.6616,53455011.85857879,19900457.07063855
2025-08-02,112545.673659264,2.192314956363128,2239761344385.4526,50997258.376854,19900910.19550347
2025-08-03,114263.693947691,2.2240971442941064,2274006858315.076,55346476.755912825,19901394.57031818
2025-08-04,115199.933659264,2.2406311051894656,2292700894182.6006,61559964.5491692,19901928.94523624
2025-08-05,114111.36101841,2.2178999959543493,2271085409335.2217,49210524.43918932,19902360.19504508
2025-08-06,115034.678748977,2.234972395493477,2289513376946.048,51765605.43703965,19902810.19467278
2025-08-07,117444.913924313,2.2781308995532936,2337542919612.134,59089472.31816997,19903313.31945593
2025-08-08,116740.687720923,2.2621480824612368,2323576464429.9355,49979606.93052016,19903741.44432498
2025-08-09,116511.655739375,2.2569920501462186,2319060106526.333,42235475.20552344,19904103.94401947
2025-08-10,119189.198160275,2.307419605120224,2372404472102.317,50282942.973866016,19904525.81879206
2025-08-11,118742.043048644,2.296376996154095,2363558608736.02,54547126.02547084,19904985.19355745
2025-08-12,120154.32493507,2.3206476200119286,2391721499773.6064,51441070.36282684,19905413.31796475
2025-08-13,123442.67982225,2.379739102823155,2457237741182.5483,60178306.41334688,19905900.81745489
2025-08-14,118510.27128083,2.282416006210002,2359113701739.528,59995824.835920185,19906407.067023
2025-08-15,117311.209947715,2.2576928997517896,2335293822741.0723,49124069.16560566,19906825.81640664
2025-08-16,117462.42684623,2.25327415019919,2338359865805.9937,55794652.75195925,19907300.81600595
2025-08-17,117601.952231888,2.2553050008051305,2341193300487.992,55860927.3101468,19907775.81541859
2025-08-18,116312.914397989,2.2296562377042366,2315587399840.938,55975590.05403221,19908257.06522726
2025-08-19,112886.10147543,2.1624059611427886,2247412798253.216,47271054.99283631,19908675.81464288
2025-08-20,114277.320860316,2.187593393945847,2275160487370.771,50353444.504076734,19909116.43922556
2025-08-21,112347.102298302,2.150092222239416,2236783852817.808,52311619.50764687,19909582.06361869
2025-08-22,116800.977035073,2.2309603181709265,2325511927795.841,53290445.77225205,19910038.31327144
2025-08-23,115280.444723834,2.201272176719621,2295292829364.366,54758211.24382115,19910513.31266958
2025-08-24,113516.122474401,2.167328504514984,2260221423070.1265,58177012.76813051,19911016.8124341
2025-08-25,110089.533314144,2.101608862718138,2192043056874.992,48508200.6165447,19911457.43728359
2025-08-26,111895.295495307,2.1348985660008872,2228050864513.084,52450919.76342516,19911926.18644571
2025-08-27,111252.307236061,2.1218251202374474,2215299879192.93,52149519.0169036,19912394.93570583
2025-08-28,112481.152904109,2.142789122023943,2239825028488.768,55889072.84922916,19912891.81040165
2025-08-29,108473.330441642,2.0585239707912053,2160073624922.7144,55931561.00897165,19913407.43506369
2025-08-30,108746.150824851,2.063022252855391,2165560101759.112,53693411.96977018,19913901.18485216
2025-08-31,108316.44689481,2.054653984489101,2157047700591.817,44680534.344109125,19914313.68392839
2025-09-01,108992.324614863,2.066472278033613,2170562178247.028,54836763.32185295,19914816.80858685
2025-09-02,111140.947159836,2.106133166120609,2213408214876.661,56612419.959541455,19915326.18210888
2025-09-03,111780.743587376,2.117352868701102,2226197825443.4536,47856130.84834535,19915754.30613677
2025-09-04,110900.633412981,2.0988399671512,2208718286409.0063,48519027.1181792,19916191.80554179
2025-09-05,110711.229484804,2.09099108963154,2204995555466.3296,49474080.676021785,19916638.6799903
2025-09-06,110243.650741672,2.081547548704114,2195731190133.3,48231597.1994815,19917076.17954741
2025-09-07,111307.784421087,2.1007955085878978,2216979188518.479,53566871.25264812,19917557.42915028
2025-09-08,112112.311575102,2.114485395928852,2233059460443.798,56056155.787551,19918057.42893734
2025-09-09,111486.396779836,2.1019000165432096,2220650635482.848,58181963.31947691,19918579.3031611
2025-09-10,113930.748423437,2.145924375428194,2269399173047.3105,60525710.0999509,19919110.55137479
2025-09-11,115445.812932648,2.171828406012249,2299632025705.393,54115224.81217875,19919579.30121742
2025-09-12,116149.174031958,2.1834524058125826,2313686238824.68,43555940.26198425,19919954.30107904
2025-09-13,115965.627551268,2.178678922337634,2310081098621.085,51097354.63977746,19920394.92564128
2025-09-14,115395.933423437,2.1673601179200923,2298787740172.204,55173680.668080814,19920873.04963312
2025-09-15,115420.931814144,2.1656665085615017,2299344522409.3853,58792537.1428296,19921382.42404674
2025-09-16,116798.874620164,2.1888797241350617,2326853447391.833,58399433.525453,19921882.4236011
2025-09-17,116575.777628866,2.181807025941312,2322455565668.094,46630311.0515464,19922282.42355741
2025-09-18,117014.426762174,2.188425256780357,2331252233409.749,57775873.21382341,19922776.17312867
2025-09-19,115612.372541695,2.1584515968726663,2303380117357.975,60696495.58438988,19923301.17200279
2025-09-20,115753.165960549,2.1600824520314994,2306240531509.284,55344482.47488749,19923779.29684702
2025-09-21,115320.858829047,2.151199242305393,2297685720787.1865,58381184.78220504,19924285.54658358
2025-09-22,112727.70773813,2.1030843290113816,2246071879030.526,52841113.00224844,19924754.29597328
2025-09-23,112052.393282022,2.0884207525288683,2232666827933.7944,50423576.9769099,19925204.29540892
2025-09-24,113324.623592192,2.1098438050041244,2258070460054.1226,54183335.6550168,19925682.41991233
2025-09-25,109166.347974874,2.031242470311528,2175262082033.5327,48101422.07642885,19926123.0442022
2025-09-26,109669.102166861,2.0392977420667635,2185325262398.9807,45238504.64383016,19926535.54393123
2025-09-27,109644.73069287,2.0384097258593883,2184892732482.258,53109166.42935891,19927019.91856265
2025-09-28,112170.00778609,2.0843982136269275,2235271817040.964,57837660.264702655,19927535.54322349
2025-09-29,114341.141435418,2.122720877587773,2278587184195.728,50024249.37799538,19927973.04269274
2025-09-30,113971.742796902,2.1128072133352527,2271283160078.364,57342033.09469132,19928476.16734086
2025-10-01,118393.270386324,2.186155026712077,2359453334064.128,55866824.46354664,19928948.04210659
2025-10-02,120558.594007013,2.221772196583208,2402657193347.1167,51237402.452980526,19929373.04168753
2025-10-03,122348.127640269,2.249202943238196,2438366592566.05,45115872.0673492,19929741.79167985
2025-10-04,122379.744317651,2.247639041410611,2439047951286.792,51246517.93301636,19930160.5415677
2025-10-05,123523.768313852,2.266766621760195,2461906048933.392,57515754.621137336,19930626.16644049
2025-10-06,124824.453666861,2.287145426879909,2487877501840.4595,47979399.3781997,19931010.54125385
2025-10-07,121587.699236704,2.219347428097428,2423418149849.9497,52434695.2958286,19931441.79109844
2025-10-08,123390.353094682,2.248606081441407,2459404708298.7583,57068038.306290425,19931904.2908611
2025-10-09,121603.33278609,2.212553431308937,2423831591781.397,45601249.79478375,19932279.29077496
2025-10-10,113754.852328171,2.070562788244427,2267440411130.1865,46923876.58537053,19932691.79049044
2025-10-11,110940.113648159,2.0194789962614186,2211386055650.5806,50963114.70712304,19933151.16535648
2025-10-12,115152.917045003,2.0951257451651712,2295412681254.4014,52178665.53601698,19933604.29034837
2025-10-13,115332.252929573,2.09746317757528,2299042274620.2715,54782820.14154717,19934079.29024129
2025-10-14,113327.079410286,2.056829337301677,2259130837540.7417,59850863.81355729,19934607.41507201
2025-10-15,110862.872485389,2.005891025806165,2210057728189.6875,49888292.61842505,19935057.41501474
2025-10-16,108135.049605786,1.9578568178170297,2155730124531.7383,51702070.592766434,19935535.53996235
2025-10-17,106625.668651373,1.92928303157762,2125692786495.2764,52979629.11115096,19936032.41491048
2025-10-18,107143.913935126,1.9381495183779995,2136079787337.2744,55246080.622799344,19936548.03977609
2025-10-19,108706.663763881,1.965929731213064,2167282843823.2808,47219457.07243581,19936982.41471914
2025-10-20,110640.249515488,2.000241242040893,2205884225808.899,51516866.1806491,19937448.03964951
2025-10-21,108700.382071888,1.9642552693241937,2167259172744.412,50953304.0961975,19937916.78957591
2025-10-22,107667.630188486,1.9422693938130509,2146719730211.525,51478585.68386986,19938394.91454782
2025-10-23,110060.936797195,1.983850582920296,2194487262066.2368,48839540.70375528,19938838.66452939
2025-10-24,111024.94314699,2.0002399703642184,2213770533718.3887,62104577.57284753,19939398.03947926
2025-10-25,111614.535857686,2.010123020095332,2225582464720.749,55807267.928843,19939898.03943167
2025-10-26,114557.100460549,2.061141989497095,2284309527542.6543,52624668.0240647,19940357.41441729
2025-10-27,114087.773805085,2.0506486983041583,2275003395344.211,52409071.09171092,19940816.78928169
2025-10-28,112980.685846289,2.0269852854220023,2252984353654.214,57196472.209683806,19941323.0392265
2025-10-29,110206.347983051,1.974857071418472,2197702746667.2085,42360565.00598522,19941707.41421538
2025-10-30,108019.723841905,1.9325248327320044,2154151737669.54,54009861.9209525,19942207.41410432
2025-10-31,109554.239627703,1.9596274069163768,2184801299729.3164,47929979.83712006,19942644.91409829
2025-11-01,110005.295855348,1.9663440701835693,2193843993697.2568,47439783.83761882,19943076.16409725
2025-11-02,110389.168627119,1.97277646963442,2201553067373.5864,53469753.55376077,19943560.53907935
2025-11-03,106495.802789889,1.9020882532144816,2123952747606.4512,47257512.48801324,19944004.28904138
2025-11-04,101349.73723232,1.8116855886218344,2021361084102.212,41490048.679481,19944413.66403078
2025-11-05,103915.88479135,1.857055734420492,2072586206255.736,44813725.31626969,19944844.91391502
2025-11-06,101241.573677966,1.8097201631689648,2019291779031.2808,44293188.484110124,19945282.41386627
2025-11-07,103428.471746932,1.8428465053331915,2062955975009.2607,45896384.33770108,19945726.16384477
2025-11-08,102335.021439217,1.8227583856026048,2041184690228.7856,38375633.03970638,19946101.16382464
2025-11-09,104685.54544097,1.8641651761462623,2088114606816.7805,46127068.45992741,19946541.78875368
2025-11-10,106082.478156926,1.8875443600732529,2116024994695.191,46411084.193655126,19946979.2887473
2025-11-11,102974.405611631,1.8318881974218435,2054077570641.4849,49234637.68306107,19947457.41372336
2025-11-12,101682.126652835,1.8085099031300795,2028344694814.6987,44803687.05640543,19947898.03856002
2025-11-13,100035.310145237,1.7800126434105843,1995541058582.6365,46891551.63057984,19948366.78854092
2025-11-14,94503.2576025716,1.6842606972655323,1885228171827.7969,42526146.42115722,19948816.78847541
2025-11-15,95541.3158389831,1.7025099652616345,1905978900419.696,42695025.51554557,19949263.66339631
2025-11-16,94182.3130996493,1.6785525812642024,1878914593268.8345,46796836.821388245,19949760.53816872
2025-11-17,91911.4713471654,1.6392867114437717,1833647459773.58,35615695.14702659,19950148.03807872
2025-11-18,92836.4419111631,1.654516965238705,1852139344559.262,38585146.16932716,19950563.66261439
2025-11-19,91320.4811332554,1.628739580213074,1821934169118.56,39096580.98517497,19950991.78748284
2025-11-20,86911.2980590298,1.5515619978194948,1734002173123.256,35579312.64291532,19951401.16243033
2025-11-21,84948.0463205727,1.5202473672522108,1694872634959.5803,40084859.35752024,19951873.03735691
2025-11-22,84775.0015452952,1.5063202250156789,1691457951396.948,37883828.81555379,19952319.912294
2025-11-23,86872.4546630625,1.5408129016405956,1733345556623.2832,38549651.756733984,19952763.66192388
2025-11-24,88377.6024421391,1.5674035927405892,1763416908269.0105,39493741.09133092,19953210.53683846
2025-11-25,87434.550610754,1.5507097680723907,1744631418276.294,31421791.62573972,19953569.91131734
2025-11-26,90449.2770675044,1.6019179596137352,1804832328647.0903,46355254.49709601,19954082.41129558
2025-11-27,91336.2000452952,1.6180110246025807,1822570878701.4705,40815864.39524129,19954529.28628108
2025-11-28,90990.1266104617,1.6124043653578792,1815707797825.4543,42651621.84865392,19954998.03620112
2025-11-29,90842.0738243717,1.609812435967487,1812792296530.67,38891762.856059134,19955426.16117954
2025-11-30,90607.7021513735,1.605936798624271,1808162595802.94,47285894.56024805,19955948.03609673
2025-12-01,86504.6368156049,1.533958697259218,1726317990661.397,35953489.676485784,19956363.66107464
2025-12-02,91528.0245809468,1.6233866164835693,1826602868895.496,36325184.75556327,19956760.53600458
2025-12-03,93609.0938658679,1.6594397707736588,1868172884023.0813,38613751.2196705,19957173.03598707
2025-12-04,92205.5929544126,1.6346860768202705,1840201008281.7024,38034807.0936952,19957585.53596111
2025-12-05,89279.8344634717,1.5845510954223283,1781843133868.4385,33200938.441103537,19957957.4108358
2025-12-06,89169.5570610754,1.5825974776524672,1779687642907.6233,45420743.12798528,19958466.7857961
2025-12-07,90067.847399474,1.5985004613781386,1797661174713.309,45033923.699737,19958966.78578562
2025-12-08,90673.1444436003,1.6096177386431436,1809784214638.723,41936329.305165134,19959429.28575096
2025-12-09,92808.8518477498,1.6469894512126808,1852449129111.15,37413568.401124135,19959832.41070624
2025-12-10,92102.9300917592,1.6325770870501284,1838403661519.992,44612356.76319586,19960316.78567065
2025-12-11,92623.7198708358,1.6416453987249755,1848845102345.1628,46311859.9354179,19960816.78562884
2025-12-12,90331.6083091759,1.6020026597826391,1803133614920.046,40931510.01509533,19961269.91062201
2025-12-13,90245.267264173,1.6004071227927794,1801450466366.0388,40328353.8086773,19961716.78557605
2025-12-14,88096.3826142607,1.5625992937931457,1758590278128.858,35238553.04570428,19962116.78553285
2025-12-15,86352.5802565751,1.5334507834438562,1723816451955.622,36160142.982440814,19962535.53551883
2025-12-16,87752.4290336061,1.5583000660090016,1751801294180.2544,40311272.0873128,19962994.91048135
2025-12-17,86059.5522241379,1.529104503632707,1718043516230.173,37113181.89665946,19963426.16047563
2025-12-18,85434.1928673291,1.5183951212093736,1705597646267.562,38445386.7902981,19963876.16040556
2025-12-19,88168.0738325541,1.5669393446155329,1760216458448.1536,39951158.45537608,19964329.28534992
2025-12-20,88292.4536373466,1.5699331395911071,1762740177172.656,40559345.8896561,19964788.66034185
2025-12-21,88533.4309830508,1.5740329131051052,1767589418993.3655,38180042.11144066,19965219.91033828
2025-12-22,88474.4622331969,1.5730377244463174,1766450526025.6116,38431094.532544896,19965654.28529741
2025-12-23,87365.9937872589,1.5534926720508595,1744358815963.042,39587715.93485169,19966107.41028888
2025-12-24,87625.6707895967,1.5586263806194096,1749587093886.608,43539005.17358086,19966604.28526302
2025-12-25,87231.3047685564,1.5515779428765888,1741750562100.1096,37618500.18143994,19967035.53525139
2025-12-26,87334.8077808299,1.5547999122682277,1743859786142.6816,42575718.793154575,19967523.03524805
2025-12-27,87695.4159076564,1.561130488616242,1751097507772.871,37270551.76075397,19967948.03524033
2025-12-28,87747.6491548802,1.5623713813655935,1752183001305.312,42502767.5593951,19968432.41022443
2025-12-29,87133.5103991818,1.55184373281198,1739961546064.017,41933001.87960624,19968913.66011527
2025-12-30,88428.4922735243,1.575194732866138,1765853811641.8127,32884345.56421685,19969285.53502561
2025-12-31,87516.9780376972,1.5599368640000817,1747687897836.068,36374243.996917896,19969701.1599654
2026-01-01,88684.2178474576,1.5805666838787138,1771039175878.2832,41847865.29676905,19970173.03489761
2026-01-02,89940.1801671537,1.6028335346054856,1796161433804.1494,40473081.07521917,19970623.03484367
2026-01-03,90598.1301832262,1.6144428345714437,1809344989019.2927,43883469.30750019,19971107.40983355
2026-01-04,91359.7636823495,1.6278233718322608,1824597050829.0288,41397392.91856462,19971560.53482149
2026-01-05,93948.5821794272,1.6729656061920013,1876338549946.975,38753790.14901372,19971973.03481877
2026-01-06,93574.2871122151,1.6656981847227377,1868901153485.2168,38014554.139337376,19972379.28453587
2026-01-07,91208.9562606663,1.6234736025512655,1821701767682.828,41899114.28224359,19972838.65935909
2026-01-08,91096.9161554647,1.6216948371778772,1819501586202.215,37577477.91412919,19973251.15920587
2026-01-09,90539.6032288136,1.6124074298017157,1808410412088.4424,40176948.93278604,19973694.90915693
2026-01-10,90406.1424114553,1.6100132123879032,1805790474483.829,45768109.595799245,19974201.15842725
2026-01-11,90717.2063153127,1.61585640170226,1812038313400.7888,34585934.907712966,19974582.40835316
2026-01-12,91141.1498489188,1.6235117369511671,1820546852328.62,40443885.24545772,19975026.15828822
2026-01-13,95304.4982942724,1.6956457102183624,1903750053001.0747,40206585.21789617,19975448.03313325
2026-01-14,97043.9927258913,1.725258285011508,1938534838165.8552,37604547.18128288,19975835.5330804
2026-01-15,95546.1397381648,1.698251329285832,1908655476071.212,41502854.44876534,19976269.90793874
2026-01-16,95489.1299602572,1.6967501163466352,1907555425812.8315,38792459.04635449,19976676.15787012
2026-01-17,95106.980462595,1.6895599397740113,1899965633236.0608,44284187.7778958,19977141.78280853
2026-01-18,94261.3294313267,1.6743922801666509,1883113182009.9023,41239331.62620543,19977579.28273045
2026-01-19,92526.2419643483,1.6436868798008475,1848493706242.704,43371675.920788266,19978048.03263225
2026-01-20,88236.5631922852,1.5689223614895769,1762830971003.2908,36673321.57679354,19978463.65753988
2026-01-21,89599.361874927,1.5933664347912715,1790095954678.73,38359726.80270312,19978891.78248334
2026-01-22,89395.700735827,1.5900557424434003,1786072008022.8867,44977211.93271296,19979394.90737819
2026-01-23,89439.7718909994,1.597227656500748,1786991652933.4917,39129900.20231224,19979832.40734676
2026-01-24,89185.0386990064,1.5927055312322624,1781929439365.0884,27312918.10157071,19980138.6573255
2026-01-25,86445.6705926359,1.5441681672754624,1727225660175.7205,29175413.825014617,19980476.15727396
2026-01-26,88337.4545511397,1.5779781705662028,1765058635213.3357,34230763.63856664,19980863.65723296
2026-01-27,89260.3805397429,1.594258404220792,1783533524074.6565,34030520.08077698,19981244.90720207
2026-01-28,89177.7892507306,1.5929682871962685,1781913902166.2068,30654865.054938644,19981588.65719592
2026-01-29,84520.3973106371,1.5108463744510503,1688885620362.0884,33808158.92425484,19981988.65718699
2026-01-30,84017.0340292227,1.502794123367734,1678861815455.3127,34394473.30571304,19982398.03218206
2026-01-31,78702.38550263,1.409206961565977,1572696333598.1348,33940403.74800919,19982829.28216426
2026-02-01,76911.0523772648,1.3779375282101731,1536929030863.132,28601297.602795348,19983201.15715195
2026-02-02,78716.6018088837,1.411272421681785,1573038715100.2737,29026746.917025864,19983569.90713928
2026-02-03,75684.7660277616,1.3597906397012431,1512483032783.9028,31219965.98645166,19983982.40709518
2026-02-04,73095.1914646406,1.315930750700471,1460765456261.426,32435991.212434266,19984426.1570621
2026-02-05,63494.6884456458,1.1497951473288677,1268930112062.048,25199454.47686568,19984823.0320605
2026-02-06,70647.6982188778,1.2794885803917828,1411913758763.4766,32012238.255429003,19985276.15703973
2026-02-07,69166.2594424313,1.2542864998384384,1382342675702.2588,35879997.08576124,19985794.90702132
2026-02-08,70522.5892393337,1.278752679408799,1409487469971.348,37465125.53339602,19986326.15697003
2026-02-09,70244.1017773232,1.274890122985872,1403957309313.7195,35780589.342824005,19986835.53196145
2026-02-10,68688.793113384,1.2481033012418763,1372902520801.7815,30909956.9010228,19987285.53194323
2026-02-11,66989.7165920514,1.2182387788490885,1338975460058.4707,32866829.702975217,19987776.15693549
2026-02-12,66221.5443115137,1.205655751536307,1323658033255.9888,36628791.697306015,19988329.28192297
2026-02-13,68860.8411633548,1.2543817127922632,1376445661511.0212,32493709.42395805,19988801.15689779
2026-02-14,69798.0791253653,1.271428434942344,1395216132521.9568,36207753.546283245,19989319.90687007
2026-02-15,68629.9599760374,1.2503520156434709,1371908475474.9832,42250319.110248014,19989935.53185801
2026-02-16,68747.4380286383,1.2529918805039757,1374294450427.176,37596255.17191157,19990482.40684522
2026-02-17,67471.0508465809,1.230359595565078,1348813644678.0337,34789760.59276828,19990998.03180826
2026-02-18,66380.7069611339,1.21146371466258,1327048320483.3745,31738275.515792143,19991476.15677497
2026-02-19,66932.3522118644,1.221844787848528,1338109780371.2932,33257012.505270123,19991973.03175161
2026-02-20,67977.3092612507,1.2419474106076231,1359029636304.5437,29102785.527472954,19992401.15670826
2026-02-21,68020.6677612507,1.2427727388908911,1359921772015.4436,25295185.823715106,19992773.03170125
2026-02-22,67550.0240768556,1.234286313377275,1350546919039.245,34619387.33938849,19993285.53166242
2026-02-23,64689.9123308007,1.1831842972470237,1293393807330.4714,29919084.452995323,19993748.03163321
2026-02-24,64123.7510780245,1.1743319937937022,1282107185703.1086,33063809.149606384,19994263.65658282
2026-02-25,68038.5221794272,1.2461229941727416,1360413320036.062,33168779.56247076,19994751.15653541
2026-02-26,67519.2645292227,1.2368113915864165,1350060432211.2349,29539678.231534928,19995188.65651923
2026-02-27,65864.1358170661,1.2073254705520615,1316994842741.9297,29021384.84439475,19995629.28146219
2026-02-28,66965.6353091759,1.2275612619982268,1339049943507.6392,29925268.27878798,19996076.15645449
2026-03-01,65733.5212597896,1.2052481747995247,1314443104307.3923,30607170.836589526,19996541.78136143
2026-03-02,68922.6242974869,1.263760682233652,1378243428525.1035,29292115.326431926,19996966.78083916
2026-03-03,68431.1740306838,1.2548907532524818,1368444569419.4512,28655554.12534884,19997385.53083797
2026-03-04,72667.4630575687,1.3324599332646212,1453188795466.4492,29521156.867137283,19997791.78083047
2026-03-05,70987.427176505,1.3020998734899651,1419628612459.7888,36824727.84781197,19998310.530821
2026-03-06,68226.7053927528,1.252787494903745,1364449969372.4175,31128434.335443463,19998766.78080593
2026-03-07,67315.5529135009,1.236301300128931,1346255811100.9575,27767665.57681912,19999179.28076545
2026-03-08,66202.6978731736,1.2160004257646573,1324027346015.6562,27722379.734391443,19999598.03076505
2026-03-09,68528.5384699007,1.258828872642114,1370572775964.7288,29552932.21514468,20000029.2807458
2026-03-10,69891.8238576856,1.2838921987216931,1397868664486.2625,30140849.03862692,20000460.5307284
2026-03-11,70298.5753530099,1.2926305604960422,1406034417657.672,30535943.668963674,20000894.90572402
2026-03-12,70538.1074623027,1.297352966463531,1410853709874.8342,28435674.57074077,20001298.0306968
2026-03-13,70930.0132793688,1.30454126489792,1418719155332.7737,26820411.271261327,20001676.15569067
2026-03-14,71136.2179199299,1.3085611269402389,1422872048261.8137,28454487.16797196,20002076.1556846
2026-03-15,72712.1461957919,1.3372863065162932,1454422288833.392,28403182.10773121,20002466.78068161
2026-03-16,74723.9575534775,1.3736647820354706,1494692667729.386,29189045.919327147,20002857.40566783
2026-03-17,74086.013609585,1.3620392217241302,1481961368873.2727,29402886.651304048,20003254.28066414
2026-03-18,71253.9579275278,1.3108271207032425,1425341989865.8489,30950937.974769887,20003688.65566121
2026-03-19,69948.9048267095,1.2873233530441244,1399265405056.8447,29291103.896184605,20004107.40558936
2026-03-20,70510.4196797194,1.2979134579553593,1410527534715.3772,29526238.240882497,20004526.15545956
2026-03-21,69707.285009059,1.2832286394689276,1394491267456.11,30061266.660156693,20004957.40545461
2026-03-22,68018.1534815897,1.2516621596693465,1360734697384.814,34434190.20005479,20005463.65542135
2026-03-23,70726.2110461718,1.3014094083299217,1414946007675.064,35363105.5230859,20005963.65541698
2026-03-24,70610.0187121566,1.3002777489726736,1412649050098.1938,27582038.55943617,20006354.28035915
2026-03-25,71281.2973921683,1.31291879231233,1426112970560.1992,34081370.315630466,20006832.40533844
2026-03-26,68722.9718366452,1.2664072256679189,1374964415213.678,35435282.35327018,20007348.03032055
2026-03-27,66214.1715134424,1.221391534843414,1324801425739.3977,31451731.46888514,20007823.03030771
2026-03-28,66351.0725251315,1.2242821302425808,1327576595348.7966,36078395.68554025,20008366.78029517
2026-03-29,65966.7523939217,1.2173465160210977,1319916662240.1953,29685038.577264763,20008816.7802818
2026-03-30,66651.2320037989,1.2307677885365405,1333640616117.639,28326773.601614527,20009241.78028136
2026-03-31,68214.8680388662,1.2594615926249515,1364956778916.2126,28991318.916518133,20009666.78024669
2026-04-01,68116.8167933957,1.2578004357870882,1363029290305.2295,34484138.50165657,20010173.03024329
2026-04-02,66908.3179918177,1.2361570581529682,1338877338009.6384,30317831.5900424,20010626.15523187
2026-04-03,66891.7422279369,1.2360952901456137,1338573239437.8928,27592843.66902397,20011038.65521455
2026-04-04,67295.1309137931,1.2435879583030514,1346670701697.7043,25235674.092672408,20011413.65521417
2026-04-05,68921.8060911748,1.2731860065048008,1379257017077.334,34245522.40155248,20011910.53021379
2026-04-06,68742.9133085915,1.270093812424762,1375704527882.7625,27497165.3234366,20012310.53020889
2026-04-07,72057.1243614845,1.330703341528385,1442060623269.7576,31074634.88089019,20012741.78019458
2026-04-08,71085.0583702513,1.3129220338742065,1422639794430.0034,32876839.496241223,20013204.28014687
2026-04-09,71788.6797825833,1.325828946125455,1436753818394.9255,32304905.902162485,20013654.28012088
2026-04-10,72945.0707241379,1.3468426562660187,1459925921077.7124,28494168.251616366,20014044.90508795
2026-04-11,73119.1091168907,1.3497406830177825,1463437238442.9136,28105157.566804864,20014429.28008618
2026-04-12,70685.3697019287,1.3049673347970956,1414761571255.0276,34238225.94937172,20014913.65498828
2026-04-13,74632.7455856224,1.3770482398402828,1493802476369.446,34517644.83335036,20015376.1549035
2026-04-14,74173.5083603156,1.3687529040183417,1484648684480.5735,38013923.03466176,20015888.65486228
2026-04-15,74761.964654588,1.3796263886883915,1496456364036.2837,29203892.44319844,20016279.279847
2026-04-16,75095.7442159556,1.3856258612153995,1503173059357.58,35670478.50257891,20016754.27884235
2026-04-17,77114.481438048,1.4223235153878984,1543615604845.24,33978568.3836399,20017194.90372694
2026-04-18,75792.0637510228,1.3980047368399022,1517180750333.2896,36238080.48095778,20017673.0286331
2026-04-19,73905.2041016949,1.3634656752952106,1479446701514.392,36490694.525211856,20018166.77860258
2026-04-20,75814.1453237873,1.3987305546501194,1517691004761.6135,30799496.537788592,20018573.02855363
2026-04-21,76107.4432977791,1.4040391749892125,1523594519498.5874,32107827.64125056,20018994.90352539
2026-04-22,78317.7422720631,1.4451816880881303,1567874544724.6377,32061325.74262584,20019404.27851069
2026-04-23,78233.6837492694,1.4435180102987248,1566221325283.5027,29582111.667692486,20019782.40348588
2026-04-24,77444.269277031,1.4313054086958683,1550453479308.5884,36059987.88211756,20020248.02845462
2026-04-25,77624.7114821742,1.4345741475645932,1554099937821.2412,33960811.27345121,20020685.52844961
2026-04-26,78538.7733573933,1.4512399107371683,1572436652794.8867,36569616.34453625,20021151.15344954
2026-04-27,77256.297159848,1.4274966444382788,1546793319768.878,33316778.15018445,20021582.40341843
2026-04-28,76295.531117183,1.4098968122284417,1527590404144.0068,33140871.329026364,20022016.77838466
2026-04-29,75795.0098530099,1.4012950588480768,1517599040135.243,30081144.535413302,20022413.65333073
2026-04-30,76299.6161285798,1.4109087161770764,1527735856798.6956,33381082.056253664,20022851.15332902
2026-05-01,78132.6437852133,1.4441109410626063,1564476874719.7117,38577992.86894906,20023344.90332184
2026-05-02,78712.5387317358,1.4546787719928145,1576121764068.9802,33452828.96098772,20023769.90330144
2026-05-03,78649.1732893045,1.4532128991393036,1574890307386.7893,37358357.31241964,20024244.90329587
2026-05-04,79826.107817066,1.4734139625232838,1598494701633.0889,37169031.45232136,20024710.52824333
2026-05-05,80936.7548252484,1.49326488273632,1620773025572.6155,37939103.8243352,20025179.27821603
2026-05-06,81364.6201285798,1.5007289347155643,1629376956264.482,35851285.744155474,20025619.90321582
2026-05-07,79988.9987343659,1.4754077327071486,1601864780211.2744,35495118.18837487,20026063.65321411
2026-05-08,80179.6922957335,1.4788069377076725,1605720454154.296,36832546.14835258,20026523.02819749
2026-05-09,80663.6296519579,1.4875564619691928,1615455141384.5083,43104627.095265,20027057.40312911
2026-05-10,82256.781137931,1.5165762999799848,1647399835510.1553,38557866.15840516,20027526.1531051
2026-05-11,81714.7420499708,1.5062797314103844,1636586267659.3313,42134163.869516194,20028041.77804923
2026-05-12,80525.563024547,1.4843434176790684,1612803060535.8352,33720079.51652905,20028460.52804619
2026-05-13,79291.9110017534,1.4616979219598496,1588129352111.7424,34442423.84138664,20028894.90299488
2026-05-14,81175.8271116306,1.496291810555883,1625900414724.604,38304843.41830069,20029366.7779783
2026-05-15,79063.4145756868,1.4576482075977495,1583625954865.0425,35825609.72960808,20029819.90297231
2026-05-16,78164.4952711864,1.4411207320741923,1565657646957.8728,36883871.20609108,20030291.77794765
2026-05-17,77497.697113384,1.4288785719516937,1552335390540.52,33905242.4871055,20030729.27792107
2026-05-18,76975.9111998831,1.419569255459985,1541917315110.889,33676961.14994886,20031166.77770786
2026-05-19,76807.460956166,1.4170368263075273,1538577143495.5376,34083310.79929867,20031610.52770125
2026-05-20,77408.1722089421,1.4282474320399443,1550647126229.1887,36768881.799247496,20032085.52765776
2026-05-21,77595.3861717446,1.4318398636638516,1554428208011.9185,30795668.88691113,20032482.40264502
2026-05-22,75567.5430431093,1.3951977957217805,1513842315397.03,36839177.23351578,20032969.90261312
2026-05-23,76619.8666090415,1.4145646606056597,1534962749402.782,39267681.63713377,20033482.40261292
2026-05-24,76950.9896316365,1.4206921481906591,1541627798460.404,31501811.38045119,20033891.77761272
2026-05-25,77244.5722896786,1.425980680386381,1547549230891.9795,39829232.58686553,20034407.40261258
2026-05-26,75816.0412797019,1.4000760710265765,1518962391243.4812,32932592.93087051,20034841.77760875
2026-05-27,74268.7756418995,1.3720698989749525,1487995661586.5725,32492589.34333103,20035279.2775421
2026-05-28,73500.5305338925,1.359302863594602,1472640865932.4536,37209643.58278308,20035785.52747168
2026-05-29,73322.8951406751,1.3570300412340588,1469113880052.4087,32078766.62404536,20036223.0273888
2026-05-30,73731.4811337376,1.3648020345772152,1477333118477.007,32718344.75309606,20036666.77734781
2026-05-31,73599.5607413209,1.3623994613070085,1474722993333.1416,33119802.333594404,20037116.7773178
2026-06-01,71328.7312172998,1.321374781897173,1429252208777.4937,30091808.48229836,20037538.65217847
2026-06-02,66540.6926785798,1.23601499491039,1333334574845.5205,22873363.10826181,20037882.40206787
2026-06-03,64232.5802701052,1.1956320534404263,1287106568324.686,21678495.841160502,20038219.90199146
2026-06-04,63639.2504696786,1.1858932878748485,1275245535217.7324,28239917.39591988,20038663.65185009
2026-06-05,60907.6055536879,1.1367970410942183,1220532716918.295,25695396.09296208,20039085.52672356
2026-06-06,60771.611314325,1.1346458274405713,1217830685900.8335,23169176.813586406,20039466.77671468
2026-06-07,63158.25397737,1.178976675309288,1265680824489.338,23092236.610475905,20039832.40168165
2026-06-08,63109.6166975745,1.1785132598364798,1264731188110.3977,25046629.12684988,20040229.27553298
2026-06-09,61640.4602024664,1.1517566167396358,1235312840780.629,23885678.32845573,20040616.7754601
2026-06-10,61435.0773408358,1.148835844703938,1231221031281.3015,24190061.70295409,20041010.51994462
2026-06-11,63475.3191592987,1.1875449707608752,1272136317475.4224,26778650.270329136,20041432.39174345
2026-06-12,63475.6376139684,1.1877855212466688,1272171858771.6943,29159121.02891673,20041891.76497128
2026-06-13,64423.5445433314,1.205481911068106,1291194670976.3716,24964123.51054092,20042279.26496518
2026-06-14,65615.3266107481,1.2276315476665296,1315110636985.601,29936992.76615382,20042735.51493958
2026-06-15,66222.5866309585,1.2393546167038156,1327312830793.6953,31041837.4832618,20043204.26489031
2026-06-16,65638.1446884863,1.2287326760856152,1315631970870.5012,33229310.748546187,20043710.51489026
2026-06-17,64400.725126242,1.2059072762898515,1290856056678.525,26565299.114574824,20044123.0148902
2026-06-18,62835.2224827586,1.1772253837760067,1259509328523.998,32399411.592672404,20044638.63989016
2026-06-19,63307.2784012274,1.186374409712872,1269001391949.4155,29873121.995579176,20045110.51488848
2026-06-20,64220.5363933372,1.2034610271445665,1287338856151.9695,31106822.315522704,20045594.88988525
2026-06-21,63365.4368950906,1.186796520860484,1270224412296.2715,26534276.69981919,20046013.63988521
2026-06-22,63923.5748693746,1.197421605598321,1281444016484.4536,31162742.74882012,20046501.13988518
2026-06-23,62593.34893045,1.1731976651833005,1254811480199.2996,33839529.26552453,20047041.7646701
2026-06-24,60908.1877729398,1.14232532504498,1221058486497.9429,29502403.452517714,20047526.13967006
2026-06-25,59863.4211537113,1.12407957629493,1200145302830.9937,31802442.487909127,20048057.38966005
2026-06-26,59961.5113755114,1.1270469384410169,1202140865082.822,29043857.07251333,20048541.76463909
2026-06-27,59955.5660201637,1.127011418515148,1202053146049.6602,31476672.160585944,20049066.76463361
2026-06-28,59516.6736531268,1.1189318202539256,1193277756338.61,23992659.06641674,20049469.88961839
2026-06-29,60175.460563121,1.1322838457186375,1206509590693.4893,23506039.28246914,20049860.51461828
2026-06-30,58525.0753614845,1.1027805682008869,1173446848343.18,27250738.21519122,20050326.13961277
2026-07-01,60065.5999105786,1.1321108720363224,1204361709793.5176,26841814.96003981,20050773.01461212
2026-07-02,61438.1894114553,1.1581855624958048,1231908341575.8325,25151258.790314514,20051182.3895992
2026-07-03,62564.6141320865,1.1792987088316838,1254524011767.2737,29522677.29357832,20051654.26448121
2026-07-04,63090.4092688486,1.1891572189350943,1265097436323.0315,30362259.46063339,20052135.51448118
2026-07-05,63619.8810414962,1.1990647636450065,1275739924003.0469,25447952.41659848,20052535.51434563
2026-07-06,64063.0612583285,1.2073954618124445,1284650033900.0369,23222859.70614408,20052898.01434561
2026-07-07,63458.1205143191,1.196288648174336,1272546981565.5403,27762927.72501461,20053335.51091219
2026-07-08,62214.0424511981,1.173170745233849,1247624924474.5913,25857711.393779207,20053751.13589914
2026-07-09,63189.3864307423,1.1916595724436172,1267208913265.61,24683354.07450871,20054141.76088755
2026-07-10,64118.6200949737,1.2097400850398004,1285869945086.505,26048189.413583063,20054548.01088748
2026-07-11,63892.7086899474,1.2054984500945254,1281367147363.528,27753395.3371959,20054982.38588737
2026-07-12,63752.2716569258,1.2028364345302107,1278579373662.1953,28688522.24561661,20055432.38588731
2026-07-13,62126.5323722969,1.174318418220534,1246003008738.0476,28539375.80852389,20055891.7608873
2026-07-14,64934.4426034483,1.2276267731645216,1302349402108.099,31249700.502909493,20056373.01087634
2026-07-15,64765.0553211572,1.2245682153726964,1298980442301.2866,28334711.703006275,20056810.51085184
2026-07-16,63780.1417434249,1.2064208959075768,1279250334168.872,24116866.09673254,20057188.63584605
2026-07-17,63915.9181496201,1.2091270996686685,1281998993789.7827,25366630.01563048,20057585.51083886
2026-07-18,64777.6617481005,1.225397192666522,1299317093110.1172,33603412.03182713,20058104.26073642
2026-07-19,64653.0497457627,1.2229930312358035,1296850949302.7231,33336728.77515889,20058619.88571881
2026-07-20,65181.9241548802,1.2327473883123754,1307489179295.059,29739252.89566409,20059076.13571372
2026-07-21,66403.0964649328,1.2553791423473124,1332013403971.4944,28636335.35050227,20059507.38569737
2026-07-22,65983.1860485096,1.2476042702123693,1323613920578.0469,23712707.486183137,20059866.76067674
2026-07-23,65094.4103909994,1.230958318826041,1305812050750.5315,26851444.286287248,20060279.2606458
2026-07-24,64100.1140327294,1.2125716215451372,1285897036312.139,30848179.878251024,20060760.5105907
2026-07-25,64331.3274596727,1.2164163415587756,1290563096381.0725,27742884.966983847,20061191.76057864
2026-07-26,65328.7891218585,1.2352156606776297,1310603172319.879,29806260.03684794,20061648.01057611
2026-07-27,63718.2437025132,1.2052013444237608,1278320455504.5225,27478492.596708816,20062079.26057608
2026-07-28,63728.4501987142,1.205490199335648,1278550511268.8916,25292228.672614697,20062476.13557513
2026-07-29,63904.6444991233,1.2088544364298526,1282113962604.0825,28557388.010545723,20062923.0105751
2026-07-30,64827.5701659848,1.2262799635545538,1300661544884.788,30995681.98561148,20063401.13557501
2026-07-31,62875.1789333723,1.189970381191086,1261520784545.8691,30848134.664185785,20063891.76057344
2026-08-01,62751.8791487434,1.1887286460199475,1259079071351.0227,32160338.063730992,20064404.26057322
2026-08-02,63445.6829658095,1.201895276659115,1273028382171.4187,28550557.33461428,20064854.26057193
2026-08-03,63460.0481116306,1.2028012046866423,1273346363617.1675,29746897.552326843,20065323.01042797
2026-08-04,64161.470880187,1.2162144313735614,1287448909177.3933,28271148.1065824,20065763.63533705
2026-08-05,64610.3074430158,1.2251059832401532,1296483828380.648,28670823.92783826,20066207.38531704
2026-08-06,64212.2673161894,1.2175780136267051,1288522357554.1013,25684906.92647576,20066607.38530307
2026-08-07,64869.1683985973,1.2302038699452365,1301736162817.6543,32029151.896807417,20067101.13530302
2026-08-08,64906.9568167738,1.2308097221233911,1302523472123.2698,29005296.32749579,20067548.01030297
2026-08-09,64864.9272893045,1.2301135746614489,1301709029077.309,28986514.38240795,20067994.88530293
2026-08-10,63907.7478731736,1.2122143561693552,1282528117378.0562,27759927.982409783,20068429.26030288
2026-08-11,63547.4365920514,1.2056671434624349,1275322853481.5354,25617560.37617072,20068832.38530277
2026-08-12,63359.3968950906,1.2025578842369824,1271577034025.6008,27917734.256899294,20069273.00982767
2026-08-13,63395.0080067212,1.2034349432766869,1272320647119.4993,28923972.40306655,20069729.25982763
2026-08-14,62924.7014248977,1.1947029600977743,1262911020666.6528,29299314.100967992,20070194.88481754
2026-08-15,63034.4329655173,1.1968106310165283,1265141916548.0747,28562477.437500022,20070648.00979752
2026-08-16,62818.4112106955,1.1930314938000863,1260837825457.5718,31605513.14038117,20071151.13479503
2026-08-17,64434.1397083577,1.2236699946656513,1293299170683.4204,31814356.48100161,20071644.88479494
2026-08-18,64696.1814053185,1.2289337251062162,1298588902729.292,30124159.466851424,20072110.50979492
2026-08-19,69267.8268869083,1.3153366802811952,1390378100868.326,26624820.95965537,20072494.88479491
2026-08-20,73070.9310248627,1.3860716250273328,1466744889247.8845,29000025.750492383,20072891.75977268
2026-08-21,78359.170712256,1.4837222213757244,1572928699609.4883,33547519.9611846,20073319.88473265
2026-08-22,77020.1308082058,1.457789242610116,1546085345087.5603,35621810.49879518,20073782.38473258
2026-08-23,77593.0280291116,1.46827076853139,1557618536265.2544,32977036.91237243,20074207.38472614
2026-08-24,78894.4979810754,1.4906241300604754,1583779523411.5369,35009433.47910221,20074651.13462591
2026-08-25,78601.4032035769,1.4841414889259588,1577930627368.6829,34879372.67158725,20075094.88452588
2026-08-26,78955.0443928229,1.4897680338170811,1585067511435.8,37503646.08659088,20075569.88442254
2026-08-27,80297.3961619871,1.5141302388161948,1612052623865.5227,36635686.998906605,20076026.13431531
2026-08-28,77716.5892479486,1.4651371083208935,1560272334888.3955,32058093.0647788,20076438.63410514
2026-08-29,78243.9320870076,1.4749970333791464,1570895199827.6985,35698794.01469722,20076894.88407684
2026-08-30,77689.1906069491,1.4644329798692255,1559797286369.173,39572931.465414695,20077404.25898649
2026-08-31,78533.8892895967,1.4796409564924895,1576793946886.3965,37303597.41255843,20077879.25887522
2026-09-01,77407.7011547107,1.4582915280644972,1554216827150.6787,34349667.38740288,20078323.00877076
2026-09-02,77188.7006046172,1.4540047264410356,1549852709768.4182,33046412.446351737,20078751.13363044
2026-09-03,81243.2439279778,1.5290840959037997,1631303497729.1897,40621621.9639889,20079251.13348922
2026-09-04,79681.5555543542,1.4994772602283517,1599981572367.615,35607695.13835204,20079698.00835777
2026-09-05,79817.3237329047,1.5014873871529573,1602744671894.3184,36915512.226468414,20080160.50823296
2026-09-06,80319.9731380596,1.510496045367412,1612879367590.6265,41414986.14931198,20080676.1329252
2026-09-07,79073.0209832028,1.486935906918574,1587874072538.3408,34347343.48957872,20081110.50766161
2026-09-08,78445.6833851549,1.4749397123779049,1575309040880.3767,32603987.156955004,20081526.13249449
2026-09-09,78207.4846148861,1.470283096022392,1570564994172.226,39348140.69686457,20082029.25725197
2026-09-10,76675.7738575336,1.441273877895907,1539837241862.0305,32107980.3028422,20082448.0066299
2026-09-11,77176.8177780772,1.450646104253558,1549938259884.995,38829586.44459509,20082951.13102305
2026-09-12,77252.4105082525,1.451919484146061,1551494286917.6147,37901963.90561137,20083441.75554077
2026-09-13,76759.2585653887,1.4425969688432871,1541626319340.572,36220775.1355428,20083913.63013637
2026-09-14,78278.7924649912,1.4708720897628087,1572181200102.6987,36693183.96796464,20084382.37988698
2026-09-15,75650.4287918118,1.4217417114153472,1519430673477.394,38534437.16582914,20084891.75466317
2026-09-16,76082.3769918527,1.4299286407994745,1528138641304.683,32335010.2215374,20085316.75434279
2026-09-17,76386.9018813968,1.4358494332162952,1534289255564.7043,34135396.7782492,20085763.62930572
2026-09-18,80944.1551838106,1.5201481085097208,1625863616660.6191,38448473.71231004,20086238.6291951
2026-09-19,81262.3455507422,1.525664629301578,1632287115291.4768,32250993.39045081,20086635.50416763
2026-09-20,81194.7440397662,1.5241896654514715,1630968303348.0608,39074970.56913748,20087116.75412478
2026-09-21,86505.297748235,1.6209607997541753,1737682294733.746,40279029.26402192,20087582.37895552
2026-09-22,86205.2717985915,1.6121513106878018,1731692944156.587,37445414.93751319,20088016.75380694
2026-09-23,84434.3188651724,1.5785960551637932,1696152049521.8313,34037584.792522624,20088419.87853665
2026-09-24,84386.5778094565,1.577304652515512,1695229926223.2925,36919127.79163722,20088857.37790071
2026-09-25,84062.1558929047,1.5704997524563802,1688747861588.4382,35201027.78015384,20089276.12729687
2026-09-26,84386.4961173115,1.5762645647355815,1695304232913.6008,40611001.25645616,20089757.37725668
2026-09-27,84392.4723819229,1.5761995497530064,1695462798671.2217,38504065.52425232,20090213.62709116
2026-09-28,83516.7629809001,1.5588616675432228,1677912673041.5608,43063330.91202661,20090729.25186638
2026-09-29,83674.6569854062,1.561016184202416,1681126454579.748,41575845.189623706,20091226.12684215
2026-09-30,83579.6739176914,1.5589841836602305,1679254955567.016,36827293.81998277,20091666.7516642
2026-10-01,84777.2412468031,1.580581704523888,1703352109574.7927,36030327.52989132,20092091.75155868
2026-10-02,84517.5188820339,1.574737386059324,1698170984511.1855,37240531.757396184,20092532.3764109
2026-10-03,84756.1407678667,1.578908906532432,1703000994102.1519,35491633.94654418,20092951.12629532
2026-10-04,86520.8001186441,1.6110653089156863,1738496872160.7417,38663982.55301908,20093398.00113705
2026-10-05,85834.5284942957,1.5967297200534236,1724754820477.8298,47477223.57340731,20093951.1258858
2026-10-06,85523.2317733255,1.5905028199924225,1718541064685.3647,41425315.390204534,20094435.50075681
2026-10-07,83273.7243755582,1.547891101815147,1673378558826.974,40075479.85573737,20094916.75045256
2026-10-08,81731.8801367154,1.5191712124119183,1642430829482.5757,35502285.434385754,20095351.12535319
2026-10-09,82562.555254436,1.534318426548542,1659161206793.666,37669165.83483642,20095807.37515414
